"NIL";"Anno";"Famiglie"
"Duomo (1)";"1999";11115
"Duomo (1)";"2000";11026
"Duomo (1)";"2001";11109
"Duomo (1)";"2002";10660
"Duomo (1)";"2003";9852
"Duomo (1)";"2004";9923
"Duomo (1)";"2005";9928
"Duomo (1)";"2006";9769
"Duomo (1)";"2007";9580
"Duomo (1)";"2008";9413
"Duomo (1)";"2009";9432
"Duomo (1)";"2010";9517
"Duomo (1)";"2011";9568
"Duomo (1)";"2012";9654
"Duomo (1)";"2013";9356
"Duomo (1)";"2014";9089
"Duomo (1)";"2015";9214
"Duomo (1)";"2016";9330
"Duomo (1)";"2017";9352
"Duomo (1)";"2018";9377
"Duomo (1)";"2019";9487
"Duomo (1)";"2020";9216
"Duomo (1)";"2021";9118
"Duomo (1)";"2022";9123
"Duomo (1)";"2023";9266
"Brera (2)";"1999";10702
"Brera (2)";"2000";10754
"Brera (2)";"2001";10934
"Brera (2)";"2002";10879
"Brera (2)";"2003";9852
"Brera (2)";"2004";10118
"Brera (2)";"2005";10169
"Brera (2)";"2006";10128
"Brera (2)";"2007";10048
"Brera (2)";"2008";10027
"Brera (2)";"2009";10067
"Brera (2)";"2010";10132
"Brera (2)";"2011";10196
"Brera (2)";"2012";10289
"Brera (2)";"2013";10142
"Brera (2)";"2014";10121
"Brera (2)";"2015";10115
"Brera (2)";"2016";10114
"Brera (2)";"2017";10291
"Brera (2)";"2018";10466
"Brera (2)";"2019";10544
"Brera (2)";"2020";10564
"Brera (2)";"2021";10262
"Brera (2)";"2022";10449
"Brera (2)";"2023";10694
"Giardini P.ta Venezia (3)";"1999";21
"Giardini P.ta Venezia (3)";"2000";21
"Giardini P.ta Venezia (3)";"2001";20
"Giardini P.ta Venezia (3)";"2002";21
"Giardini P.ta Venezia (3)";"2003";16
"Giardini P.ta Venezia (3)";"2004";16
"Giardini P.ta Venezia (3)";"2005";17
"Giardini P.ta Venezia (3)";"2006";18
"Giardini P.ta Venezia (3)";"2007";18
"Giardini P.ta Venezia (3)";"2008";18
"Giardini P.ta Venezia (3)";"2009";18
"Giardini P.ta Venezia (3)";"2010";18
"Giardini P.ta Venezia (3)";"2011";21
"Giardini P.ta Venezia (3)";"2012";23
"Giardini P.ta Venezia (3)";"2013";19
"Giardini P.ta Venezia (3)";"2014";19
"Giardini P.ta Venezia (3)";"2015";22
"Giardini P.ta Venezia (3)";"2016";21
"Giardini P.ta Venezia (3)";"2017";20
"Giardini P.ta Venezia (3)";"2018";21
"Giardini P.ta Venezia (3)";"2019";24
"Giardini P.ta Venezia (3)";"2020";20
"Giardini P.ta Venezia (3)";"2021";22
"Giardini P.ta Venezia (3)";"2022";22
"Giardini P.ta Venezia (3)";"2023";22
"Guastalla (4)";"1999";8765
"Guastalla (4)";"2000";8726
"Guastalla (4)";"2001";8786
"Guastalla (4)";"2002";8748
"Guastalla (4)";"2003";7980
"Guastalla (4)";"2004";8181
"Guastalla (4)";"2005";8239
"Guastalla (4)";"2006";8216
"Guastalla (4)";"2007";8143
"Guastalla (4)";"2008";8111
"Guastalla (4)";"2009";8133
"Guastalla (4)";"2010";8218
"Guastalla (4)";"2011";8286
"Guastalla (4)";"2012";8447
"Guastalla (4)";"2013";8238
"Guastalla (4)";"2014";8151
"Guastalla (4)";"2015";8132
"Guastalla (4)";"2016";8144
"Guastalla (4)";"2017";8179
"Guastalla (4)";"2018";8266
"Guastalla (4)";"2019";8475
"Guastalla (4)";"2020";8396
"Guastalla (4)";"2021";8372
"Guastalla (4)";"2022";8457
"Guastalla (4)";"2023";8637
"Porta Vigentina - Porta Lodovica (5)";"1999";7359
"Porta Vigentina - Porta Lodovica (5)";"2000";7438
"Porta Vigentina - Porta Lodovica (5)";"2001";7553
"Porta Vigentina - Porta Lodovica (5)";"2002";7564
"Porta Vigentina - Porta Lodovica (5)";"2003";7052
"Porta Vigentina - Porta Lodovica (5)";"2004";7300
"Porta Vigentina - Porta Lodovica (5)";"2005";7247
"Porta Vigentina - Porta Lodovica (5)";"2006";7172
"Porta Vigentina - Porta Lodovica (5)";"2007";7080
"Porta Vigentina - Porta Lodovica (5)";"2008";7060
"Porta Vigentina - Porta Lodovica (5)";"2009";7102
"Porta Vigentina - Porta Lodovica (5)";"2010";7205
"Porta Vigentina - Porta Lodovica (5)";"2011";7299
"Porta Vigentina - Porta Lodovica (5)";"2012";7508
"Porta Vigentina - Porta Lodovica (5)";"2013";7385
"Porta Vigentina - Porta Lodovica (5)";"2014";7213
"Porta Vigentina - Porta Lodovica (5)";"2015";7223
"Porta Vigentina - Porta Lodovica (5)";"2016";7229
"Porta Vigentina - Porta Lodovica (5)";"2017";7287
"Porta Vigentina - Porta Lodovica (5)";"2018";7364
"Porta Vigentina - Porta Lodovica (5)";"2019";7483
"Porta Vigentina - Porta Lodovica (5)";"2020";7406
"Porta Vigentina - Porta Lodovica (5)";"2021";7310
"Porta Vigentina - Porta Lodovica (5)";"2022";7365
"Porta Vigentina - Porta Lodovica (5)";"2023";7531
"Porta Ticinese - Conca del Naviglio (6)";"1999";12195
"Porta Ticinese - Conca del Naviglio (6)";"2000";12228
"Porta Ticinese - Conca del Naviglio (6)";"2001";12474
"Porta Ticinese - Conca del Naviglio (6)";"2002";12362
"Porta Ticinese - Conca del Naviglio (6)";"2003";11367
"Porta Ticinese - Conca del Naviglio (6)";"2004";11803
"Porta Ticinese - Conca del Naviglio (6)";"2005";11839
"Porta Ticinese - Conca del Naviglio (6)";"2006";11781
"Porta Ticinese - Conca del Naviglio (6)";"2007";11676
"Porta Ticinese - Conca del Naviglio (6)";"2008";11652
"Porta Ticinese - Conca del Naviglio (6)";"2009";11597
"Porta Ticinese - Conca del Naviglio (6)";"2010";11721
"Porta Ticinese - Conca del Naviglio (6)";"2011";11808
"Porta Ticinese - Conca del Naviglio (6)";"2012";11940
"Porta Ticinese - Conca del Naviglio (6)";"2013";11794
"Porta Ticinese - Conca del Naviglio (6)";"2014";11415
"Porta Ticinese - Conca del Naviglio (6)";"2015";11420
"Porta Ticinese - Conca del Naviglio (6)";"2016";11407
"Porta Ticinese - Conca del Naviglio (6)";"2017";11510
"Porta Ticinese - Conca del Naviglio (6)";"2018";11624
"Porta Ticinese - Conca del Naviglio (6)";"2019";11980
"Porta Ticinese - Conca del Naviglio (6)";"2020";12042
"Porta Ticinese - Conca del Naviglio (6)";"2021";12003
"Porta Ticinese - Conca del Naviglio (6)";"2022";12136
"Porta Ticinese - Conca del Naviglio (6)";"2023";12479
"Magenta - S.Vittore (7)";"1999";9747
"Magenta - S.Vittore (7)";"2000";9821
"Magenta - S.Vittore (7)";"2001";9892
"Magenta - S.Vittore (7)";"2002";9832
"Magenta - S.Vittore (7)";"2003";9220
"Magenta - S.Vittore (7)";"2004";9437
"Magenta - S.Vittore (7)";"2005";9462
"Magenta - S.Vittore (7)";"2006";9356
"Magenta - S.Vittore (7)";"2007";9280
"Magenta - S.Vittore (7)";"2008";9198
"Magenta - S.Vittore (7)";"2009";9162
"Magenta - S.Vittore (7)";"2010";9245
"Magenta - S.Vittore (7)";"2011";9278
"Magenta - S.Vittore (7)";"2012";9354
"Magenta - S.Vittore (7)";"2013";9153
"Magenta - S.Vittore (7)";"2014";8958
"Magenta - S.Vittore (7)";"2015";9029
"Magenta - S.Vittore (7)";"2016";9083
"Magenta - S.Vittore (7)";"2017";9171
"Magenta - S.Vittore (7)";"2018";9413
"Magenta - S.Vittore (7)";"2019";9526
"Magenta - S.Vittore (7)";"2020";9497
"Magenta - S.Vittore (7)";"2021";9476
"Magenta - S.Vittore (7)";"2022";9621
"Magenta - S.Vittore (7)";"2023";9830
"Parco Sempione (8)";"1999";5
"Parco Sempione (8)";"2000";3
"Parco Sempione (8)";"2001";3
"Parco Sempione (8)";"2002";3
"Parco Sempione (8)";"2003";2
"Parco Sempione (8)";"2004";2
"Parco Sempione (8)";"2005";2
"Parco Sempione (8)";"2006";1
"Parco Sempione (8)";"2007";1
"Parco Sempione (8)";"2008";1
"Parco Sempione (8)";"2009";1
"Parco Sempione (8)";"2010";1
"Parco Sempione (8)";"2011";1
"Parco Sempione (8)";"2012";1
"Parco Sempione (8)";"2013";1
"Parco Sempione (8)";"2014";1
"Parco Sempione (8)";"2015";1
"Parco Sempione (8)";"2016";1
"Parco Sempione (8)";"2017";1
"Parco Sempione (8)";"2018";1
"Parco Sempione (8)";"2019";1
"Porta Garibaldi - Porta Nuova (9)";"1999";3467
"Porta Garibaldi - Porta Nuova (9)";"2000";3500
"Porta Garibaldi - Porta Nuova (9)";"2001";3550
"Porta Garibaldi - Porta Nuova (9)";"2002";3287
"Porta Garibaldi - Porta Nuova (9)";"2003";3023
"Porta Garibaldi - Porta Nuova (9)";"2004";3197
"Porta Garibaldi - Porta Nuova (9)";"2005";3226
"Porta Garibaldi - Porta Nuova (9)";"2006";3125
"Porta Garibaldi - Porta Nuova (9)";"2007";3077
"Porta Garibaldi - Porta Nuova (9)";"2008";3028
"Porta Garibaldi - Porta Nuova (9)";"2009";3030
"Porta Garibaldi - Porta Nuova (9)";"2010";3085
"Porta Garibaldi - Porta Nuova (9)";"2011";3075
"Porta Garibaldi - Porta Nuova (9)";"2012";3161
"Porta Garibaldi - Porta Nuova (9)";"2013";3068
"Porta Garibaldi - Porta Nuova (9)";"2014";3106
"Porta Garibaldi - Porta Nuova (9)";"2015";3124
"Porta Garibaldi - Porta Nuova (9)";"2016";3257
"Porta Garibaldi - Porta Nuova (9)";"2017";3323
"Porta Garibaldi - Porta Nuova (9)";"2018";3422
"Porta Garibaldi - Porta Nuova (9)";"2019";3475
"Porta Garibaldi - Porta Nuova (9)";"2020";3505
"Porta Garibaldi - Porta Nuova (9)";"2021";3518
"Porta Garibaldi - Porta Nuova (9)";"2022";3587
"Porta Garibaldi - Porta Nuova (9)";"2023";3607
"Stazione Centrale - Ponte Seveso (10)";"1999";9432
"Stazione Centrale - Ponte Seveso (10)";"2000";9531
"Stazione Centrale - Ponte Seveso (10)";"2001";9689
"Stazione Centrale - Ponte Seveso (10)";"2002";9497
"Stazione Centrale - Ponte Seveso (10)";"2003";8470
"Stazione Centrale - Ponte Seveso (10)";"2004";9009
"Stazione Centrale - Ponte Seveso (10)";"2005";9121
"Stazione Centrale - Ponte Seveso (10)";"2006";9103
"Stazione Centrale - Ponte Seveso (10)";"2007";9129
"Stazione Centrale - Ponte Seveso (10)";"2008";9088
"Stazione Centrale - Ponte Seveso (10)";"2009";9340
"Stazione Centrale - Ponte Seveso (10)";"2010";9553
"Stazione Centrale - Ponte Seveso (10)";"2011";9823
"Stazione Centrale - Ponte Seveso (10)";"2012";10294
"Stazione Centrale - Ponte Seveso (10)";"2013";10168
"Stazione Centrale - Ponte Seveso (10)";"2014";9999
"Stazione Centrale - Ponte Seveso (10)";"2015";10315
"Stazione Centrale - Ponte Seveso (10)";"2016";10532
"Stazione Centrale - Ponte Seveso (10)";"2017";10975
"Stazione Centrale - Ponte Seveso (10)";"2018";11687
"Stazione Centrale - Ponte Seveso (10)";"2019";11675
"Stazione Centrale - Ponte Seveso (10)";"2020";11311
"Stazione Centrale - Ponte Seveso (10)";"2021";11106
"Stazione Centrale - Ponte Seveso (10)";"2022";11015
"Stazione Centrale - Ponte Seveso (10)";"2023";10602
"Isola (11)";"1999";11647
"Isola (11)";"2000";11879
"Isola (11)";"2001";12168
"Isola (11)";"2002";11819
"Isola (11)";"2003";11294
"Isola (11)";"2004";12010
"Isola (11)";"2005";12271
"Isola (11)";"2006";12109
"Isola (11)";"2007";12057
"Isola (11)";"2008";11972
"Isola (11)";"2009";12184
"Isola (11)";"2010";12421
"Isola (11)";"2011";12689
"Isola (11)";"2012";13092
"Isola (11)";"2013";12917
"Isola (11)";"2014";12910
"Isola (11)";"2015";13066
"Isola (11)";"2016";13148
"Isola (11)";"2017";13289
"Isola (11)";"2018";13459
"Isola (11)";"2019";13577
"Isola (11)";"2020";13408
"Isola (11)";"2021";13283
"Isola (11)";"2022";13332
"Isola (11)";"2023";13623
"Maciachini - Maggiolina (12)";"1999";13066
"Maciachini - Maggiolina (12)";"2000";13214
"Maciachini - Maggiolina (12)";"2001";13286
"Maciachini - Maggiolina (12)";"2002";13031
"Maciachini - Maggiolina (12)";"2003";12518
"Maciachini - Maggiolina (12)";"2004";12969
"Maciachini - Maggiolina (12)";"2005";13051
"Maciachini - Maggiolina (12)";"2006";13107
"Maciachini - Maggiolina (12)";"2007";13106
"Maciachini - Maggiolina (12)";"2008";13120
"Maciachini - Maggiolina (12)";"2009";13362
"Maciachini - Maggiolina (12)";"2010";13721
"Maciachini - Maggiolina (12)";"2011";14016
"Maciachini - Maggiolina (12)";"2012";14417
"Maciachini - Maggiolina (12)";"2013";14166
"Maciachini - Maggiolina (12)";"2014";13994
"Maciachini - Maggiolina (12)";"2015";14039
"Maciachini - Maggiolina (12)";"2016";14128
"Maciachini - Maggiolina (12)";"2017";14217
"Maciachini - Maggiolina (12)";"2018";14266
"Maciachini - Maggiolina (12)";"2019";14416
"Maciachini - Maggiolina (12)";"2020";14365
"Maciachini - Maggiolina (12)";"2021";14364
"Maciachini - Maggiolina (12)";"2022";14572
"Maciachini - Maggiolina (12)";"2023";15037
"Greco - Segnano (13)";"1999";6796
"Greco - Segnano (13)";"2000";6813
"Greco - Segnano (13)";"2001";7023
"Greco - Segnano (13)";"2002";6962
"Greco - Segnano (13)";"2003";6750
"Greco - Segnano (13)";"2004";7146
"Greco - Segnano (13)";"2005";7298
"Greco - Segnano (13)";"2006";7351
"Greco - Segnano (13)";"2007";7373
"Greco - Segnano (13)";"2008";7366
"Greco - Segnano (13)";"2009";7526
"Greco - Segnano (13)";"2010";7688
"Greco - Segnano (13)";"2011";7851
"Greco - Segnano (13)";"2012";8149
"Greco - Segnano (13)";"2013";8123
"Greco - Segnano (13)";"2014";8068
"Greco - Segnano (13)";"2015";8115
"Greco - Segnano (13)";"2016";8192
"Greco - Segnano (13)";"2017";8309
"Greco - Segnano (13)";"2018";8566
"Greco - Segnano (13)";"2019";8720
"Greco - Segnano (13)";"2020";8774
"Greco - Segnano (13)";"2021";8791
"Greco - Segnano (13)";"2022";8919
"Greco - Segnano (13)";"2023";9213
"Niguarda - Ca� Granda - Prato Centenaro - Q.re Fulvio Testi (14)";"1999";17036
"Niguarda - Ca� Granda - Prato Centenaro - Q.re Fulvio Testi (14)";"2000";17204
"Niguarda - Ca� Granda - Prato Centenaro - Q.re Fulvio Testi (14)";"2001";17351
"Niguarda - Ca� Granda - Prato Centenaro - Q.re Fulvio Testi (14)";"2002";17213
"Niguarda - Ca� Granda - Prato Centenaro - Q.re Fulvio Testi (14)";"2003";16997
"Niguarda - Ca� Granda - Prato Centenaro - Q.re Fulvio Testi (14)";"2004";17481
"Niguarda - Ca� Granda - Prato Centenaro - Q.re Fulvio Testi (14)";"2005";17741
"Niguarda - Ca� Granda - Prato Centenaro - Q.re Fulvio Testi (14)";"2006";17777
"Niguarda - Ca� Granda - Prato Centenaro - Q.re Fulvio Testi (14)";"2007";17782
"Niguarda - Ca� Granda - Prato Centenaro - Q.re Fulvio Testi (14)";"2008";17908
"Niguarda - Ca� Granda - Prato Centenaro - Q.re Fulvio Testi (14)";"2009";18252
"Niguarda - Ca� Granda - Prato Centenaro - Q.re Fulvio Testi (14)";"2010";18426
"Niguarda - Ca� Granda - Prato Centenaro - Q.re Fulvio Testi (14)";"2011";18686
"Niguarda - Ca� Granda - Prato Centenaro - Q.re Fulvio Testi (14)";"2012";19056
"Niguarda - Ca� Granda - Prato Centenaro - Q.re Fulvio Testi (14)";"2013";19059
"Niguarda - Ca� Granda - Prato Centenaro - Q.re Fulvio Testi (14)";"2014";18914
"Niguarda - Ca� Granda - Prato Centenaro - Q.re Fulvio Testi (14)";"2015";18812
"Niguarda - Ca� Granda - Prato Centenaro - Q.re Fulvio Testi (14)";"2016";18809
"Niguarda - Ca� Granda - Prato Centenaro - Q.re Fulvio Testi (14)";"2017";18971
"Niguarda - Ca� Granda - Prato Centenaro - Q.re Fulvio Testi (14)";"2018";19055
"Niguarda - Ca� Granda - Prato Centenaro - Q.re Fulvio Testi (14)";"2019";19114
"Niguarda - Ca� Granda - Prato Centenaro - Q.re Fulvio Testi (14)";"2020";18904
"Niguarda - Ca� Granda - Prato Centenaro - Q.re Fulvio Testi (14)";"2021";18800
"Niguarda - Ca� Granda - Prato Centenaro - Q.re Fulvio Testi (14)";"2022";19068
"Niguarda - Ca� Granda - Prato Centenaro - Q.re Fulvio Testi (14)";"2023";19465
"Bicocca (15)";"1999";2407
"Bicocca (15)";"2000";2529
"Bicocca (15)";"2001";2649
"Bicocca (15)";"2002";2638
"Bicocca (15)";"2003";2623
"Bicocca (15)";"2004";2826
"Bicocca (15)";"2005";2923
"Bicocca (15)";"2006";3007
"Bicocca (15)";"2007";3058
"Bicocca (15)";"2008";3168
"Bicocca (15)";"2009";3253
"Bicocca (15)";"2010";3363
"Bicocca (15)";"2011";3479
"Bicocca (15)";"2012";3823
"Bicocca (15)";"2013";3978
"Bicocca (15)";"2014";4225
"Bicocca (15)";"2015";4290
"Bicocca (15)";"2016";4406
"Bicocca (15)";"2017";4444
"Bicocca (15)";"2018";4521
"Bicocca (15)";"2019";4521
"Bicocca (15)";"2020";4434
"Bicocca (15)";"2021";4420
"Bicocca (15)";"2022";4590
"Bicocca (15)";"2023";4698
"Gorla - Precotto (16)";"1999";11564
"Gorla - Precotto (16)";"2000";11754
"Gorla - Precotto (16)";"2001";11856
"Gorla - Precotto (16)";"2002";11861
"Gorla - Precotto (16)";"2003";11504
"Gorla - Precotto (16)";"2004";12098
"Gorla - Precotto (16)";"2005";12504
"Gorla - Precotto (16)";"2006";12738
"Gorla - Precotto (16)";"2007";12964
"Gorla - Precotto (16)";"2008";13166
"Gorla - Precotto (16)";"2009";13530
"Gorla - Precotto (16)";"2010";13999
"Gorla - Precotto (16)";"2011";14454
"Gorla - Precotto (16)";"2012";14916
"Gorla - Precotto (16)";"2013";14912
"Gorla - Precotto (16)";"2014";14881
"Gorla - Precotto (16)";"2015";14945
"Gorla - Precotto (16)";"2016";15145
"Gorla - Precotto (16)";"2017";15450
"Gorla - Precotto (16)";"2018";15729
"Gorla - Precotto (16)";"2019";16049
"Gorla - Precotto (16)";"2020";15957
"Gorla - Precotto (16)";"2021";15964
"Gorla - Precotto (16)";"2022";16198
"Gorla - Precotto (16)";"2023";16851
"Adriano (17)";"1999";4273
"Adriano (17)";"2000";4488
"Adriano (17)";"2001";4903
"Adriano (17)";"2002";4930
"Adriano (17)";"2003";4799
"Adriano (17)";"2004";5048
"Adriano (17)";"2005";5144
"Adriano (17)";"2006";5253
"Adriano (17)";"2007";5325
"Adriano (17)";"2008";5410
"Adriano (17)";"2009";5608
"Adriano (17)";"2010";5968
"Adriano (17)";"2011";6942
"Adriano (17)";"2012";7625
"Adriano (17)";"2013";7681
"Adriano (17)";"2014";7699
"Adriano (17)";"2015";7883
"Adriano (17)";"2016";8128
"Adriano (17)";"2017";8514
"Adriano (17)";"2018";8929
"Adriano (17)";"2019";9172
"Adriano (17)";"2020";9120
"Adriano (17)";"2021";9146
"Adriano (17)";"2022";9398
"Adriano (17)";"2023";9550
"Cimiano - Rottole - Q.re Feltre (18)";"1999";10250
"Cimiano - Rottole - Q.re Feltre (18)";"2000";10330
"Cimiano - Rottole - Q.re Feltre (18)";"2001";10346
"Cimiano - Rottole - Q.re Feltre (18)";"2002";10298
"Cimiano - Rottole - Q.re Feltre (18)";"2003";9828
"Cimiano - Rottole - Q.re Feltre (18)";"2004";10129
"Cimiano - Rottole - Q.re Feltre (18)";"2005";10140
"Cimiano - Rottole - Q.re Feltre (18)";"2006";10084
"Cimiano - Rottole - Q.re Feltre (18)";"2007";10087
"Cimiano - Rottole - Q.re Feltre (18)";"2008";10113
"Cimiano - Rottole - Q.re Feltre (18)";"2009";10250
"Cimiano - Rottole - Q.re Feltre (18)";"2010";10326
"Cimiano - Rottole - Q.re Feltre (18)";"2011";10522
"Cimiano - Rottole - Q.re Feltre (18)";"2012";10747
"Cimiano - Rottole - Q.re Feltre (18)";"2013";10628
"Cimiano - Rottole - Q.re Feltre (18)";"2014";10482
"Cimiano - Rottole - Q.re Feltre (18)";"2015";10443
"Cimiano - Rottole - Q.re Feltre (18)";"2016";10371
"Cimiano - Rottole - Q.re Feltre (18)";"2017";10472
"Cimiano - Rottole - Q.re Feltre (18)";"2018";10572
"Cimiano - Rottole - Q.re Feltre (18)";"2019";10675
"Cimiano - Rottole - Q.re Feltre (18)";"2020";10620
"Cimiano - Rottole - Q.re Feltre (18)";"2021";10557
"Cimiano - Rottole - Q.re Feltre (18)";"2022";10662
"Cimiano - Rottole - Q.re Feltre (18)";"2023";10859
"Padova - Turro - Crescenzago (19)";"1999";17141
"Padova - Turro - Crescenzago (19)";"2000";17315
"Padova - Turro - Crescenzago (19)";"2001";17636
"Padova - Turro - Crescenzago (19)";"2002";17372
"Padova - Turro - Crescenzago (19)";"2003";16530
"Padova - Turro - Crescenzago (19)";"2004";17648
"Padova - Turro - Crescenzago (19)";"2005";17980
"Padova - Turro - Crescenzago (19)";"2006";17949
"Padova - Turro - Crescenzago (19)";"2007";18150
"Padova - Turro - Crescenzago (19)";"2008";18170
"Padova - Turro - Crescenzago (19)";"2009";18600
"Padova - Turro - Crescenzago (19)";"2010";19145
"Padova - Turro - Crescenzago (19)";"2011";19817
"Padova - Turro - Crescenzago (19)";"2012";20678
"Padova - Turro - Crescenzago (19)";"2013";20466
"Padova - Turro - Crescenzago (19)";"2014";19992
"Padova - Turro - Crescenzago (19)";"2015";20177
"Padova - Turro - Crescenzago (19)";"2016";20315
"Padova - Turro - Crescenzago (19)";"2017";20497
"Padova - Turro - Crescenzago (19)";"2018";20824
"Padova - Turro - Crescenzago (19)";"2019";21140
"Padova - Turro - Crescenzago (19)";"2020";20972
"Padova - Turro - Crescenzago (19)";"2021";21042
"Padova - Turro - Crescenzago (19)";"2022";21521
"Padova - Turro - Crescenzago (19)";"2023";22345
"Loreto - Casoretto - NoLo (20)";"1999";21286
"Loreto - Casoretto - NoLo (20)";"2000";21678
"Loreto - Casoretto - NoLo (20)";"2001";22339
"Loreto - Casoretto - NoLo (20)";"2002";21854
"Loreto - Casoretto - NoLo (20)";"2003";20222
"Loreto - Casoretto - NoLo (20)";"2004";22021
"Loreto - Casoretto - NoLo (20)";"2005";22538
"Loreto - Casoretto - NoLo (20)";"2006";22555
"Loreto - Casoretto - NoLo (20)";"2007";22483
"Loreto - Casoretto - NoLo (20)";"2008";22554
"Loreto - Casoretto - NoLo (20)";"2009";23149
"Loreto - Casoretto - NoLo (20)";"2010";24118
"Loreto - Casoretto - NoLo (20)";"2011";25187
"Loreto - Casoretto - NoLo (20)";"2012";26548
"Loreto - Casoretto - NoLo (20)";"2013";26469
"Loreto - Casoretto - NoLo (20)";"2014";25741
"Loreto - Casoretto - NoLo (20)";"2015";26023
"Loreto - Casoretto - NoLo (20)";"2016";26271
"Loreto - Casoretto - NoLo (20)";"2017";26384
"Loreto - Casoretto - NoLo (20)";"2018";26886
"Loreto - Casoretto - NoLo (20)";"2019";27172
"Loreto - Casoretto - NoLo (20)";"2020";26833
"Loreto - Casoretto - NoLo (20)";"2021";26632
"Loreto - Casoretto - NoLo (20)";"2022";26950
"Loreto - Casoretto - NoLo (20)";"2023";27637
"Buenos Aires - Porta Venezia - Porta Monforte (21)";"1999";34290
"Buenos Aires - Porta Venezia - Porta Monforte (21)";"2000";34751
"Buenos Aires - Porta Venezia - Porta Monforte (21)";"2001";35024
"Buenos Aires - Porta Venezia - Porta Monforte (21)";"2002";34308
"Buenos Aires - Porta Venezia - Porta Monforte (21)";"2003";31701
"Buenos Aires - Porta Venezia - Porta Monforte (21)";"2004";32748
"Buenos Aires - Porta Venezia - Porta Monforte (21)";"2005";33062
"Buenos Aires - Porta Venezia - Porta Monforte (21)";"2006";32750
"Buenos Aires - Porta Venezia - Porta Monforte (21)";"2007";32611
"Buenos Aires - Porta Venezia - Porta Monforte (21)";"2008";32890
"Buenos Aires - Porta Venezia - Porta Monforte (21)";"2009";33169
"Buenos Aires - Porta Venezia - Porta Monforte (21)";"2010";33791
"Buenos Aires - Porta Venezia - Porta Monforte (21)";"2011";34062
"Buenos Aires - Porta Venezia - Porta Monforte (21)";"2012";34688
"Buenos Aires - Porta Venezia - Porta Monforte (21)";"2013";34321
"Buenos Aires - Porta Venezia - Porta Monforte (21)";"2014";33724
"Buenos Aires - Porta Venezia - Porta Monforte (21)";"2015";33864
"Buenos Aires - Porta Venezia - Porta Monforte (21)";"2016";34146
"Buenos Aires - Porta Venezia - Porta Monforte (21)";"2017";34392
"Buenos Aires - Porta Venezia - Porta Monforte (21)";"2018";34856
"Buenos Aires - Porta Venezia - Porta Monforte (21)";"2019";35349
"Buenos Aires - Porta Venezia - Porta Monforte (21)";"2020";35094
"Buenos Aires - Porta Venezia - Porta Monforte (21)";"2021";34930
"Buenos Aires - Porta Venezia - Porta Monforte (21)";"2022";35374
"Buenos Aires - Porta Venezia - Porta Monforte (21)";"2023";36213
"Citta' studi (22)";"1999";21386
"Citta' studi (22)";"2000";21536
"Citta' studi (22)";"2001";21663
"Citta' studi (22)";"2002";21300
"Citta' studi (22)";"2003";19811
"Citta' studi (22)";"2004";20317
"Citta' studi (22)";"2005";20446
"Citta' studi (22)";"2006";20361
"Citta' studi (22)";"2007";20111
"Citta' studi (22)";"2008";20049
"Citta' studi (22)";"2009";20315
"Citta' studi (22)";"2010";20609
"Citta' studi (22)";"2011";20920
"Citta' studi (22)";"2012";21239
"Citta' studi (22)";"2013";20933
"Citta' studi (22)";"2014";20528
"Citta' studi (22)";"2015";20449
"Citta' studi (22)";"2016";20558
"Citta' studi (22)";"2017";20749
"Citta' studi (22)";"2018";20918
"Citta' studi (22)";"2019";21182
"Citta' studi (22)";"2020";21111
"Citta' studi (22)";"2021";20842
"Citta' studi (22)";"2022";21116
"Citta' studi (22)";"2023";21636
"Lambrate - Ortica (23)";"1999";3751
"Lambrate - Ortica (23)";"2000";3714
"Lambrate - Ortica (23)";"2001";3795
"Lambrate - Ortica (23)";"2002";3829
"Lambrate - Ortica (23)";"2003";3826
"Lambrate - Ortica (23)";"2004";4381
"Lambrate - Ortica (23)";"2005";4712
"Lambrate - Ortica (23)";"2006";4863
"Lambrate - Ortica (23)";"2007";4986
"Lambrate - Ortica (23)";"2008";5084
"Lambrate - Ortica (23)";"2009";5191
"Lambrate - Ortica (23)";"2010";5308
"Lambrate - Ortica (23)";"2011";5500
"Lambrate - Ortica (23)";"2012";5695
"Lambrate - Ortica (23)";"2013";5748
"Lambrate - Ortica (23)";"2014";5644
"Lambrate - Ortica (23)";"2015";5895
"Lambrate - Ortica (23)";"2016";5962
"Lambrate - Ortica (23)";"2017";6072
"Lambrate - Ortica (23)";"2018";6177
"Lambrate - Ortica (23)";"2019";6337
"Lambrate - Ortica (23)";"2020";6398
"Lambrate - Ortica (23)";"2021";6476
"Lambrate - Ortica (23)";"2022";6627
"Lambrate - Ortica (23)";"2023";6939
"Parco Forlanini - Cavriano (24)";"1999";583
"Parco Forlanini - Cavriano (24)";"2000";565
"Parco Forlanini - Cavriano (24)";"2001";559
"Parco Forlanini - Cavriano (24)";"2002";475
"Parco Forlanini - Cavriano (24)";"2003";450
"Parco Forlanini - Cavriano (24)";"2004";485
"Parco Forlanini - Cavriano (24)";"2005";508
"Parco Forlanini - Cavriano (24)";"2006";511
"Parco Forlanini - Cavriano (24)";"2007";513
"Parco Forlanini - Cavriano (24)";"2008";520
"Parco Forlanini - Cavriano (24)";"2009";526
"Parco Forlanini - Cavriano (24)";"2010";563
"Parco Forlanini - Cavriano (24)";"2011";557
"Parco Forlanini - Cavriano (24)";"2012";600
"Parco Forlanini - Cavriano (24)";"2013";590
"Parco Forlanini - Cavriano (24)";"2014";564
"Parco Forlanini - Cavriano (24)";"2015";582
"Parco Forlanini - Cavriano (24)";"2016";747
"Parco Forlanini - Cavriano (24)";"2017";2183
"Parco Forlanini - Cavriano (24)";"2018";2220
"Parco Forlanini - Cavriano (24)";"2019";2006
"Parco Forlanini - Cavriano (24)";"2020";1978
"Parco Forlanini - Cavriano (24)";"2021";1741
"Parco Forlanini - Cavriano (24)";"2022";1882
"Parco Forlanini - Cavriano (24)";"2023";1993
"Corsica (25)";"1999";9932
"Corsica (25)";"2000";10012
"Corsica (25)";"2001";10084
"Corsica (25)";"2002";9963
"Corsica (25)";"2003";9312
"Corsica (25)";"2004";9640
"Corsica (25)";"2005";9748
"Corsica (25)";"2006";9687
"Corsica (25)";"2007";9753
"Corsica (25)";"2008";9862
"Corsica (25)";"2009";10068
"Corsica (25)";"2010";10255
"Corsica (25)";"2011";10460
"Corsica (25)";"2012";10713
"Corsica (25)";"2013";10605
"Corsica (25)";"2014";10469
"Corsica (25)";"2015";10506
"Corsica (25)";"2016";10711
"Corsica (25)";"2017";10829
"Corsica (25)";"2018";10913
"Corsica (25)";"2019";10990
"Corsica (25)";"2020";10913
"Corsica (25)";"2021";10792
"Corsica (25)";"2022";10836
"Corsica (25)";"2023";11116
"XXII Marzo (26)";"1999";17358
"XXII Marzo (26)";"2000";17468
"XXII Marzo (26)";"2001";17525
"XXII Marzo (26)";"2002";17353
"XXII Marzo (26)";"2003";16300
"XXII Marzo (26)";"2004";16822
"XXII Marzo (26)";"2005";16928
"XXII Marzo (26)";"2006";16768
"XXII Marzo (26)";"2007";16610
"XXII Marzo (26)";"2008";16540
"XXII Marzo (26)";"2009";16711
"XXII Marzo (26)";"2010";16704
"XXII Marzo (26)";"2011";16959
"XXII Marzo (26)";"2012";17135
"XXII Marzo (26)";"2013";16841
"XXII Marzo (26)";"2014";16788
"XXII Marzo (26)";"2015";16858
"XXII Marzo (26)";"2016";17001
"XXII Marzo (26)";"2017";17220
"XXII Marzo (26)";"2018";17394
"XXII Marzo (26)";"2019";17447
"XXII Marzo (26)";"2020";17302
"XXII Marzo (26)";"2021";17141
"XXII Marzo (26)";"2022";17234
"XXII Marzo (26)";"2023";17582
"Pta Romana (27)";"1999";9586
"Pta Romana (27)";"2000";9629
"Pta Romana (27)";"2001";9698
"Pta Romana (27)";"2002";9555
"Pta Romana (27)";"2003";8940
"Pta Romana (27)";"2004";9234
"Pta Romana (27)";"2005";9296
"Pta Romana (27)";"2006";9340
"Pta Romana (27)";"2007";9314
"Pta Romana (27)";"2008";9306
"Pta Romana (27)";"2009";9303
"Pta Romana (27)";"2010";9399
"Pta Romana (27)";"2011";9524
"Pta Romana (27)";"2012";9647
"Pta Romana (27)";"2013";9497
"Pta Romana (27)";"2014";9357
"Pta Romana (27)";"2015";9430
"Pta Romana (27)";"2016";9512
"Pta Romana (27)";"2017";9537
"Pta Romana (27)";"2018";9690
"Pta Romana (27)";"2019";9780
"Pta Romana (27)";"2020";9711
"Pta Romana (27)";"2021";9461
"Pta Romana (27)";"2022";9530
"Pta Romana (27)";"2023";9661
"Umbria - Molise - Calvairate (28)";"1999";12343
"Umbria - Molise - Calvairate (28)";"2000";12519
"Umbria - Molise - Calvairate (28)";"2001";12620
"Umbria - Molise - Calvairate (28)";"2002";12552
"Umbria - Molise - Calvairate (28)";"2003";11871
"Umbria - Molise - Calvairate (28)";"2004";12238
"Umbria - Molise - Calvairate (28)";"2005";12352
"Umbria - Molise - Calvairate (28)";"2006";12236
"Umbria - Molise - Calvairate (28)";"2007";12198
"Umbria - Molise - Calvairate (28)";"2008";12179
"Umbria - Molise - Calvairate (28)";"2009";12280
"Umbria - Molise - Calvairate (28)";"2010";12535
"Umbria - Molise - Calvairate (28)";"2011";12795
"Umbria - Molise - Calvairate (28)";"2012";12952
"Umbria - Molise - Calvairate (28)";"2013";12903
"Umbria - Molise - Calvairate (28)";"2014";12584
"Umbria - Molise - Calvairate (28)";"2015";12626
"Umbria - Molise - Calvairate (28)";"2016";12731
"Umbria - Molise - Calvairate (28)";"2017";12786
"Umbria - Molise - Calvairate (28)";"2018";12993
"Umbria - Molise - Calvairate (28)";"2019";13146
"Umbria - Molise - Calvairate (28)";"2020";13053
"Umbria - Molise - Calvairate (28)";"2021";12906
"Umbria - Molise - Calvairate (28)";"2022";13133
"Umbria - Molise - Calvairate (28)";"2023";13708
"Ortomercato (29)";"1999";2015
"Ortomercato (29)";"2000";2067
"Ortomercato (29)";"2001";2095
"Ortomercato (29)";"2002";2110
"Ortomercato (29)";"2003";1962
"Ortomercato (29)";"2004";2090
"Ortomercato (29)";"2005";2123
"Ortomercato (29)";"2006";2109
"Ortomercato (29)";"2007";2086
"Ortomercato (29)";"2008";2090
"Ortomercato (29)";"2009";2104
"Ortomercato (29)";"2010";2173
"Ortomercato (29)";"2011";2312
"Ortomercato (29)";"2012";2419
"Ortomercato (29)";"2013";2404
"Ortomercato (29)";"2014";2359
"Ortomercato (29)";"2015";2426
"Ortomercato (29)";"2016";2392
"Ortomercato (29)";"2017";2427
"Ortomercato (29)";"2018";2467
"Ortomercato (29)";"2019";2474
"Ortomercato (29)";"2020";2450
"Ortomercato (29)";"2021";2405
"Ortomercato (29)";"2022";2463
"Ortomercato (29)";"2023";2549
"Taliedo - Morsenchio - Q.re Forlanini (30)";"1999";9077
"Taliedo - Morsenchio - Q.re Forlanini (30)";"2000";9088
"Taliedo - Morsenchio - Q.re Forlanini (30)";"2001";9189
"Taliedo - Morsenchio - Q.re Forlanini (30)";"2002";9206
"Taliedo - Morsenchio - Q.re Forlanini (30)";"2003";9137
"Taliedo - Morsenchio - Q.re Forlanini (30)";"2004";9262
"Taliedo - Morsenchio - Q.re Forlanini (30)";"2005";9384
"Taliedo - Morsenchio - Q.re Forlanini (30)";"2006";9360
"Taliedo - Morsenchio - Q.re Forlanini (30)";"2007";9407
"Taliedo - Morsenchio - Q.re Forlanini (30)";"2008";9444
"Taliedo - Morsenchio - Q.re Forlanini (30)";"2009";9491
"Taliedo - Morsenchio - Q.re Forlanini (30)";"2010";9676
"Taliedo - Morsenchio - Q.re Forlanini (30)";"2011";9814
"Taliedo - Morsenchio - Q.re Forlanini (30)";"2012";9945
"Taliedo - Morsenchio - Q.re Forlanini (30)";"2013";9795
"Taliedo - Morsenchio - Q.re Forlanini (30)";"2014";9767
"Taliedo - Morsenchio - Q.re Forlanini (30)";"2015";9815
"Taliedo - Morsenchio - Q.re Forlanini (30)";"2016";9816
"Taliedo - Morsenchio - Q.re Forlanini (30)";"2017";9899
"Taliedo - Morsenchio - Q.re Forlanini (30)";"2018";10072
"Taliedo - Morsenchio - Q.re Forlanini (30)";"2019";10154
"Taliedo - Morsenchio - Q.re Forlanini (30)";"2020";9998
"Taliedo - Morsenchio - Q.re Forlanini (30)";"2021";10048
"Taliedo - Morsenchio - Q.re Forlanini (30)";"2022";10137
"Taliedo - Morsenchio - Q.re Forlanini (30)";"2023";10378
"Monlue' - Ponte Lambro (31)";"1999";1909
"Monlue' - Ponte Lambro (31)";"2000";1949
"Monlue' - Ponte Lambro (31)";"2001";2023
"Monlue' - Ponte Lambro (31)";"2002";1982
"Monlue' - Ponte Lambro (31)";"2003";1799
"Monlue' - Ponte Lambro (31)";"2004";1958
"Monlue' - Ponte Lambro (31)";"2005";1993
"Monlue' - Ponte Lambro (31)";"2006";2012
"Monlue' - Ponte Lambro (31)";"2007";2003
"Monlue' - Ponte Lambro (31)";"2008";2021
"Monlue' - Ponte Lambro (31)";"2009";2132
"Monlue' - Ponte Lambro (31)";"2010";2246
"Monlue' - Ponte Lambro (31)";"2011";2349
"Monlue' - Ponte Lambro (31)";"2012";2499
"Monlue' - Ponte Lambro (31)";"2013";2496
"Monlue' - Ponte Lambro (31)";"2014";2497
"Monlue' - Ponte Lambro (31)";"2015";2487
"Monlue' - Ponte Lambro (31)";"2016";2497
"Monlue' - Ponte Lambro (31)";"2017";2570
"Monlue' - Ponte Lambro (31)";"2018";2650
"Monlue' - Ponte Lambro (31)";"2019";2693
"Monlue' - Ponte Lambro (31)";"2020";2643
"Monlue' - Ponte Lambro (31)";"2021";2685
"Monlue' - Ponte Lambro (31)";"2022";2717
"Monlue' - Ponte Lambro (31)";"2023";2999
"Triulzo Superiore (32)";"1999";676
"Triulzo Superiore (32)";"2000";681
"Triulzo Superiore (32)";"2001";732
"Triulzo Superiore (32)";"2002";689
"Triulzo Superiore (32)";"2003";582
"Triulzo Superiore (32)";"2004";657
"Triulzo Superiore (32)";"2005";707
"Triulzo Superiore (32)";"2006";709
"Triulzo Superiore (32)";"2007";705
"Triulzo Superiore (32)";"2008";705
"Triulzo Superiore (32)";"2009";737
"Triulzo Superiore (32)";"2010";784
"Triulzo Superiore (32)";"2011";863
"Triulzo Superiore (32)";"2012";936
"Triulzo Superiore (32)";"2013";909
"Triulzo Superiore (32)";"2014";865
"Triulzo Superiore (32)";"2015";896
"Triulzo Superiore (32)";"2016";882
"Triulzo Superiore (32)";"2017";868
"Triulzo Superiore (32)";"2018";893
"Triulzo Superiore (32)";"2019";895
"Triulzo Superiore (32)";"2020";881
"Triulzo Superiore (32)";"2021";860
"Triulzo Superiore (32)";"2022";911
"Triulzo Superiore (32)";"2023";950
"Rogoredo - Santa Giulia (33)";"1999";2160
"Rogoredo - Santa Giulia (33)";"2000";2634
"Rogoredo - Santa Giulia (33)";"2001";2941
"Rogoredo - Santa Giulia (33)";"2002";2940
"Rogoredo - Santa Giulia (33)";"2003";2819
"Rogoredo - Santa Giulia (33)";"2004";2944
"Rogoredo - Santa Giulia (33)";"2005";3001
"Rogoredo - Santa Giulia (33)";"2006";2999
"Rogoredo - Santa Giulia (33)";"2007";3048
"Rogoredo - Santa Giulia (33)";"2008";3081
"Rogoredo - Santa Giulia (33)";"2009";3893
"Rogoredo - Santa Giulia (33)";"2010";4419
"Rogoredo - Santa Giulia (33)";"2011";4636
"Rogoredo - Santa Giulia (33)";"2012";4816
"Rogoredo - Santa Giulia (33)";"2013";4820
"Rogoredo - Santa Giulia (33)";"2014";4906
"Rogoredo - Santa Giulia (33)";"2015";4917
"Rogoredo - Santa Giulia (33)";"2016";4944
"Rogoredo - Santa Giulia (33)";"2017";4967
"Rogoredo - Santa Giulia (33)";"2018";5007
"Rogoredo - Santa Giulia (33)";"2019";5098
"Rogoredo - Santa Giulia (33)";"2020";5351
"Rogoredo - Santa Giulia (33)";"2021";5539
"Rogoredo - Santa Giulia (33)";"2022";5745
"Rogoredo - Santa Giulia (33)";"2023";5891
"Chiaravalle (34)";"1999";520
"Chiaravalle (34)";"2000";525
"Chiaravalle (34)";"2001";524
"Chiaravalle (34)";"2002";521
"Chiaravalle (34)";"2003";510
"Chiaravalle (34)";"2004";523
"Chiaravalle (34)";"2005";526
"Chiaravalle (34)";"2006";524
"Chiaravalle (34)";"2007";525
"Chiaravalle (34)";"2008";535
"Chiaravalle (34)";"2009";532
"Chiaravalle (34)";"2010";556
"Chiaravalle (34)";"2011";565
"Chiaravalle (34)";"2012";587
"Chiaravalle (34)";"2013";563
"Chiaravalle (34)";"2014";545
"Chiaravalle (34)";"2015";539
"Chiaravalle (34)";"2016";540
"Chiaravalle (34)";"2017";541
"Chiaravalle (34)";"2018";540
"Chiaravalle (34)";"2019";560
"Chiaravalle (34)";"2020";556
"Chiaravalle (34)";"2021";544
"Chiaravalle (34)";"2022";544
"Chiaravalle (34)";"2023";563
"Lodi - Corvetto (35)";"1999";18139
"Lodi - Corvetto (35)";"2000";18282
"Lodi - Corvetto (35)";"2001";18448
"Lodi - Corvetto (35)";"2002";18094
"Lodi - Corvetto (35)";"2003";17266
"Lodi - Corvetto (35)";"2004";18067
"Lodi - Corvetto (35)";"2005";18374
"Lodi - Corvetto (35)";"2006";18420
"Lodi - Corvetto (35)";"2007";18477
"Lodi - Corvetto (35)";"2008";18569
"Lodi - Corvetto (35)";"2009";18648
"Lodi - Corvetto (35)";"2010";19125
"Lodi - Corvetto (35)";"2011";19838
"Lodi - Corvetto (35)";"2012";20448
"Lodi - Corvetto (35)";"2013";20209
"Lodi - Corvetto (35)";"2014";19751
"Lodi - Corvetto (35)";"2015";19818
"Lodi - Corvetto (35)";"2016";19765
"Lodi - Corvetto (35)";"2017";19786
"Lodi - Corvetto (35)";"2018";19935
"Lodi - Corvetto (35)";"2019";20209
"Lodi - Corvetto (35)";"2020";19980
"Lodi - Corvetto (35)";"2021";20347
"Lodi - Corvetto (35)";"2022";20868
"Lodi - Corvetto (35)";"2023";21570
"Scalo Romana (36)";"1999";5259
"Scalo Romana (36)";"2000";5331
"Scalo Romana (36)";"2001";5372
"Scalo Romana (36)";"2002";5205
"Scalo Romana (36)";"2003";4682
"Scalo Romana (36)";"2004";5090
"Scalo Romana (36)";"2005";5236
"Scalo Romana (36)";"2006";5226
"Scalo Romana (36)";"2007";5285
"Scalo Romana (36)";"2008";5339
"Scalo Romana (36)";"2009";5433
"Scalo Romana (36)";"2010";5636
"Scalo Romana (36)";"2011";5805
"Scalo Romana (36)";"2012";6381
"Scalo Romana (36)";"2013";6559
"Scalo Romana (36)";"2014";6577
"Scalo Romana (36)";"2015";6859
"Scalo Romana (36)";"2016";7013
"Scalo Romana (36)";"2017";7115
"Scalo Romana (36)";"2018";7219
"Scalo Romana (36)";"2019";7155
"Scalo Romana (36)";"2020";6991
"Scalo Romana (36)";"2021";6874
"Scalo Romana (36)";"2022";6889
"Scalo Romana (36)";"2023";7048
"Morivione (37)";"1999";3003
"Morivione (37)";"2000";3037
"Morivione (37)";"2001";3057
"Morivione (37)";"2002";3160
"Morivione (37)";"2003";3292
"Morivione (37)";"2004";3452
"Morivione (37)";"2005";3605
"Morivione (37)";"2006";3695
"Morivione (37)";"2007";3844
"Morivione (37)";"2008";3924
"Morivione (37)";"2009";3978
"Morivione (37)";"2010";4060
"Morivione (37)";"2011";4163
"Morivione (37)";"2012";4266
"Morivione (37)";"2013";4250
"Morivione (37)";"2014";4115
"Morivione (37)";"2015";4119
"Morivione (37)";"2016";4173
"Morivione (37)";"2017";4185
"Morivione (37)";"2018";4276
"Morivione (37)";"2019";4375
"Morivione (37)";"2020";4306
"Morivione (37)";"2021";4272
"Morivione (37)";"2022";4336
"Morivione (37)";"2023";4455
"Vigentino - Q.re Fatima (38)";"1999";5852
"Vigentino - Q.re Fatima (38)";"2000";6006
"Vigentino - Q.re Fatima (38)";"2001";6097
"Vigentino - Q.re Fatima (38)";"2002";6163
"Vigentino - Q.re Fatima (38)";"2003";5969
"Vigentino - Q.re Fatima (38)";"2004";6226
"Vigentino - Q.re Fatima (38)";"2005";6297
"Vigentino - Q.re Fatima (38)";"2006";6384
"Vigentino - Q.re Fatima (38)";"2007";6370
"Vigentino - Q.re Fatima (38)";"2008";6377
"Vigentino - Q.re Fatima (38)";"2009";6470
"Vigentino - Q.re Fatima (38)";"2010";6574
"Vigentino - Q.re Fatima (38)";"2011";6779
"Vigentino - Q.re Fatima (38)";"2012";6987
"Vigentino - Q.re Fatima (38)";"2013";6990
"Vigentino - Q.re Fatima (38)";"2014";7014
"Vigentino - Q.re Fatima (38)";"2015";7098
"Vigentino - Q.re Fatima (38)";"2016";7281
"Vigentino - Q.re Fatima (38)";"2017";7431
"Vigentino - Q.re Fatima (38)";"2018";7592
"Vigentino - Q.re Fatima (38)";"2019";7756
"Vigentino - Q.re Fatima (38)";"2020";7725
"Vigentino - Q.re Fatima (38)";"2021";7710
"Vigentino - Q.re Fatima (38)";"2022";7910
"Vigentino - Q.re Fatima (38)";"2023";8354
"Quintosole (39)";"1999";532
"Quintosole (39)";"2000";540
"Quintosole (39)";"2001";546
"Quintosole (39)";"2002";536
"Quintosole (39)";"2003";524
"Quintosole (39)";"2004";550
"Quintosole (39)";"2005";571
"Quintosole (39)";"2006";551
"Quintosole (39)";"2007";542
"Quintosole (39)";"2008";517
"Quintosole (39)";"2009";505
"Quintosole (39)";"2010";513
"Quintosole (39)";"2011";504
"Quintosole (39)";"2012";523
"Quintosole (39)";"2013";584
"Quintosole (39)";"2014";642
"Quintosole (39)";"2015";656
"Quintosole (39)";"2016";644
"Quintosole (39)";"2017";706
"Quintosole (39)";"2018";784
"Quintosole (39)";"2019";820
"Quintosole (39)";"2020";812
"Quintosole (39)";"2021";794
"Quintosole (39)";"2022";786
"Quintosole (39)";"2023";772
"Ronchetto delle Rane (40)";"1999";128
"Ronchetto delle Rane (40)";"2000";127
"Ronchetto delle Rane (40)";"2001";139
"Ronchetto delle Rane (40)";"2002";255
"Ronchetto delle Rane (40)";"2003";262
"Ronchetto delle Rane (40)";"2004";264
"Ronchetto delle Rane (40)";"2005";268
"Ronchetto delle Rane (40)";"2006";264
"Ronchetto delle Rane (40)";"2007";260
"Ronchetto delle Rane (40)";"2008";259
"Ronchetto delle Rane (40)";"2009";271
"Ronchetto delle Rane (40)";"2010";294
"Ronchetto delle Rane (40)";"2011";301
"Ronchetto delle Rane (40)";"2012";305
"Ronchetto delle Rane (40)";"2013";308
"Ronchetto delle Rane (40)";"2014";302
"Ronchetto delle Rane (40)";"2015";299
"Ronchetto delle Rane (40)";"2016";302
"Ronchetto delle Rane (40)";"2017";303
"Ronchetto delle Rane (40)";"2018";308
"Ronchetto delle Rane (40)";"2019";311
"Ronchetto delle Rane (40)";"2020";306
"Ronchetto delle Rane (40)";"2021";304
"Ronchetto delle Rane (40)";"2022";307
"Ronchetto delle Rane (40)";"2023";316
"Gratosoglio - Q.re Missaglia - Q.re Terrazze (41)";"1999";7963
"Gratosoglio - Q.re Missaglia - Q.re Terrazze (41)";"2000";8111
"Gratosoglio - Q.re Missaglia - Q.re Terrazze (41)";"2001";8144
"Gratosoglio - Q.re Missaglia - Q.re Terrazze (41)";"2002";8149
"Gratosoglio - Q.re Missaglia - Q.re Terrazze (41)";"2003";8063
"Gratosoglio - Q.re Missaglia - Q.re Terrazze (41)";"2004";8144
"Gratosoglio - Q.re Missaglia - Q.re Terrazze (41)";"2005";8269
"Gratosoglio - Q.re Missaglia - Q.re Terrazze (41)";"2006";8327
"Gratosoglio - Q.re Missaglia - Q.re Terrazze (41)";"2007";8327
"Gratosoglio - Q.re Missaglia - Q.re Terrazze (41)";"2008";8330
"Gratosoglio - Q.re Missaglia - Q.re Terrazze (41)";"2009";8416
"Gratosoglio - Q.re Missaglia - Q.re Terrazze (41)";"2010";8589
"Gratosoglio - Q.re Missaglia - Q.re Terrazze (41)";"2011";8656
"Gratosoglio - Q.re Missaglia - Q.re Terrazze (41)";"2012";8852
"Gratosoglio - Q.re Missaglia - Q.re Terrazze (41)";"2013";8779
"Gratosoglio - Q.re Missaglia - Q.re Terrazze (41)";"2014";8664
"Gratosoglio - Q.re Missaglia - Q.re Terrazze (41)";"2015";8657
"Gratosoglio - Q.re Missaglia - Q.re Terrazze (41)";"2016";8679
"Gratosoglio - Q.re Missaglia - Q.re Terrazze (41)";"2017";8666
"Gratosoglio - Q.re Missaglia - Q.re Terrazze (41)";"2018";8768
"Gratosoglio - Q.re Missaglia - Q.re Terrazze (41)";"2019";8806
"Gratosoglio - Q.re Missaglia - Q.re Terrazze (41)";"2020";8645
"Gratosoglio - Q.re Missaglia - Q.re Terrazze (41)";"2021";8542
"Gratosoglio - Q.re Missaglia - Q.re Terrazze (41)";"2022";8646
"Gratosoglio - Q.re Missaglia - Q.re Terrazze (41)";"2023";8748
"Stadera - Chiesa Rossa - Q.re Torretta - Conca Fallata (42)";"1999";12873
"Stadera - Chiesa Rossa - Q.re Torretta - Conca Fallata (42)";"2000";13032
"Stadera - Chiesa Rossa - Q.re Torretta - Conca Fallata (42)";"2001";13035
"Stadera - Chiesa Rossa - Q.re Torretta - Conca Fallata (42)";"2002";12851
"Stadera - Chiesa Rossa - Q.re Torretta - Conca Fallata (42)";"2003";12673
"Stadera - Chiesa Rossa - Q.re Torretta - Conca Fallata (42)";"2004";13401
"Stadera - Chiesa Rossa - Q.re Torretta - Conca Fallata (42)";"2005";13747
"Stadera - Chiesa Rossa - Q.re Torretta - Conca Fallata (42)";"2006";13650
"Stadera - Chiesa Rossa - Q.re Torretta - Conca Fallata (42)";"2007";13764
"Stadera - Chiesa Rossa - Q.re Torretta - Conca Fallata (42)";"2008";13975
"Stadera - Chiesa Rossa - Q.re Torretta - Conca Fallata (42)";"2009";14404
"Stadera - Chiesa Rossa - Q.re Torretta - Conca Fallata (42)";"2010";14767
"Stadera - Chiesa Rossa - Q.re Torretta - Conca Fallata (42)";"2011";15509
"Stadera - Chiesa Rossa - Q.re Torretta - Conca Fallata (42)";"2012";16185
"Stadera - Chiesa Rossa - Q.re Torretta - Conca Fallata (42)";"2013";16202
"Stadera - Chiesa Rossa - Q.re Torretta - Conca Fallata (42)";"2014";15865
"Stadera - Chiesa Rossa - Q.re Torretta - Conca Fallata (42)";"2015";15807
"Stadera - Chiesa Rossa - Q.re Torretta - Conca Fallata (42)";"2016";15873
"Stadera - Chiesa Rossa - Q.re Torretta - Conca Fallata (42)";"2017";15902
"Stadera - Chiesa Rossa - Q.re Torretta - Conca Fallata (42)";"2018";16094
"Stadera - Chiesa Rossa - Q.re Torretta - Conca Fallata (42)";"2019";16232
"Stadera - Chiesa Rossa - Q.re Torretta - Conca Fallata (42)";"2020";15963
"Stadera - Chiesa Rossa - Q.re Torretta - Conca Fallata (42)";"2021";15819
"Stadera - Chiesa Rossa - Q.re Torretta - Conca Fallata (42)";"2022";16033
"Stadera - Chiesa Rossa - Q.re Torretta - Conca Fallata (42)";"2023";16316
"Tibaldi (43)";"1999";6603
"Tibaldi (43)";"2000";6653
"Tibaldi (43)";"2001";6684
"Tibaldi (43)";"2002";6609
"Tibaldi (43)";"2003";6211
"Tibaldi (43)";"2004";6486
"Tibaldi (43)";"2005";6559
"Tibaldi (43)";"2006";6501
"Tibaldi (43)";"2007";6430
"Tibaldi (43)";"2008";6455
"Tibaldi (43)";"2009";6587
"Tibaldi (43)";"2010";6661
"Tibaldi (43)";"2011";6724
"Tibaldi (43)";"2012";6958
"Tibaldi (43)";"2013";6885
"Tibaldi (43)";"2014";6719
"Tibaldi (43)";"2015";6746
"Tibaldi (43)";"2016";6765
"Tibaldi (43)";"2017";6842
"Tibaldi (43)";"2018";6910
"Tibaldi (43)";"2019";7002
"Tibaldi (43)";"2020";6866
"Tibaldi (43)";"2021";6810
"Tibaldi (43)";"2022";6883
"Tibaldi (43)";"2023";7051
"Porta Ticinese - Conchetta (44)";"1999";9491
"Porta Ticinese - Conchetta (44)";"2000";9559
"Porta Ticinese - Conchetta (44)";"2001";9590
"Porta Ticinese - Conchetta (44)";"2002";9509
"Porta Ticinese - Conchetta (44)";"2003";8796
"Porta Ticinese - Conchetta (44)";"2004";9043
"Porta Ticinese - Conchetta (44)";"2005";9134
"Porta Ticinese - Conchetta (44)";"2006";9086
"Porta Ticinese - Conchetta (44)";"2007";9086
"Porta Ticinese - Conchetta (44)";"2008";9135
"Porta Ticinese - Conchetta (44)";"2009";9322
"Porta Ticinese - Conchetta (44)";"2010";9657
"Porta Ticinese - Conchetta (44)";"2011";9959
"Porta Ticinese - Conchetta (44)";"2012";10284
"Porta Ticinese - Conchetta (44)";"2013";10081
"Porta Ticinese - Conchetta (44)";"2014";9992
"Porta Ticinese - Conchetta (44)";"2015";10015
"Porta Ticinese - Conchetta (44)";"2016";9999
"Porta Ticinese - Conchetta (44)";"2017";10056
"Porta Ticinese - Conchetta (44)";"2018";10167
"Porta Ticinese - Conchetta (44)";"2019";10201
"Porta Ticinese - Conchetta (44)";"2020";10085
"Porta Ticinese - Conchetta (44)";"2021";10027
"Porta Ticinese - Conchetta (44)";"2022";10043
"Porta Ticinese - Conchetta (44)";"2023";10136
"Moncucco - San Cristoforo (45)";"1999";5881
"Moncucco - San Cristoforo (45)";"2000";5940
"Moncucco - San Cristoforo (45)";"2001";6029
"Moncucco - San Cristoforo (45)";"2002";6044
"Moncucco - San Cristoforo (45)";"2003";5735
"Moncucco - San Cristoforo (45)";"2004";6062
"Moncucco - San Cristoforo (45)";"2005";6281
"Moncucco - San Cristoforo (45)";"2006";6370
"Moncucco - San Cristoforo (45)";"2007";6409
"Moncucco - San Cristoforo (45)";"2008";6457
"Moncucco - San Cristoforo (45)";"2009";6651
"Moncucco - San Cristoforo (45)";"2010";6881
"Moncucco - San Cristoforo (45)";"2011";7066
"Moncucco - San Cristoforo (45)";"2012";7252
"Moncucco - San Cristoforo (45)";"2013";7165
"Moncucco - San Cristoforo (45)";"2014";7119
"Moncucco - San Cristoforo (45)";"2015";7250
"Moncucco - San Cristoforo (45)";"2016";7388
"Moncucco - San Cristoforo (45)";"2017";7487
"Moncucco - San Cristoforo (45)";"2018";7601
"Moncucco - San Cristoforo (45)";"2019";7750
"Moncucco - San Cristoforo (45)";"2020";7657
"Moncucco - San Cristoforo (45)";"2021";7660
"Moncucco - San Cristoforo (45)";"2022";7822
"Moncucco - San Cristoforo (45)";"2023";7954
"Barona (46)";"1999";8186
"Barona (46)";"2000";8153
"Barona (46)";"2001";8118
"Barona (46)";"2002";8039
"Barona (46)";"2003";7903
"Barona (46)";"2004";8009
"Barona (46)";"2005";8017
"Barona (46)";"2006";8073
"Barona (46)";"2007";8094
"Barona (46)";"2008";8077
"Barona (46)";"2009";8120
"Barona (46)";"2010";8102
"Barona (46)";"2011";8185
"Barona (46)";"2012";8212
"Barona (46)";"2013";8146
"Barona (46)";"2014";8139
"Barona (46)";"2015";8053
"Barona (46)";"2016";8202
"Barona (46)";"2017";8241
"Barona (46)";"2018";8252
"Barona (46)";"2019";8224
"Barona (46)";"2020";8123
"Barona (46)";"2021";8105
"Barona (46)";"2022";8179
"Barona (46)";"2023";8303
"Cantalupa (47)";"1999";160
"Cantalupa (47)";"2000";170
"Cantalupa (47)";"2001";175
"Cantalupa (47)";"2002";175
"Cantalupa (47)";"2003";167
"Cantalupa (47)";"2004";176
"Cantalupa (47)";"2005";183
"Cantalupa (47)";"2006";208
"Cantalupa (47)";"2007";217
"Cantalupa (47)";"2008";210
"Cantalupa (47)";"2009";218
"Cantalupa (47)";"2010";218
"Cantalupa (47)";"2011";230
"Cantalupa (47)";"2012";243
"Cantalupa (47)";"2013";234
"Cantalupa (47)";"2014";246
"Cantalupa (47)";"2015";241
"Cantalupa (47)";"2016";248
"Cantalupa (47)";"2017";255
"Cantalupa (47)";"2018";256
"Cantalupa (47)";"2019";269
"Cantalupa (47)";"2020";276
"Cantalupa (47)";"2021";297
"Cantalupa (47)";"2022";303
"Cantalupa (47)";"2023";309
"Ronchetto sul Naviglio - Q.re Lodovico il Moro (48)";"1999";6886
"Ronchetto sul Naviglio - Q.re Lodovico il Moro (48)";"2000";6960
"Ronchetto sul Naviglio - Q.re Lodovico il Moro (48)";"2001";7000
"Ronchetto sul Naviglio - Q.re Lodovico il Moro (48)";"2002";6981
"Ronchetto sul Naviglio - Q.re Lodovico il Moro (48)";"2003";6760
"Ronchetto sul Naviglio - Q.re Lodovico il Moro (48)";"2004";7032
"Ronchetto sul Naviglio - Q.re Lodovico il Moro (48)";"2005";7125
"Ronchetto sul Naviglio - Q.re Lodovico il Moro (48)";"2006";7106
"Ronchetto sul Naviglio - Q.re Lodovico il Moro (48)";"2007";7069
"Ronchetto sul Naviglio - Q.re Lodovico il Moro (48)";"2008";7008
"Ronchetto sul Naviglio - Q.re Lodovico il Moro (48)";"2009";7097
"Ronchetto sul Naviglio - Q.re Lodovico il Moro (48)";"2010";7174
"Ronchetto sul Naviglio - Q.re Lodovico il Moro (48)";"2011";7331
"Ronchetto sul Naviglio - Q.re Lodovico il Moro (48)";"2012";7544
"Ronchetto sul Naviglio - Q.re Lodovico il Moro (48)";"2013";7441
"Ronchetto sul Naviglio - Q.re Lodovico il Moro (48)";"2014";7414
"Ronchetto sul Naviglio - Q.re Lodovico il Moro (48)";"2015";7394
"Ronchetto sul Naviglio - Q.re Lodovico il Moro (48)";"2016";7381
"Ronchetto sul Naviglio - Q.re Lodovico il Moro (48)";"2017";7378
"Ronchetto sul Naviglio - Q.re Lodovico il Moro (48)";"2018";7500
"Ronchetto sul Naviglio - Q.re Lodovico il Moro (48)";"2019";7618
"Ronchetto sul Naviglio - Q.re Lodovico il Moro (48)";"2020";7624
"Ronchetto sul Naviglio - Q.re Lodovico il Moro (48)";"2021";7634
"Ronchetto sul Naviglio - Q.re Lodovico il Moro (48)";"2022";7693
"Ronchetto sul Naviglio - Q.re Lodovico il Moro (48)";"2023";7883
"Giambellino (49)";"1999";15249
"Giambellino (49)";"2000";15551
"Giambellino (49)";"2001";15833
"Giambellino (49)";"2002";15716
"Giambellino (49)";"2003";15227
"Giambellino (49)";"2004";15882
"Giambellino (49)";"2005";16111
"Giambellino (49)";"2006";16086
"Giambellino (49)";"2007";16178
"Giambellino (49)";"2008";16140
"Giambellino (49)";"2009";16221
"Giambellino (49)";"2010";16708
"Giambellino (49)";"2011";17081
"Giambellino (49)";"2012";17507
"Giambellino (49)";"2013";17357
"Giambellino (49)";"2014";16933
"Giambellino (49)";"2015";16769
"Giambellino (49)";"2016";16763
"Giambellino (49)";"2017";16771
"Giambellino (49)";"2018";16849
"Giambellino (49)";"2019";16929
"Giambellino (49)";"2020";16744
"Giambellino (49)";"2021";16654
"Giambellino (49)";"2022";16736
"Giambellino (49)";"2023";17199
"Porta Genova (50)";"1999";8408
"Porta Genova (50)";"2000";8482
"Porta Genova (50)";"2001";8490
"Porta Genova (50)";"2002";8387
"Porta Genova (50)";"2003";7877
"Porta Genova (50)";"2004";8058
"Porta Genova (50)";"2005";7994
"Porta Genova (50)";"2006";7997
"Porta Genova (50)";"2007";8017
"Porta Genova (50)";"2008";7981
"Porta Genova (50)";"2009";8075
"Porta Genova (50)";"2010";8084
"Porta Genova (50)";"2011";8146
"Porta Genova (50)";"2012";8213
"Porta Genova (50)";"2013";8083
"Porta Genova (50)";"2014";7963
"Porta Genova (50)";"2015";7990
"Porta Genova (50)";"2016";7982
"Porta Genova (50)";"2017";8034
"Porta Genova (50)";"2018";8078
"Porta Genova (50)";"2019";8173
"Porta Genova (50)";"2020";8152
"Porta Genova (50)";"2021";8142
"Porta Genova (50)";"2022";8196
"Porta Genova (50)";"2023";8321
"Porta Magenta (51)";"1999";14054
"Porta Magenta (51)";"2000";14086
"Porta Magenta (51)";"2001";14140
"Porta Magenta (51)";"2002";13998
"Porta Magenta (51)";"2003";13207
"Porta Magenta (51)";"2004";13402
"Porta Magenta (51)";"2005";13426
"Porta Magenta (51)";"2006";13460
"Porta Magenta (51)";"2007";13460
"Porta Magenta (51)";"2008";13501
"Porta Magenta (51)";"2009";13691
"Porta Magenta (51)";"2010";13847
"Porta Magenta (51)";"2011";14006
"Porta Magenta (51)";"2012";14248
"Porta Magenta (51)";"2013";13998
"Porta Magenta (51)";"2014";13861
"Porta Magenta (51)";"2015";13899
"Porta Magenta (51)";"2016";14000
"Porta Magenta (51)";"2017";14135
"Porta Magenta (51)";"2018";14248
"Porta Magenta (51)";"2019";14492
"Porta Magenta (51)";"2020";14347
"Porta Magenta (51)";"2021";14134
"Porta Magenta (51)";"2022";14242
"Porta Magenta (51)";"2023";14577
"Bande Nere (52)";"1999";24192
"Bande Nere (52)";"2000";24320
"Bande Nere (52)";"2001";24244
"Bande Nere (52)";"2002";23875
"Bande Nere (52)";"2003";22685
"Bande Nere (52)";"2004";23221
"Bande Nere (52)";"2005";23235
"Bande Nere (52)";"2006";23053
"Bande Nere (52)";"2007";22964
"Bande Nere (52)";"2008";22959
"Bande Nere (52)";"2009";23222
"Bande Nere (52)";"2010";23514
"Bande Nere (52)";"2011";23861
"Bande Nere (52)";"2012";24293
"Bande Nere (52)";"2013";24026
"Bande Nere (52)";"2014";23786
"Bande Nere (52)";"2015";23931
"Bande Nere (52)";"2016";24020
"Bande Nere (52)";"2017";24258
"Bande Nere (52)";"2018";24467
"Bande Nere (52)";"2019";24779
"Bande Nere (52)";"2020";24499
"Bande Nere (52)";"2021";24287
"Bande Nere (52)";"2022";24601
"Bande Nere (52)";"2023";25153
"Lorenteggio (53)";"1999";6346
"Lorenteggio (53)";"2000";6436
"Lorenteggio (53)";"2001";6537
"Lorenteggio (53)";"2002";6498
"Lorenteggio (53)";"2003";6292
"Lorenteggio (53)";"2004";6391
"Lorenteggio (53)";"2005";6444
"Lorenteggio (53)";"2006";6406
"Lorenteggio (53)";"2007";6407
"Lorenteggio (53)";"2008";6376
"Lorenteggio (53)";"2009";6391
"Lorenteggio (53)";"2010";6462
"Lorenteggio (53)";"2011";6554
"Lorenteggio (53)";"2012";6621
"Lorenteggio (53)";"2013";6620
"Lorenteggio (53)";"2014";6613
"Lorenteggio (53)";"2015";6776
"Lorenteggio (53)";"2016";6951
"Lorenteggio (53)";"2017";6992
"Lorenteggio (53)";"2018";7088
"Lorenteggio (53)";"2019";7192
"Lorenteggio (53)";"2020";7153
"Lorenteggio (53)";"2021";7080
"Lorenteggio (53)";"2022";7090
"Lorenteggio (53)";"2023";7521
"Muggiano (54)";"1999";607
"Muggiano (54)";"2000";614
"Muggiano (54)";"2001";641
"Muggiano (54)";"2002";672
"Muggiano (54)";"2003";753
"Muggiano (54)";"2004";944
"Muggiano (54)";"2005";973
"Muggiano (54)";"2006";985
"Muggiano (54)";"2007";1010
"Muggiano (54)";"2008";1082
"Muggiano (54)";"2009";1166
"Muggiano (54)";"2010";1194
"Muggiano (54)";"2011";1243
"Muggiano (54)";"2012";1322
"Muggiano (54)";"2013";1310
"Muggiano (54)";"2014";1308
"Muggiano (54)";"2015";1301
"Muggiano (54)";"2016";1311
"Muggiano (54)";"2017";1345
"Muggiano (54)";"2018";1363
"Muggiano (54)";"2019";1385
"Muggiano (54)";"2020";1358
"Muggiano (54)";"2021";1356
"Muggiano (54)";"2022";1367
"Muggiano (54)";"2023";1379
"Baggio - Q.re degli Olmi - Q.re Valsesia (55)";"1999";13170
"Baggio - Q.re degli Olmi - Q.re Valsesia (55)";"2000";13402
"Baggio - Q.re degli Olmi - Q.re Valsesia (55)";"2001";13549
"Baggio - Q.re degli Olmi - Q.re Valsesia (55)";"2002";13438
"Baggio - Q.re degli Olmi - Q.re Valsesia (55)";"2003";13132
"Baggio - Q.re degli Olmi - Q.re Valsesia (55)";"2004";13552
"Baggio - Q.re degli Olmi - Q.re Valsesia (55)";"2005";13691
"Baggio - Q.re degli Olmi - Q.re Valsesia (55)";"2006";13691
"Baggio - Q.re degli Olmi - Q.re Valsesia (55)";"2007";13707
"Baggio - Q.re degli Olmi - Q.re Valsesia (55)";"2008";13730
"Baggio - Q.re degli Olmi - Q.re Valsesia (55)";"2009";13841
"Baggio - Q.re degli Olmi - Q.re Valsesia (55)";"2010";14176
"Baggio - Q.re degli Olmi - Q.re Valsesia (55)";"2011";14459
"Baggio - Q.re degli Olmi - Q.re Valsesia (55)";"2012";14680
"Baggio - Q.re degli Olmi - Q.re Valsesia (55)";"2013";14412
"Baggio - Q.re degli Olmi - Q.re Valsesia (55)";"2014";14401
"Baggio - Q.re degli Olmi - Q.re Valsesia (55)";"2015";14440
"Baggio - Q.re degli Olmi - Q.re Valsesia (55)";"2016";14485
"Baggio - Q.re degli Olmi - Q.re Valsesia (55)";"2017";14551
"Baggio - Q.re degli Olmi - Q.re Valsesia (55)";"2018";14794
"Baggio - Q.re degli Olmi - Q.re Valsesia (55)";"2019";14981
"Baggio - Q.re degli Olmi - Q.re Valsesia (55)";"2020";14898
"Baggio - Q.re degli Olmi - Q.re Valsesia (55)";"2021";14996
"Baggio - Q.re degli Olmi - Q.re Valsesia (55)";"2022";15381
"Baggio - Q.re degli Olmi - Q.re Valsesia (55)";"2023";15772
"Forze Armate (56)";"1999";11110
"Forze Armate (56)";"2000";11118
"Forze Armate (56)";"2001";11204
"Forze Armate (56)";"2002";11135
"Forze Armate (56)";"2003";10959
"Forze Armate (56)";"2004";11217
"Forze Armate (56)";"2005";11304
"Forze Armate (56)";"2006";11310
"Forze Armate (56)";"2007";11227
"Forze Armate (56)";"2008";11160
"Forze Armate (56)";"2009";11150
"Forze Armate (56)";"2010";11151
"Forze Armate (56)";"2011";11533
"Forze Armate (56)";"2012";11865
"Forze Armate (56)";"2013";11839
"Forze Armate (56)";"2014";12064
"Forze Armate (56)";"2015";12073
"Forze Armate (56)";"2016";12087
"Forze Armate (56)";"2017";12121
"Forze Armate (56)";"2018";12199
"Forze Armate (56)";"2019";12613
"Forze Armate (56)";"2020";12705
"Forze Armate (56)";"2021";12779
"Forze Armate (56)";"2022";12880
"Forze Armate (56)";"2023";13110
"San Siro (57)";"1999";13757
"San Siro (57)";"2000";14054
"San Siro (57)";"2001";14308
"San Siro (57)";"2002";14185
"San Siro (57)";"2003";13406
"San Siro (57)";"2004";14268
"San Siro (57)";"2005";14393
"San Siro (57)";"2006";14339
"San Siro (57)";"2007";14184
"San Siro (57)";"2008";14040
"San Siro (57)";"2009";14199
"San Siro (57)";"2010";14477
"San Siro (57)";"2011";14749
"San Siro (57)";"2012";15082
"San Siro (57)";"2013";14971
"San Siro (57)";"2014";14785
"San Siro (57)";"2015";14694
"San Siro (57)";"2016";14789
"San Siro (57)";"2017";14530
"San Siro (57)";"2018";14684
"San Siro (57)";"2019";14739
"San Siro (57)";"2020";14462
"San Siro (57)";"2021";14349
"San Siro (57)";"2022";14661
"San Siro (57)";"2023";14978
"De Angeli - Monte Rosa (58)";"1999";11581
"De Angeli - Monte Rosa (58)";"2000";11616
"De Angeli - Monte Rosa (58)";"2001";11706
"De Angeli - Monte Rosa (58)";"2002";11541
"De Angeli - Monte Rosa (58)";"2003";10738
"De Angeli - Monte Rosa (58)";"2004";10982
"De Angeli - Monte Rosa (58)";"2005";10996
"De Angeli - Monte Rosa (58)";"2006";10933
"De Angeli - Monte Rosa (58)";"2007";10829
"De Angeli - Monte Rosa (58)";"2008";10888
"De Angeli - Monte Rosa (58)";"2009";10960
"De Angeli - Monte Rosa (58)";"2010";11099
"De Angeli - Monte Rosa (58)";"2011";11233
"De Angeli - Monte Rosa (58)";"2012";11422
"De Angeli - Monte Rosa (58)";"2013";11300
"De Angeli - Monte Rosa (58)";"2014";11097
"De Angeli - Monte Rosa (58)";"2015";11112
"De Angeli - Monte Rosa (58)";"2016";11232
"De Angeli - Monte Rosa (58)";"2017";11445
"De Angeli - Monte Rosa (58)";"2018";11618
"De Angeli - Monte Rosa (58)";"2019";11733
"De Angeli - Monte Rosa (58)";"2020";11592
"De Angeli - Monte Rosa (58)";"2021";11574
"De Angeli - Monte Rosa (58)";"2022";11833
"De Angeli - Monte Rosa (58)";"2023";12039
"Tre Torri (59)";"1999";683
"Tre Torri (59)";"2000";689
"Tre Torri (59)";"2001";688
"Tre Torri (59)";"2002";675
"Tre Torri (59)";"2003";616
"Tre Torri (59)";"2004";631
"Tre Torri (59)";"2005";642
"Tre Torri (59)";"2006";631
"Tre Torri (59)";"2007";636
"Tre Torri (59)";"2008";641
"Tre Torri (59)";"2009";634
"Tre Torri (59)";"2010";636
"Tre Torri (59)";"2011";652
"Tre Torri (59)";"2012";661
"Tre Torri (59)";"2013";691
"Tre Torri (59)";"2014";765
"Tre Torri (59)";"2015";850
"Tre Torri (59)";"2016";941
"Tre Torri (59)";"2017";974
"Tre Torri (59)";"2018";1010
"Tre Torri (59)";"2019";1050
"Tre Torri (59)";"2020";1065
"Tre Torri (59)";"2021";1082
"Tre Torri (59)";"2022";1092
"Tre Torri (59)";"2023";1134
"Stadio - Ippodromi (60)";"1999";5340
"Stadio - Ippodromi (60)";"2000";5468
"Stadio - Ippodromi (60)";"2001";5606
"Stadio - Ippodromi (60)";"2002";5595
"Stadio - Ippodromi (60)";"2003";5264
"Stadio - Ippodromi (60)";"2004";5482
"Stadio - Ippodromi (60)";"2005";5675
"Stadio - Ippodromi (60)";"2006";5718
"Stadio - Ippodromi (60)";"2007";5710
"Stadio - Ippodromi (60)";"2008";5712
"Stadio - Ippodromi (60)";"2009";5764
"Stadio - Ippodromi (60)";"2010";5902
"Stadio - Ippodromi (60)";"2011";6063
"Stadio - Ippodromi (60)";"2012";6159
"Stadio - Ippodromi (60)";"2013";6076
"Stadio - Ippodromi (60)";"2014";5879
"Stadio - Ippodromi (60)";"2015";5894
"Stadio - Ippodromi (60)";"2016";5936
"Stadio - Ippodromi (60)";"2017";6018
"Stadio - Ippodromi (60)";"2018";6071
"Stadio - Ippodromi (60)";"2019";6172
"Stadio - Ippodromi (60)";"2020";6231
"Stadio - Ippodromi (60)";"2021";6191
"Stadio - Ippodromi (60)";"2022";6277
"Stadio - Ippodromi (60)";"2023";6452
"Quarto Cagnino (61)";"1999";3858
"Quarto Cagnino (61)";"2000";3898
"Quarto Cagnino (61)";"2001";3943
"Quarto Cagnino (61)";"2002";3954
"Quarto Cagnino (61)";"2003";3878
"Quarto Cagnino (61)";"2004";4007
"Quarto Cagnino (61)";"2005";4083
"Quarto Cagnino (61)";"2006";4130
"Quarto Cagnino (61)";"2007";4117
"Quarto Cagnino (61)";"2008";4120
"Quarto Cagnino (61)";"2009";4173
"Quarto Cagnino (61)";"2010";4365
"Quarto Cagnino (61)";"2011";4447
"Quarto Cagnino (61)";"2012";4540
"Quarto Cagnino (61)";"2013";4478
"Quarto Cagnino (61)";"2014";4456
"Quarto Cagnino (61)";"2015";4573
"Quarto Cagnino (61)";"2016";4662
"Quarto Cagnino (61)";"2017";4707
"Quarto Cagnino (61)";"2018";4749
"Quarto Cagnino (61)";"2019";4788
"Quarto Cagnino (61)";"2020";4723
"Quarto Cagnino (61)";"2021";4688
"Quarto Cagnino (61)";"2022";4789
"Quarto Cagnino (61)";"2023";4877
"Quinto Romano (62)";"1999";2106
"Quinto Romano (62)";"2000";2244
"Quinto Romano (62)";"2001";2273
"Quinto Romano (62)";"2002";2264
"Quinto Romano (62)";"2003";2189
"Quinto Romano (62)";"2004";2236
"Quinto Romano (62)";"2005";2273
"Quinto Romano (62)";"2006";2298
"Quinto Romano (62)";"2007";2299
"Quinto Romano (62)";"2008";2262
"Quinto Romano (62)";"2009";2274
"Quinto Romano (62)";"2010";2301
"Quinto Romano (62)";"2011";2322
"Quinto Romano (62)";"2012";2332
"Quinto Romano (62)";"2013";2311
"Quinto Romano (62)";"2014";2276
"Quinto Romano (62)";"2015";2253
"Quinto Romano (62)";"2016";2264
"Quinto Romano (62)";"2017";2268
"Quinto Romano (62)";"2018";2307
"Quinto Romano (62)";"2019";2329
"Quinto Romano (62)";"2020";2335
"Quinto Romano (62)";"2021";2307
"Quinto Romano (62)";"2022";2366
"Quinto Romano (62)";"2023";2414
"Figino (63)";"1999";764
"Figino (63)";"2000";764
"Figino (63)";"2001";771
"Figino (63)";"2002";766
"Figino (63)";"2003";739
"Figino (63)";"2004";757
"Figino (63)";"2005";762
"Figino (63)";"2006";757
"Figino (63)";"2007";766
"Figino (63)";"2008";780
"Figino (63)";"2009";815
"Figino (63)";"2010";833
"Figino (63)";"2011";846
"Figino (63)";"2012";857
"Figino (63)";"2013";842
"Figino (63)";"2014";821
"Figino (63)";"2015";925
"Figino (63)";"2016";978
"Figino (63)";"2017";1035
"Figino (63)";"2018";1088
"Figino (63)";"2019";1152
"Figino (63)";"2020";1141
"Figino (63)";"2021";1142
"Figino (63)";"2022";1204
"Figino (63)";"2023";1236
"Trenno (64)";"1999";1925
"Trenno (64)";"2000";1921
"Trenno (64)";"2001";1922
"Trenno (64)";"2002";1896
"Trenno (64)";"2003";1851
"Trenno (64)";"2004";1861
"Trenno (64)";"2005";1913
"Trenno (64)";"2006";1940
"Trenno (64)";"2007";1945
"Trenno (64)";"2008";1937
"Trenno (64)";"2009";2026
"Trenno (64)";"2010";2090
"Trenno (64)";"2011";2029
"Trenno (64)";"2012";2064
"Trenno (64)";"2013";2038
"Trenno (64)";"2014";2056
"Trenno (64)";"2015";2052
"Trenno (64)";"2016";2071
"Trenno (64)";"2017";2076
"Trenno (64)";"2018";2093
"Trenno (64)";"2019";2135
"Trenno (64)";"2020";2091
"Trenno (64)";"2021";2047
"Trenno (64)";"2022";2056
"Trenno (64)";"2023";2085
"Q.re Gallaratese - Q.re San Leonardo - Lampugnano (65)";"1999";15802
"Q.re Gallaratese - Q.re San Leonardo - Lampugnano (65)";"2000";15834
"Q.re Gallaratese - Q.re San Leonardo - Lampugnano (65)";"2001";15862
"Q.re Gallaratese - Q.re San Leonardo - Lampugnano (65)";"2002";15756
"Q.re Gallaratese - Q.re San Leonardo - Lampugnano (65)";"2003";15446
"Q.re Gallaratese - Q.re San Leonardo - Lampugnano (65)";"2004";15657
"Q.re Gallaratese - Q.re San Leonardo - Lampugnano (65)";"2005";15717
"Q.re Gallaratese - Q.re San Leonardo - Lampugnano (65)";"2006";15709
"Q.re Gallaratese - Q.re San Leonardo - Lampugnano (65)";"2007";15681
"Q.re Gallaratese - Q.re San Leonardo - Lampugnano (65)";"2008";15574
"Q.re Gallaratese - Q.re San Leonardo - Lampugnano (65)";"2009";15607
"Q.re Gallaratese - Q.re San Leonardo - Lampugnano (65)";"2010";15877
"Q.re Gallaratese - Q.re San Leonardo - Lampugnano (65)";"2011";15920
"Q.re Gallaratese - Q.re San Leonardo - Lampugnano (65)";"2012";16019
"Q.re Gallaratese - Q.re San Leonardo - Lampugnano (65)";"2013";15920
"Q.re Gallaratese - Q.re San Leonardo - Lampugnano (65)";"2014";15931
"Q.re Gallaratese - Q.re San Leonardo - Lampugnano (65)";"2015";15851
"Q.re Gallaratese - Q.re San Leonardo - Lampugnano (65)";"2016";15881
"Q.re Gallaratese - Q.re San Leonardo - Lampugnano (65)";"2017";16170
"Q.re Gallaratese - Q.re San Leonardo - Lampugnano (65)";"2018";16340
"Q.re Gallaratese - Q.re San Leonardo - Lampugnano (65)";"2019";16579
"Q.re Gallaratese - Q.re San Leonardo - Lampugnano (65)";"2020";16586
"Q.re Gallaratese - Q.re San Leonardo - Lampugnano (65)";"2021";16677
"Q.re Gallaratese - Q.re San Leonardo - Lampugnano (65)";"2022";16850
"Q.re Gallaratese - Q.re San Leonardo - Lampugnano (65)";"2023";17278
"QT 8 (66)";"1999";2078
"QT 8 (66)";"2000";2063
"QT 8 (66)";"2001";2069
"QT 8 (66)";"2002";2056
"QT 8 (66)";"2003";1959
"QT 8 (66)";"2004";1993
"QT 8 (66)";"2005";1992
"QT 8 (66)";"2006";1976
"QT 8 (66)";"2007";1985
"QT 8 (66)";"2008";2003
"QT 8 (66)";"2009";2014
"QT 8 (66)";"2010";2051
"QT 8 (66)";"2011";2078
"QT 8 (66)";"2012";2075
"QT 8 (66)";"2013";2038
"QT 8 (66)";"2014";2045
"QT 8 (66)";"2015";2063
"QT 8 (66)";"2016";2054
"QT 8 (66)";"2017";2065
"QT 8 (66)";"2018";2093
"QT 8 (66)";"2019";2108
"QT 8 (66)";"2020";2080
"QT 8 (66)";"2021";2046
"QT 8 (66)";"2022";2052
"QT 8 (66)";"2023";2069
"Portello (67)";"1999";4159
"Portello (67)";"2000";4165
"Portello (67)";"2001";4192
"Portello (67)";"2002";4176
"Portello (67)";"2003";3957
"Portello (67)";"2004";4066
"Portello (67)";"2005";4066
"Portello (67)";"2006";4034
"Portello (67)";"2007";4019
"Portello (67)";"2008";3996
"Portello (67)";"2009";4013
"Portello (67)";"2010";4114
"Portello (67)";"2011";4116
"Portello (67)";"2012";4165
"Portello (67)";"2013";4155
"Portello (67)";"2014";4152
"Portello (67)";"2015";4195
"Portello (67)";"2016";4283
"Portello (67)";"2017";4409
"Portello (67)";"2018";4532
"Portello (67)";"2019";4697
"Portello (67)";"2020";4740
"Portello (67)";"2021";4692
"Portello (67)";"2022";4788
"Portello (67)";"2023";4810
"Pagano (68)";"1999";8814
"Pagano (68)";"2000";8872
"Pagano (68)";"2001";8915
"Pagano (68)";"2002";8751
"Pagano (68)";"2003";8172
"Pagano (68)";"2004";8361
"Pagano (68)";"2005";8399
"Pagano (68)";"2006";8319
"Pagano (68)";"2007";8240
"Pagano (68)";"2008";8224
"Pagano (68)";"2009";8360
"Pagano (68)";"2010";8477
"Pagano (68)";"2011";8582
"Pagano (68)";"2012";8651
"Pagano (68)";"2013";8507
"Pagano (68)";"2014";8393
"Pagano (68)";"2015";8412
"Pagano (68)";"2016";8552
"Pagano (68)";"2017";8672
"Pagano (68)";"2018";8863
"Pagano (68)";"2019";9027
"Pagano (68)";"2020";8967
"Pagano (68)";"2021";8874
"Pagano (68)";"2022";8946
"Pagano (68)";"2023";9116
"Sarpi (69)";"1999";16173
"Sarpi (69)";"2000";16328
"Sarpi (69)";"2001";16577
"Sarpi (69)";"2002";16345
"Sarpi (69)";"2003";15123
"Sarpi (69)";"2004";15651
"Sarpi (69)";"2005";15837
"Sarpi (69)";"2006";15631
"Sarpi (69)";"2007";15423
"Sarpi (69)";"2008";15340
"Sarpi (69)";"2009";15614
"Sarpi (69)";"2010";15944
"Sarpi (69)";"2011";16304
"Sarpi (69)";"2012";16748
"Sarpi (69)";"2013";16646
"Sarpi (69)";"2014";16359
"Sarpi (69)";"2015";16534
"Sarpi (69)";"2016";16664
"Sarpi (69)";"2017";16927
"Sarpi (69)";"2018";17157
"Sarpi (69)";"2019";17308
"Sarpi (69)";"2020";17138
"Sarpi (69)";"2021";17051
"Sarpi (69)";"2022";17194
"Sarpi (69)";"2023";17638
"Ghisolfa (70)";"1999";8754
"Ghisolfa (70)";"2000";8914
"Ghisolfa (70)";"2001";9098
"Ghisolfa (70)";"2002";9058
"Ghisolfa (70)";"2003";8648
"Ghisolfa (70)";"2004";8950
"Ghisolfa (70)";"2005";8975
"Ghisolfa (70)";"2006";8908
"Ghisolfa (70)";"2007";8871
"Ghisolfa (70)";"2008";8867
"Ghisolfa (70)";"2009";8970
"Ghisolfa (70)";"2010";9149
"Ghisolfa (70)";"2011";9320
"Ghisolfa (70)";"2012";9505
"Ghisolfa (70)";"2013";9535
"Ghisolfa (70)";"2014";9374
"Ghisolfa (70)";"2015";9455
"Ghisolfa (70)";"2016";9559
"Ghisolfa (70)";"2017";9771
"Ghisolfa (70)";"2018";9840
"Ghisolfa (70)";"2019";10023
"Ghisolfa (70)";"2020";9968
"Ghisolfa (70)";"2021";9919
"Ghisolfa (70)";"2022";9956
"Ghisolfa (70)";"2023";10319
"Villapizzone - Cagnola - Boldinasco (71)";"1999";18064
"Villapizzone - Cagnola - Boldinasco (71)";"2000";18178
"Villapizzone - Cagnola - Boldinasco (71)";"2001";18467
"Villapizzone - Cagnola - Boldinasco (71)";"2002";18412
"Villapizzone - Cagnola - Boldinasco (71)";"2003";17788
"Villapizzone - Cagnola - Boldinasco (71)";"2004";18830
"Villapizzone - Cagnola - Boldinasco (71)";"2005";19189
"Villapizzone - Cagnola - Boldinasco (71)";"2006";19196
"Villapizzone - Cagnola - Boldinasco (71)";"2007";19282
"Villapizzone - Cagnola - Boldinasco (71)";"2008";19490
"Villapizzone - Cagnola - Boldinasco (71)";"2009";19945
"Villapizzone - Cagnola - Boldinasco (71)";"2010";20417
"Villapizzone - Cagnola - Boldinasco (71)";"2011";21065
"Villapizzone - Cagnola - Boldinasco (71)";"2012";21780
"Villapizzone - Cagnola - Boldinasco (71)";"2013";21663
"Villapizzone - Cagnola - Boldinasco (71)";"2014";21166
"Villapizzone - Cagnola - Boldinasco (71)";"2015";21357
"Villapizzone - Cagnola - Boldinasco (71)";"2016";21471
"Villapizzone - Cagnola - Boldinasco (71)";"2017";21684
"Villapizzone - Cagnola - Boldinasco (71)";"2018";21903
"Villapizzone - Cagnola - Boldinasco (71)";"2019";22329
"Villapizzone - Cagnola - Boldinasco (71)";"2020";22062
"Villapizzone - Cagnola - Boldinasco (71)";"2021";22062
"Villapizzone - Cagnola - Boldinasco (71)";"2022";22395
"Villapizzone - Cagnola - Boldinasco (71)";"2023";23183
"Maggiore - Musocco - Certosa (72)";"1999";2076
"Maggiore - Musocco - Certosa (72)";"2000";2069
"Maggiore - Musocco - Certosa (72)";"2001";2128
"Maggiore - Musocco - Certosa (72)";"2002";2173
"Maggiore - Musocco - Certosa (72)";"2003";2103
"Maggiore - Musocco - Certosa (72)";"2004";2234
"Maggiore - Musocco - Certosa (72)";"2005";2353
"Maggiore - Musocco - Certosa (72)";"2006";2437
"Maggiore - Musocco - Certosa (72)";"2007";2500
"Maggiore - Musocco - Certosa (72)";"2008";2529
"Maggiore - Musocco - Certosa (72)";"2009";2612
"Maggiore - Musocco - Certosa (72)";"2010";2648
"Maggiore - Musocco - Certosa (72)";"2011";2520
"Maggiore - Musocco - Certosa (72)";"2012";2552
"Maggiore - Musocco - Certosa (72)";"2013";2539
"Maggiore - Musocco - Certosa (72)";"2014";2518
"Maggiore - Musocco - Certosa (72)";"2015";2526
"Maggiore - Musocco - Certosa (72)";"2016";2616
"Maggiore - Musocco - Certosa (72)";"2017";2897
"Maggiore - Musocco - Certosa (72)";"2018";3233
"Maggiore - Musocco - Certosa (72)";"2019";3520
"Maggiore - Musocco - Certosa (72)";"2020";3720
"Maggiore - Musocco - Certosa (72)";"2021";3994
"Maggiore - Musocco - Certosa (72)";"2022";4556
"Maggiore - Musocco - Certosa (72)";"2023";4929
"Cascina Merlata (73)";"1999";6
"Cascina Merlata (73)";"2000";5
"Cascina Merlata (73)";"2001";11
"Cascina Merlata (73)";"2002";34
"Cascina Merlata (73)";"2003";70
"Cascina Merlata (73)";"2004";95
"Cascina Merlata (73)";"2005";102
"Cascina Merlata (73)";"2006";122
"Cascina Merlata (73)";"2007";141
"Cascina Merlata (73)";"2008";157
"Cascina Merlata (73)";"2009";197
"Cascina Merlata (73)";"2010";246
"Cascina Merlata (73)";"2011";315
"Cascina Merlata (73)";"2012";415
"Cascina Merlata (73)";"2013";477
"Cascina Merlata (73)";"2014";588
"Cascina Merlata (73)";"2015";679
"Cascina Merlata (73)";"2016";717
"Cascina Merlata (73)";"2017";769
"Cascina Merlata (73)";"2018";813
"Cascina Merlata (73)";"2019";873
"Cascina Merlata (73)";"2020";888
"Cascina Merlata (73)";"2021";870
"Cascina Merlata (73)";"2022";896
"Cascina Merlata (73)";"2023";960
"Roserio (74)";"1999";106
"Roserio (74)";"2000";115
"Roserio (74)";"2001";119
"Roserio (74)";"2002";121
"Roserio (74)";"2003";117
"Roserio (74)";"2004";120
"Roserio (74)";"2005";122
"Roserio (74)";"2006";120
"Roserio (74)";"2007";112
"Roserio (74)";"2008";113
"Roserio (74)";"2009";112
"Roserio (74)";"2010";116
"Roserio (74)";"2011";115
"Roserio (74)";"2012";114
"Roserio (74)";"2013";115
"Roserio (74)";"2014";115
"Roserio (74)";"2015";119
"Roserio (74)";"2016";120
"Roserio (74)";"2017";122
"Roserio (74)";"2018";127
"Roserio (74)";"2019";130
"Roserio (74)";"2020";123
"Roserio (74)";"2021";119
"Roserio (74)";"2022";125
"Roserio (74)";"2023";139
"Stephenson (75)";"1999";26
"Stephenson (75)";"2000";25
"Stephenson (75)";"2001";26
"Stephenson (75)";"2002";26
"Stephenson (75)";"2003";22
"Stephenson (75)";"2004";21
"Stephenson (75)";"2005";21
"Stephenson (75)";"2006";25
"Stephenson (75)";"2007";25
"Stephenson (75)";"2008";26
"Stephenson (75)";"2009";27
"Stephenson (75)";"2010";28
"Stephenson (75)";"2011";27
"Stephenson (75)";"2012";27
"Stephenson (75)";"2013";27
"Stephenson (75)";"2014";34
"Stephenson (75)";"2015";38
"Stephenson (75)";"2016";35
"Stephenson (75)";"2017";49
"Stephenson (75)";"2018";53
"Stephenson (75)";"2019";59
"Stephenson (75)";"2020";65
"Stephenson (75)";"2021";70
"Stephenson (75)";"2022";87
"Stephenson (75)";"2023";94
"Quarto Oggiaro - Vialba - Musocco (76)";"1999";13115
"Quarto Oggiaro - Vialba - Musocco (76)";"2000";13395
"Quarto Oggiaro - Vialba - Musocco (76)";"2001";13572
"Quarto Oggiaro - Vialba - Musocco (76)";"2002";13493
"Quarto Oggiaro - Vialba - Musocco (76)";"2003";13272
"Quarto Oggiaro - Vialba - Musocco (76)";"2004";13718
"Quarto Oggiaro - Vialba - Musocco (76)";"2005";14113
"Quarto Oggiaro - Vialba - Musocco (76)";"2006";14326
"Quarto Oggiaro - Vialba - Musocco (76)";"2007";14436
"Quarto Oggiaro - Vialba - Musocco (76)";"2008";14613
"Quarto Oggiaro - Vialba - Musocco (76)";"2009";14809
"Quarto Oggiaro - Vialba - Musocco (76)";"2010";14949
"Quarto Oggiaro - Vialba - Musocco (76)";"2011";15075
"Quarto Oggiaro - Vialba - Musocco (76)";"2012";15248
"Quarto Oggiaro - Vialba - Musocco (76)";"2013";14962
"Quarto Oggiaro - Vialba - Musocco (76)";"2014";14638
"Quarto Oggiaro - Vialba - Musocco (76)";"2015";14633
"Quarto Oggiaro - Vialba - Musocco (76)";"2016";14567
"Quarto Oggiaro - Vialba - Musocco (76)";"2017";14499
"Quarto Oggiaro - Vialba - Musocco (76)";"2018";14582
"Quarto Oggiaro - Vialba - Musocco (76)";"2019";14752
"Quarto Oggiaro - Vialba - Musocco (76)";"2020";14758
"Quarto Oggiaro - Vialba - Musocco (76)";"2021";14929
"Quarto Oggiaro - Vialba - Musocco (76)";"2022";15290
"Quarto Oggiaro - Vialba - Musocco (76)";"2023";15970
"Bovisa (77)";"1999";5794
"Bovisa (77)";"2000";5924
"Bovisa (77)";"2001";6105
"Bovisa (77)";"2002";6080
"Bovisa (77)";"2003";5730
"Bovisa (77)";"2004";6191
"Bovisa (77)";"2005";6335
"Bovisa (77)";"2006";6353
"Bovisa (77)";"2007";6372
"Bovisa (77)";"2008";6379
"Bovisa (77)";"2009";6637
"Bovisa (77)";"2010";6814
"Bovisa (77)";"2011";7093
"Bovisa (77)";"2012";7441
"Bovisa (77)";"2013";7448
"Bovisa (77)";"2014";7338
"Bovisa (77)";"2015";7580
"Bovisa (77)";"2016";7754
"Bovisa (77)";"2017";7900
"Bovisa (77)";"2018";7943
"Bovisa (77)";"2019";8077
"Bovisa (77)";"2020";7997
"Bovisa (77)";"2021";8025
"Bovisa (77)";"2022";8149
"Bovisa (77)";"2023";8403
"Farini (78)";"1999";1550
"Farini (78)";"2000";1624
"Farini (78)";"2001";1687
"Farini (78)";"2002";1704
"Farini (78)";"2003";1678
"Farini (78)";"2004";1895
"Farini (78)";"2005";1969
"Farini (78)";"2006";1969
"Farini (78)";"2007";1952
"Farini (78)";"2008";1967
"Farini (78)";"2009";2023
"Farini (78)";"2010";2132
"Farini (78)";"2011";2229
"Farini (78)";"2012";2349
"Farini (78)";"2013";2374
"Farini (78)";"2014";2303
"Farini (78)";"2015";2286
"Farini (78)";"2016";2273
"Farini (78)";"2017";2272
"Farini (78)";"2018";2239
"Farini (78)";"2019";2241
"Farini (78)";"2020";2228
"Farini (78)";"2021";2205
"Farini (78)";"2022";2232
"Farini (78)";"2023";2352
"Dergano (79)";"1999";8644
"Dergano (79)";"2000";8919
"Dergano (79)";"2001";9316
"Dergano (79)";"2002";9209
"Dergano (79)";"2003";8844
"Dergano (79)";"2004";9773
"Dergano (79)";"2005";10080
"Dergano (79)";"2006";10207
"Dergano (79)";"2007";10299
"Dergano (79)";"2008";10385
"Dergano (79)";"2009";10735
"Dergano (79)";"2010";11122
"Dergano (79)";"2011";11599
"Dergano (79)";"2012";12199
"Dergano (79)";"2013";12219
"Dergano (79)";"2014";12007
"Dergano (79)";"2015";12257
"Dergano (79)";"2016";12335
"Dergano (79)";"2017";12509
"Dergano (79)";"2018";12654
"Dergano (79)";"2019";12926
"Dergano (79)";"2020";13017
"Dergano (79)";"2021";13160
"Dergano (79)";"2022";13467
"Dergano (79)";"2023";14026
"Affori (80)";"1999";9200
"Affori (80)";"2000";9436
"Affori (80)";"2001";9585
"Affori (80)";"2002";9476
"Affori (80)";"2003";9193
"Affori (80)";"2004";9973
"Affori (80)";"2005";10357
"Affori (80)";"2006";10570
"Affori (80)";"2007";10731
"Affori (80)";"2008";10878
"Affori (80)";"2009";11189
"Affori (80)";"2010";11567
"Affori (80)";"2011";11974
"Affori (80)";"2012";12644
"Affori (80)";"2013";12625
"Affori (80)";"2014";12495
"Affori (80)";"2015";12679
"Affori (80)";"2016";12798
"Affori (80)";"2017";12877
"Affori (80)";"2018";13126
"Affori (80)";"2019";13306
"Affori (80)";"2020";13334
"Affori (80)";"2021";13477
"Affori (80)";"2022";13792
"Affori (80)";"2023";14468
"Bovisasca (81)";"1999";3123
"Bovisasca (81)";"2000";3131
"Bovisasca (81)";"2001";3127
"Bovisasca (81)";"2002";3142
"Bovisasca (81)";"2003";3037
"Bovisasca (81)";"2004";3122
"Bovisasca (81)";"2005";3156
"Bovisasca (81)";"2006";3196
"Bovisasca (81)";"2007";3257
"Bovisasca (81)";"2008";3265
"Bovisasca (81)";"2009";3312
"Bovisasca (81)";"2010";3378
"Bovisasca (81)";"2011";3400
"Bovisasca (81)";"2012";3455
"Bovisasca (81)";"2013";3432
"Bovisasca (81)";"2014";3400
"Bovisasca (81)";"2015";3383
"Bovisasca (81)";"2016";3369
"Bovisasca (81)";"2017";3412
"Bovisasca (81)";"2018";3382
"Bovisasca (81)";"2019";3566
"Bovisasca (81)";"2020";3532
"Bovisasca (81)";"2021";3505
"Bovisasca (81)";"2022";3557
"Bovisasca (81)";"2023";3759
"Comasina (82)";"1999";3837
"Comasina (82)";"2000";3895
"Comasina (82)";"2001";3961
"Comasina (82)";"2002";3982
"Comasina (82)";"2003";3886
"Comasina (82)";"2004";4065
"Comasina (82)";"2005";4172
"Comasina (82)";"2006";4204
"Comasina (82)";"2007";4243
"Comasina (82)";"2008";4239
"Comasina (82)";"2009";4294
"Comasina (82)";"2010";4385
"Comasina (82)";"2011";4523
"Comasina (82)";"2012";4684
"Comasina (82)";"2013";4589
"Comasina (82)";"2014";4511
"Comasina (82)";"2015";4499
"Comasina (82)";"2016";4495
"Comasina (82)";"2017";4495
"Comasina (82)";"2018";4535
"Comasina (82)";"2019";4575
"Comasina (82)";"2020";4538
"Comasina (82)";"2021";4589
"Comasina (82)";"2022";4820
"Comasina (82)";"2023";5102
"Bruzzano (83)";"1999";5035
"Bruzzano (83)";"2000";5115
"Bruzzano (83)";"2001";5190
"Bruzzano (83)";"2002";5100
"Bruzzano (83)";"2003";5014
"Bruzzano (83)";"2004";5192
"Bruzzano (83)";"2005";5244
"Bruzzano (83)";"2006";5238
"Bruzzano (83)";"2007";5294
"Bruzzano (83)";"2008";5364
"Bruzzano (83)";"2009";5594
"Bruzzano (83)";"2010";5753
"Bruzzano (83)";"2011";5915
"Bruzzano (83)";"2012";6020
"Bruzzano (83)";"2013";6126
"Bruzzano (83)";"2014";6111
"Bruzzano (83)";"2015";6166
"Bruzzano (83)";"2016";6166
"Bruzzano (83)";"2017";6190
"Bruzzano (83)";"2018";6190
"Bruzzano (83)";"2019";6208
"Bruzzano (83)";"2020";6170
"Bruzzano (83)";"2021";6174
"Bruzzano (83)";"2022";6241
"Bruzzano (83)";"2023";6388
"Parco Nord (84)";"1999";67
"Parco Nord (84)";"2000";66
"Parco Nord (84)";"2001";67
"Parco Nord (84)";"2002";67
"Parco Nord (84)";"2003";64
"Parco Nord (84)";"2004";66
"Parco Nord (84)";"2005";69
"Parco Nord (84)";"2006";62
"Parco Nord (84)";"2007";74
"Parco Nord (84)";"2008";73
"Parco Nord (84)";"2009";69
"Parco Nord (84)";"2010";70
"Parco Nord (84)";"2011";76
"Parco Nord (84)";"2012";76
"Parco Nord (84)";"2013";70
"Parco Nord (84)";"2014";49
"Parco Nord (84)";"2015";49
"Parco Nord (84)";"2016";52
"Parco Nord (84)";"2017";50
"Parco Nord (84)";"2018";49
"Parco Nord (84)";"2019";53
"Parco Nord (84)";"2020";56
"Parco Nord (84)";"2021";57
"Parco Nord (84)";"2022";52
"Parco Nord (84)";"2023";49
"Parco delle Abbazie (85)";"1999";128
"Parco delle Abbazie (85)";"2000";133
"Parco delle Abbazie (85)";"2001";133
"Parco delle Abbazie (85)";"2002";131
"Parco delle Abbazie (85)";"2003";126
"Parco delle Abbazie (85)";"2004";133
"Parco delle Abbazie (85)";"2005";128
"Parco delle Abbazie (85)";"2006";130
"Parco delle Abbazie (85)";"2007";147
"Parco delle Abbazie (85)";"2008";177
"Parco delle Abbazie (85)";"2009";193
"Parco delle Abbazie (85)";"2010";201
"Parco delle Abbazie (85)";"2011";208
"Parco delle Abbazie (85)";"2012";226
"Parco delle Abbazie (85)";"2013";219
"Parco delle Abbazie (85)";"2014";204
"Parco delle Abbazie (85)";"2015";195
"Parco delle Abbazie (85)";"2016";184
"Parco delle Abbazie (85)";"2017";172
"Parco delle Abbazie (85)";"2018";170
"Parco delle Abbazie (85)";"2019";180
"Parco delle Abbazie (85)";"2020";166
"Parco delle Abbazie (85)";"2021";181
"Parco delle Abbazie (85)";"2022";171
"Parco delle Abbazie (85)";"2023";188
"Parco dei Navigli (86)";"1999";166
"Parco dei Navigli (86)";"2000";174
"Parco dei Navigli (86)";"2001";177
"Parco dei Navigli (86)";"2002";170
"Parco dei Navigli (86)";"2003";150
"Parco dei Navigli (86)";"2004";144
"Parco dei Navigli (86)";"2005";146
"Parco dei Navigli (86)";"2006";154
"Parco dei Navigli (86)";"2007";162
"Parco dei Navigli (86)";"2008";158
"Parco dei Navigli (86)";"2009";149
"Parco dei Navigli (86)";"2010";144
"Parco dei Navigli (86)";"2011";151
"Parco dei Navigli (86)";"2012";154
"Parco dei Navigli (86)";"2013";160
"Parco dei Navigli (86)";"2014";160
"Parco dei Navigli (86)";"2015";154
"Parco dei Navigli (86)";"2016";152
"Parco dei Navigli (86)";"2017";149
"Parco dei Navigli (86)";"2018";154
"Parco dei Navigli (86)";"2019";164
"Parco dei Navigli (86)";"2020";163
"Parco dei Navigli (86)";"2021";171
"Parco dei Navigli (86)";"2022";180
"Parco dei Navigli (86)";"2023";187
"Assiano (87)";"1999";97
"Assiano (87)";"2000";99
"Assiano (87)";"2001";102
"Assiano (87)";"2002";89
"Assiano (87)";"2003";76
"Assiano (87)";"2004";79
"Assiano (87)";"2005";84
"Assiano (87)";"2006";86
"Assiano (87)";"2007";84
"Assiano (87)";"2008";89
"Assiano (87)";"2009";107
"Assiano (87)";"2010";114
"Assiano (87)";"2011";121
"Assiano (87)";"2012";127
"Assiano (87)";"2013";137
"Assiano (87)";"2014";137
"Assiano (87)";"2015";140
"Assiano (87)";"2016";133
"Assiano (87)";"2017";127
"Assiano (87)";"2018";137
"Assiano (87)";"2019";127
"Assiano (87)";"2020";117
"Assiano (87)";"2021";96
"Assiano (87)";"2022";107
"Assiano (87)";"2023";108
"Parco Bosco in citta' (88)";"1999";225
"Parco Bosco in citta' (88)";"2000";217
"Parco Bosco in citta' (88)";"2001";254
"Parco Bosco in citta' (88)";"2002";188
"Parco Bosco in citta' (88)";"2003";155
"Parco Bosco in citta' (88)";"2004";202
"Parco Bosco in citta' (88)";"2005";300
"Parco Bosco in citta' (88)";"2006";370
"Parco Bosco in citta' (88)";"2007";362
"Parco Bosco in citta' (88)";"2008";368
"Parco Bosco in citta' (88)";"2009";417
"Parco Bosco in citta' (88)";"2010";454
"Parco Bosco in citta' (88)";"2011";357
"Parco Bosco in citta' (88)";"2012";267
"Parco Bosco in citta' (88)";"2013";214
"Parco Bosco in citta' (88)";"2014";217
"Parco Bosco in citta' (88)";"2015";217
"Parco Bosco in citta' (88)";"2016";206
"Parco Bosco in citta' (88)";"2017";282
"Parco Bosco in citta' (88)";"2018";330
"Parco Bosco in citta' (88)";"2019";355
"Parco Bosco in citta' (88)";"2020";351
"Parco Bosco in citta' (88)";"2021";348
"Parco Bosco in citta' (88)";"2022";362
"Parco Bosco in citta' (88)";"2023";385
