ID_NIL;NIL ;Anno;Residenti
17;Adriano ;1999;9813
17;Adriano ;2000;10307
17;Adriano ;2001;11021
17;Adriano ;2002;11132
17;Adriano ;2003;11000
17;Adriano ;2004;11322
17;Adriano ;2005;11508
17;Adriano ;2006;11667
17;Adriano ;2007;11731
17;Adriano ;2008;11788
17;Adriano ;2009;12048
17;Adriano ;2010;12607
17;Adriano ;2011;14230
17;Adriano ;2012;15307
17;Adriano ;2013;15520
17;Adriano ;2014;15647
17;Adriano ;2015;15991
17;Adriano ;2016;16431
17;Adriano ;2017;16947
17;Adriano ;2018;17508
17;Adriano ;2019;17691
17;Adriano ;2020;17685
17;Adriano ;2021;17741
17;Adriano ;2022;18022
80;Affori ;1999;19502
80;Affori ;2000;19611
80;Affori ;2001;19685
80;Affori ;2002;19438
80;Affori ;2003;18871
80;Affori ;2004;19838
80;Affori ;2005;20469
80;Affori ;2006;20742
80;Affori ;2007;20968
80;Affori ;2008;21318
80;Affori ;2009;21753
80;Affori ;2010;22350
80;Affori ;2011;23061
80;Affori ;2012;24064
80;Affori ;2013;23999
80;Affori ;2014;24038
80;Affori ;2015;24540
80;Affori ;2016;24738
80;Affori ;2017;24893
80;Affori ;2018;25341
80;Affori ;2019;25396
80;Affori ;2020;25305
80;Affori ;2021;25414
80;Affori ;2022;25669
87;Assiano ;1999;273
87;Assiano ;2000;274
87;Assiano ;2001;298
87;Assiano ;2002;245
87;Assiano ;2003;214
87;Assiano ;2004;213
87;Assiano ;2005;235
87;Assiano ;2006;244
87;Assiano ;2007;246
87;Assiano ;2008;259
87;Assiano ;2009;289
87;Assiano ;2010;304
87;Assiano ;2011;294
87;Assiano ;2012;307
87;Assiano ;2013;322
87;Assiano ;2014;324
87;Assiano ;2015;324
87;Assiano ;2016;297
87;Assiano ;2017;302
87;Assiano ;2018;319
87;Assiano ;2019;295
87;Assiano ;2020;271
87;Assiano ;2021;201
87;Assiano ;2022;211
55;Baggio - Q.Re Degli Olmi - Q.Re Valsesia ;1999;29977
55;Baggio - Q.Re Degli Olmi - Q.Re Valsesia ;2000;30089
55;Baggio - Q.Re Degli Olmi - Q.Re Valsesia ;2001;30059
55;Baggio - Q.Re Degli Olmi - Q.Re Valsesia ;2002;29723
55;Baggio - Q.Re Degli Olmi - Q.Re Valsesia ;2003;29025
55;Baggio - Q.Re Degli Olmi - Q.Re Valsesia ;2004;29322
55;Baggio - Q.Re Degli Olmi - Q.Re Valsesia ;2005;29356
55;Baggio - Q.Re Degli Olmi - Q.Re Valsesia ;2006;29228
55;Baggio - Q.Re Degli Olmi - Q.Re Valsesia ;2007;29148
55;Baggio - Q.Re Degli Olmi - Q.Re Valsesia ;2008;28986
55;Baggio - Q.Re Degli Olmi - Q.Re Valsesia ;2009;28950
55;Baggio - Q.Re Degli Olmi - Q.Re Valsesia ;2010;29324
55;Baggio - Q.Re Degli Olmi - Q.Re Valsesia ;2011;29594
55;Baggio - Q.Re Degli Olmi - Q.Re Valsesia ;2012;29848
55;Baggio - Q.Re Degli Olmi - Q.Re Valsesia ;2013;29295
55;Baggio - Q.Re Degli Olmi - Q.Re Valsesia ;2014;29422
55;Baggio - Q.Re Degli Olmi - Q.Re Valsesia ;2015;29548
55;Baggio - Q.Re Degli Olmi - Q.Re Valsesia ;2016;29581
55;Baggio - Q.Re Degli Olmi - Q.Re Valsesia ;2017;29661
55;Baggio - Q.Re Degli Olmi - Q.Re Valsesia ;2018;30017
55;Baggio - Q.Re Degli Olmi - Q.Re Valsesia ;2019;30262
55;Baggio - Q.Re Degli Olmi - Q.Re Valsesia ;2020;29916
55;Baggio - Q.Re Degli Olmi - Q.Re Valsesia ;2021;29873
55;Baggio - Q.Re Degli Olmi - Q.Re Valsesia ;2022;30434
52;Bande Nere ;1999;47535
52;Bande Nere ;2000;47142
52;Bande Nere ;2001;46715
52;Bande Nere ;2002;45827
52;Bande Nere ;2003;43686
52;Bande Nere ;2004;44060
52;Bande Nere ;2005;43835
52;Bande Nere ;2006;43261
52;Bande Nere ;2007;42889
52;Bande Nere ;2008;42600
52;Bande Nere ;2009;42823
52;Bande Nere ;2010;42987
52;Bande Nere ;2011;43455
52;Bande Nere ;2012;43948
52;Bande Nere ;2013;43436
52;Bande Nere ;2014;43290
52;Bande Nere ;2015;43607
52;Bande Nere ;2016;43750
52;Bande Nere ;2017;44230
52;Bande Nere ;2018;44576
52;Bande Nere ;2019;44784
52;Bande Nere ;2020;44222
52;Bande Nere ;2021;43808
52;Bande Nere ;2022;44048
46;Barona ;1999;19575
46;Barona ;2000;19242
46;Barona ;2001;18905
46;Barona ;2002;18623
46;Barona ;2003;18149
46;Barona ;2004;18091
46;Barona ;2005;17968
46;Barona ;2006;17949
46;Barona ;2007;17769
46;Barona ;2008;17521
46;Barona ;2009;17375
46;Barona ;2010;17257
46;Barona ;2011;17331
46;Barona ;2012;17177
46;Barona ;2013;16974
46;Barona ;2014;17021
46;Barona ;2015;16804
46;Barona ;2016;16872
46;Barona ;2017;17018
46;Barona ;2018;16988
46;Barona ;2019;16842
46;Barona ;2020;16616
46;Barona ;2021;16575
46;Barona ;2022;16658
15;Bicocca ;1999;5199
15;Bicocca ;2000;5437
15;Bicocca ;2001;5620
15;Bicocca ;2002;5618
15;Bicocca ;2003;5662
15;Bicocca ;2004;6025
15;Bicocca ;2005;6145
15;Bicocca ;2006;6309
15;Bicocca ;2007;6332
15;Bicocca ;2008;6463
15;Bicocca ;2009;6565
15;Bicocca ;2010;6710
15;Bicocca ;2011;6912
15;Bicocca ;2012;7357
15;Bicocca ;2013;7563
15;Bicocca ;2014;8038
15;Bicocca ;2015;8224
15;Bicocca ;2016;8431
15;Bicocca ;2017;8543
15;Bicocca ;2018;8677
15;Bicocca ;2019;8691
15;Bicocca ;2020;8583
15;Bicocca ;2021;8516
15;Bicocca ;2022;8743
77;Bovisa ;1999;11350
77;Bovisa ;2000;11453
77;Bovisa ;2001;11653
77;Bovisa ;2002;11582
77;Bovisa ;2003;11021
77;Bovisa ;2004;11511
77;Bovisa ;2005;11746
77;Bovisa ;2006;11702
77;Bovisa ;2007;11707
77;Bovisa ;2008;11651
77;Bovisa ;2009;12060
77;Bovisa ;2010;12240
77;Bovisa ;2011;12587
77;Bovisa ;2012;13007
77;Bovisa ;2013;12994
77;Bovisa ;2014;13002
77;Bovisa ;2015;13417
77;Bovisa ;2016;13742
77;Bovisa ;2017;13917
77;Bovisa ;2018;13986
77;Bovisa ;2019;14145
77;Bovisa ;2020;13955
77;Bovisa ;2021;13945
77;Bovisa ;2022;13993
81;Bovisasca ;1999;7619
81;Bovisasca ;2000;7561
81;Bovisasca ;2001;7489
81;Bovisasca ;2002;7445
81;Bovisasca ;2003;7251
81;Bovisasca ;2004;7287
81;Bovisasca ;2005;7320
81;Bovisasca ;2006;7328
81;Bovisasca ;2007;7377
81;Bovisasca ;2008;7296
81;Bovisasca ;2009;7290
81;Bovisasca ;2010;7351
81;Bovisasca ;2011;7335
81;Bovisasca ;2012;7423
81;Bovisasca ;2013;7263
81;Bovisasca ;2014;7222
81;Bovisasca ;2015;7108
81;Bovisasca ;2016;7070
81;Bovisasca ;2017;7097
81;Bovisasca ;2018;7037
81;Bovisasca ;2019;7363
81;Bovisasca ;2020;7273
81;Bovisasca ;2021;7230
81;Bovisasca ;2022;7282
2;Brera ;1999;19623
2;Brera ;2000;19525
2;Brera ;2001;19566
2;Brera ;2002;19401
2;Brera ;2003;17944
2;Brera ;2004;18197
2;Brera ;2005;18205
2;Brera ;2006;18121
2;Brera ;2007;18080
2;Brera ;2008;18014
2;Brera ;2009;18049
2;Brera ;2010;18030
2;Brera ;2011;18094
2;Brera ;2012;18230
2;Brera ;2013;17851
2;Brera ;2014;17849
2;Brera ;2015;17871
2;Brera ;2016;17956
2;Brera ;2017;18199
2;Brera ;2018;18501
2;Brera ;2019;18536
2;Brera ;2020;18492
2;Brera ;2021;18156
2;Brera ;2022;18294
83;Bruzzano ;1999;11758
83;Bruzzano ;2000;11775
83;Bruzzano ;2001;11794
83;Bruzzano ;2002;11624
83;Bruzzano ;2003;11416
83;Bruzzano ;2004;11509
83;Bruzzano ;2005;11508
83;Bruzzano ;2006;11430
83;Bruzzano ;2007;11448
83;Bruzzano ;2008;11477
83;Bruzzano ;2009;11753
83;Bruzzano ;2010;11999
83;Bruzzano ;2011;12241
83;Bruzzano ;2012;12449
83;Bruzzano ;2013;12564
83;Bruzzano ;2014;12699
83;Bruzzano ;2015;12842
83;Bruzzano ;2016;12868
83;Bruzzano ;2017;12928
83;Bruzzano ;2018;12889
83;Bruzzano ;2019;12802
83;Bruzzano ;2020;12627
83;Bruzzano ;2021;12635
83;Bruzzano ;2022;12697
21;Buenos Aires - Porta Venezia - Porta Monforte ;1999;65171
21;Buenos Aires - Porta Venezia - Porta Monforte ;2000;65264
21;Buenos Aires - Porta Venezia - Porta Monforte ;2001;65256
21;Buenos Aires - Porta Venezia - Porta Monforte ;2002;64107
21;Buenos Aires - Porta Venezia - Porta Monforte ;2003;60278
21;Buenos Aires - Porta Venezia - Porta Monforte ;2004;61271
21;Buenos Aires - Porta Venezia - Porta Monforte ;2005;61543
21;Buenos Aires - Porta Venezia - Porta Monforte ;2006;60752
21;Buenos Aires - Porta Venezia - Porta Monforte ;2007;60312
21;Buenos Aires - Porta Venezia - Porta Monforte ;2008;60517
21;Buenos Aires - Porta Venezia - Porta Monforte ;2009;60710
21;Buenos Aires - Porta Venezia - Porta Monforte ;2010;61309
21;Buenos Aires - Porta Venezia - Porta Monforte ;2011;61574
21;Buenos Aires - Porta Venezia - Porta Monforte ;2012;62336
21;Buenos Aires - Porta Venezia - Porta Monforte ;2013;61517
21;Buenos Aires - Porta Venezia - Porta Monforte ;2014;60880
21;Buenos Aires - Porta Venezia - Porta Monforte ;2015;61202
21;Buenos Aires - Porta Venezia - Porta Monforte ;2016;61556
21;Buenos Aires - Porta Venezia - Porta Monforte ;2017;61891
21;Buenos Aires - Porta Venezia - Porta Monforte ;2018;62438
21;Buenos Aires - Porta Venezia - Porta Monforte ;2019;62812
21;Buenos Aires - Porta Venezia - Porta Monforte ;2020;62347
21;Buenos Aires - Porta Venezia - Porta Monforte ;2021;62093
21;Buenos Aires - Porta Venezia - Porta Monforte ;2022;62371
47;Cantalupa ;1999;376
47;Cantalupa ;2000;390
47;Cantalupa ;2001;401
47;Cantalupa ;2002;396
47;Cantalupa ;2003;376
47;Cantalupa ;2004;375
47;Cantalupa ;2005;387
47;Cantalupa ;2006;429
47;Cantalupa ;2007;452
47;Cantalupa ;2008;459
47;Cantalupa ;2009;475
47;Cantalupa ;2010;459
47;Cantalupa ;2011;464
47;Cantalupa ;2012;471
47;Cantalupa ;2013;467
47;Cantalupa ;2014;487
47;Cantalupa ;2015;476
47;Cantalupa ;2016;498
47;Cantalupa ;2017;510
47;Cantalupa ;2018;515
47;Cantalupa ;2019;539
47;Cantalupa ;2020;551
47;Cantalupa ;2021;582
47;Cantalupa ;2022;586
73;Cascina Merlata ;1999;16
73;Cascina Merlata ;2000;17
73;Cascina Merlata ;2001;37
73;Cascina Merlata ;2002;66
73;Cascina Merlata ;2003;128
73;Cascina Merlata ;2004;164
73;Cascina Merlata ;2005;166
73;Cascina Merlata ;2006;185
73;Cascina Merlata ;2007;206
73;Cascina Merlata ;2008;226
73;Cascina Merlata ;2009;271
73;Cascina Merlata ;2010;319
73;Cascina Merlata ;2011;388
73;Cascina Merlata ;2012;467
73;Cascina Merlata ;2013;512
73;Cascina Merlata ;2014;627
73;Cascina Merlata ;2015;716
73;Cascina Merlata ;2016;752
73;Cascina Merlata ;2017;809
73;Cascina Merlata ;2018;856
73;Cascina Merlata ;2019;922
73;Cascina Merlata ;2020;933
73;Cascina Merlata ;2021;919
73;Cascina Merlata ;2022;943
34;Chiaravalle ;1999;1191
34;Chiaravalle ;2000;1190
34;Chiaravalle ;2001;1182
34;Chiaravalle ;2002;1172
34;Chiaravalle ;2003;1133
34;Chiaravalle ;2004;1125
34;Chiaravalle ;2005;1138
34;Chiaravalle ;2006;1140
34;Chiaravalle ;2007;1133
34;Chiaravalle ;2008;1127
34;Chiaravalle ;2009;1100
34;Chiaravalle ;2010;1101
34;Chiaravalle ;2011;1108
34;Chiaravalle ;2012;1155
34;Chiaravalle ;2013;1118
34;Chiaravalle ;2014;1106
34;Chiaravalle ;2015;1086
34;Chiaravalle ;2016;1066
34;Chiaravalle ;2017;1055
34;Chiaravalle ;2018;1041
34;Chiaravalle ;2019;1061
34;Chiaravalle ;2020;1036
34;Chiaravalle ;2021;1015
34;Chiaravalle ;2022;1016
18;Cimiano - Rottole - Q.Re Feltre ;1999;21133
18;Cimiano - Rottole - Q.Re Feltre ;2000;21073
18;Cimiano - Rottole - Q.Re Feltre ;2001;20892
18;Cimiano - Rottole - Q.Re Feltre ;2002;20622
18;Cimiano - Rottole - Q.Re Feltre ;2003;19793
18;Cimiano - Rottole - Q.Re Feltre ;2004;20012
18;Cimiano - Rottole - Q.Re Feltre ;2005;19891
18;Cimiano - Rottole - Q.Re Feltre ;2006;19711
18;Cimiano - Rottole - Q.Re Feltre ;2007;19595
18;Cimiano - Rottole - Q.Re Feltre ;2008;19452
18;Cimiano - Rottole - Q.Re Feltre ;2009;19619
18;Cimiano - Rottole - Q.Re Feltre ;2010;19560
18;Cimiano - Rottole - Q.Re Feltre ;2011;19727
18;Cimiano - Rottole - Q.Re Feltre ;2012;19975
18;Cimiano - Rottole - Q.Re Feltre ;2013;19716
18;Cimiano - Rottole - Q.Re Feltre ;2014;19642
18;Cimiano - Rottole - Q.Re Feltre ;2015;19525
18;Cimiano - Rottole - Q.Re Feltre ;2016;19360
18;Cimiano - Rottole - Q.Re Feltre ;2017;19546
18;Cimiano - Rottole - Q.Re Feltre ;2018;19703
18;Cimiano - Rottole - Q.Re Feltre ;2019;19699
18;Cimiano - Rottole - Q.Re Feltre ;2020;19596
18;Cimiano - Rottole - Q.Re Feltre ;2021;19447
18;Cimiano - Rottole - Q.Re Feltre ;2022;19565
22;Citta' Studi ;1999;39704
22;Citta' Studi ;2000;39630
22;Citta' Studi ;2001;39682
22;Citta' Studi ;2002;38994
22;Citta' Studi ;2003;36739
22;Citta' Studi ;2004;37177
22;Citta' Studi ;2005;37188
22;Citta' Studi ;2006;36962
22;Citta' Studi ;2007;36405
22;Citta' Studi ;2008;36009
22;Citta' Studi ;2009;36165
22;Citta' Studi ;2010;36462
22;Citta' Studi ;2011;36821
22;Citta' Studi ;2012;37065
22;Citta' Studi ;2013;36463
22;Citta' Studi ;2014;36137
22;Citta' Studi ;2015;36044
22;Citta' Studi ;2016;36121
22;Citta' Studi ;2017;36232
22;Citta' Studi ;2018;36393
22;Citta' Studi ;2019;36559
22;Citta' Studi ;2020;36376
22;Citta' Studi ;2021;35964
22;Citta' Studi ;2022;36107
82;Comasina ;1999;8305
82;Comasina ;2000;8379
82;Comasina ;2001;8433
82;Comasina ;2002;8461
82;Comasina ;2003;8268
82;Comasina ;2004;8546
82;Comasina ;2005;8779
82;Comasina ;2006;8866
82;Comasina ;2007;8923
82;Comasina ;2008;8903
82;Comasina ;2009;9017
82;Comasina ;2010;9145
82;Comasina ;2011;9376
82;Comasina ;2012;9595
82;Comasina ;2013;9438
82;Comasina ;2014;9427
82;Comasina ;2015;9449
82;Comasina ;2016;9512
82;Comasina ;2017;9524
82;Comasina ;2018;9616
82;Comasina ;2019;9619
82;Comasina ;2020;9495
82;Comasina ;2021;9547
82;Comasina ;2022;9792
25;Corsica ;1999;18882
25;Corsica ;2000;18837
25;Corsica ;2001;18812
25;Corsica ;2002;18613
25;Corsica ;2003;17585
25;Corsica ;2004;17923
25;Corsica ;2005;17992
25;Corsica ;2006;17869
25;Corsica ;2007;17936
25;Corsica ;2008;18004
25;Corsica ;2009;18267
25;Corsica ;2010;18492
25;Corsica ;2011;18813
25;Corsica ;2012;19103
25;Corsica ;2013;18991
25;Corsica ;2014;18944
25;Corsica ;2015;19086
25;Corsica ;2016;19441
25;Corsica ;2017;19619
25;Corsica ;2018;19709
25;Corsica ;2019;19798
25;Corsica ;2020;19658
25;Corsica ;2021;19482
25;Corsica ;2022;19532
58;De Angeli - Monte Rosa ;1999;22243
58;De Angeli - Monte Rosa ;2000;22159
58;De Angeli - Monte Rosa ;2001;22135
58;De Angeli - Monte Rosa ;2002;21826
58;De Angeli - Monte Rosa ;2003;20592
58;De Angeli - Monte Rosa ;2004;20798
58;De Angeli - Monte Rosa ;2005;20836
58;De Angeli - Monte Rosa ;2006;20710
58;De Angeli - Monte Rosa ;2007;20459
58;De Angeli - Monte Rosa ;2008;20314
58;De Angeli - Monte Rosa ;2009;20463
58;De Angeli - Monte Rosa ;2010;20502
58;De Angeli - Monte Rosa ;2011;20748
58;De Angeli - Monte Rosa ;2012;20969
58;De Angeli - Monte Rosa ;2013;20755
58;De Angeli - Monte Rosa ;2014;20599
58;De Angeli - Monte Rosa ;2015;20597
58;De Angeli - Monte Rosa ;2016;20887
58;De Angeli - Monte Rosa ;2017;21163
58;De Angeli - Monte Rosa ;2018;21400
58;De Angeli - Monte Rosa ;2019;21535
58;De Angeli - Monte Rosa ;2020;21394
58;De Angeli - Monte Rosa ;2021;21405
58;De Angeli - Monte Rosa ;2022;21663
79;Dergano ;1999;17426
79;Dergano ;2000;17693
79;Dergano ;2001;18231
79;Dergano ;2002;18141
79;Dergano ;2003;17480
79;Dergano ;2004;18585
79;Dergano ;2005;19007
79;Dergano ;2006;19239
79;Dergano ;2007;19312
79;Dergano ;2008;19438
79;Dergano ;2009;20015
79;Dergano ;2010;20602
79;Dergano ;2011;21252
79;Dergano ;2012;22082
79;Dergano ;2013;22185
79;Dergano ;2014;22215
79;Dergano ;2015;22569
79;Dergano ;2016;22681
79;Dergano ;2017;22960
79;Dergano ;2018;23147
79;Dergano ;2019;23474
79;Dergano ;2020;23546
79;Dergano ;2021;23597
79;Dergano ;2022;23875
1;Duomo ;1999;19817
1;Duomo ;2000;19634
1;Duomo ;2001;19813
1;Duomo ;2002;19312
1;Duomo ;2003;18118
1;Duomo ;2004;18124
1;Duomo ;2005;18088
1;Duomo ;2006;17825
1;Duomo ;2007;17489
1;Duomo ;2008;17169
1;Duomo ;2009;17156
1;Duomo ;2010;17246
1;Duomo ;2011;17202
1;Duomo ;2012;17218
1;Duomo ;2013;16630
1;Duomo ;2014;16402
1;Duomo ;2015;16634
1;Duomo ;2016;16903
1;Duomo ;2017;16882
1;Duomo ;2018;16889
1;Duomo ;2019;17027
1;Duomo ;2020;16765
1;Duomo ;2021;16706
1;Duomo ;2022;16608
78;Farini ;1999;2972
78;Farini ;2000;3079
78;Farini ;2001;3130
78;Farini ;2002;3172
78;Farini ;2003;3103
78;Farini ;2004;3358
78;Farini ;2005;3470
78;Farini ;2006;3496
78;Farini ;2007;3447
78;Farini ;2008;3441
78;Farini ;2009;3576
78;Farini ;2010;3694
78;Farini ;2011;3820
78;Farini ;2012;3973
78;Farini ;2013;3974
78;Farini ;2014;3934
78;Farini ;2015;3976
78;Farini ;2016;3957
78;Farini ;2017;3932
78;Farini ;2018;3911
78;Farini ;2019;3836
78;Farini ;2020;3807
78;Farini ;2021;3784
78;Farini ;2022;3790
63;Figino ;1999;1674
63;Figino ;2000;1677
63;Figino ;2001;1682
63;Figino ;2002;1681
63;Figino ;2003;1632
63;Figino ;2004;1648
63;Figino ;2005;1655
63;Figino ;2006;1649
63;Figino ;2007;1630
63;Figino ;2008;1617
63;Figino ;2009;1676
63;Figino ;2010;1717
63;Figino ;2011;1743
63;Figino ;2012;1745
63;Figino ;2013;1728
63;Figino ;2014;1704
63;Figino ;2015;1936
63;Figino ;2016;2060
63;Figino ;2017;2170
63;Figino ;2018;2312
63;Figino ;2019;2436
63;Figino ;2020;2405
63;Figino ;2021;2445
63;Figino ;2022;2543
56;Forze Armate ;1999;25381
56;Forze Armate ;2000;25053
56;Forze Armate ;2001;24970
56;Forze Armate ;2002;24591
56;Forze Armate ;2003;24113
56;Forze Armate ;2004;24195
56;Forze Armate ;2005;24144
56;Forze Armate ;2006;23933
56;Forze Armate ;2007;23760
56;Forze Armate ;2008;23426
56;Forze Armate ;2009;23227
56;Forze Armate ;2010;23050
56;Forze Armate ;2011;23543
56;Forze Armate ;2012;23995
56;Forze Armate ;2013;23785
56;Forze Armate ;2014;24292
56;Forze Armate ;2015;24267
56;Forze Armate ;2016;24284
56;Forze Armate ;2017;24329
56;Forze Armate ;2018;24520
56;Forze Armate ;2019;24985
56;Forze Armate ;2020;24871
56;Forze Armate ;2021;25022
56;Forze Armate ;2022;25181
70;Ghisolfa ;1999;16929
70;Ghisolfa ;2000;17038
70;Ghisolfa ;2001;17305
70;Ghisolfa ;2002;17135
70;Ghisolfa ;2003;16564
70;Ghisolfa ;2004;16862
70;Ghisolfa ;2005;16883
70;Ghisolfa ;2006;16718
70;Ghisolfa ;2007;16591
70;Ghisolfa ;2008;16491
70;Ghisolfa ;2009;16633
70;Ghisolfa ;2010;16814
70;Ghisolfa ;2011;17107
70;Ghisolfa ;2012;17356
70;Ghisolfa ;2013;17337
70;Ghisolfa ;2014;17251
70;Ghisolfa ;2015;17452
70;Ghisolfa ;2016;17638
70;Ghisolfa ;2017;17945
70;Ghisolfa ;2018;17975
70;Ghisolfa ;2019;18207
70;Ghisolfa ;2020;18122
70;Ghisolfa ;2021;18017
70;Ghisolfa ;2022;18051
49;Giambellino ;1999;29340
49;Giambellino ;2000;29609
49;Giambellino ;2001;29901
49;Giambellino ;2002;29696
49;Giambellino ;2003;28862
49;Giambellino ;2004;29709
49;Giambellino ;2005;30057
49;Giambellino ;2006;30085
49;Giambellino ;2007;30215
49;Giambellino ;2008;30074
49;Giambellino ;2009;30143
49;Giambellino ;2010;30730
49;Giambellino ;2011;31256
49;Giambellino ;2012;32013
49;Giambellino ;2013;31836
49;Giambellino ;2014;31689
49;Giambellino ;2015;31588
49;Giambellino ;2016;31482
49;Giambellino ;2017;31435
49;Giambellino ;2018;31585
49;Giambellino ;2019;31601
49;Giambellino ;2020;31176
49;Giambellino ;2021;30905
49;Giambellino ;2022;30892
3;Giardini P.Ta Venezia ;1999;53
3;Giardini P.Ta Venezia ;2000;54
3;Giardini P.Ta Venezia ;2001;56
3;Giardini P.Ta Venezia ;2002;54
3;Giardini P.Ta Venezia ;2003;45
3;Giardini P.Ta Venezia ;2004;40
3;Giardini P.Ta Venezia ;2005;40
3;Giardini P.Ta Venezia ;2006;46
3;Giardini P.Ta Venezia ;2007;46
3;Giardini P.Ta Venezia ;2008;48
3;Giardini P.Ta Venezia ;2009;48
3;Giardini P.Ta Venezia ;2010;49
3;Giardini P.Ta Venezia ;2011;53
3;Giardini P.Ta Venezia ;2012;57
3;Giardini P.Ta Venezia ;2013;47
3;Giardini P.Ta Venezia ;2014;52
3;Giardini P.Ta Venezia ;2015;55
3;Giardini P.Ta Venezia ;2016;50
3;Giardini P.Ta Venezia ;2017;38
3;Giardini P.Ta Venezia ;2018;39
3;Giardini P.Ta Venezia ;2019;45
3;Giardini P.Ta Venezia ;2020;36
3;Giardini P.Ta Venezia ;2021;42
3;Giardini P.Ta Venezia ;2022;43
16;Gorla - Precotto ;1999;24524
16;Gorla - Precotto ;2000;24695
16;Gorla - Precotto ;2001;24645
16;Gorla - Precotto ;2002;24473
16;Gorla - Precotto ;2003;23785
16;Gorla - Precotto ;2004;24433
16;Gorla - Precotto ;2005;24996
16;Gorla - Precotto ;2006;25314
16;Gorla - Precotto ;2007;25524
16;Gorla - Precotto ;2008;25739
16;Gorla - Precotto ;2009;26294
16;Gorla - Precotto ;2010;26787
16;Gorla - Precotto ;2011;27317
16;Gorla - Precotto ;2012;27931
16;Gorla - Precotto ;2013;27880
16;Gorla - Precotto ;2014;28149
16;Gorla - Precotto ;2015;28458
16;Gorla - Precotto ;2016;28741
16;Gorla - Precotto ;2017;29209
16;Gorla - Precotto ;2018;29529
16;Gorla - Precotto ;2019;29798
16;Gorla - Precotto ;2020;29523
16;Gorla - Precotto ;2021;29488
16;Gorla - Precotto ;2022;29666
41;Gratosoglio - Q.Re Missaglia - Q.Re Terrazze ;1999;19089
41;Gratosoglio - Q.Re Missaglia - Q.Re Terrazze ;2000;19469
41;Gratosoglio - Q.Re Missaglia - Q.Re Terrazze ;2001;19392
41;Gratosoglio - Q.Re Missaglia - Q.Re Terrazze ;2002;19239
41;Gratosoglio - Q.Re Missaglia - Q.Re Terrazze ;2003;18921
41;Gratosoglio - Q.Re Missaglia - Q.Re Terrazze ;2004;18905
41;Gratosoglio - Q.Re Missaglia - Q.Re Terrazze ;2005;19048
41;Gratosoglio - Q.Re Missaglia - Q.Re Terrazze ;2006;18949
41;Gratosoglio - Q.Re Missaglia - Q.Re Terrazze ;2007;18767
41;Gratosoglio - Q.Re Missaglia - Q.Re Terrazze ;2008;18672
41;Gratosoglio - Q.Re Missaglia - Q.Re Terrazze ;2009;18680
41;Gratosoglio - Q.Re Missaglia - Q.Re Terrazze ;2010;18869
41;Gratosoglio - Q.Re Missaglia - Q.Re Terrazze ;2011;18867
41;Gratosoglio - Q.Re Missaglia - Q.Re Terrazze ;2012;19014
41;Gratosoglio - Q.Re Missaglia - Q.Re Terrazze ;2013;18719
41;Gratosoglio - Q.Re Missaglia - Q.Re Terrazze ;2014;18629
41;Gratosoglio - Q.Re Missaglia - Q.Re Terrazze ;2015;18728
41;Gratosoglio - Q.Re Missaglia - Q.Re Terrazze ;2016;18776
41;Gratosoglio - Q.Re Missaglia - Q.Re Terrazze ;2017;18679
41;Gratosoglio - Q.Re Missaglia - Q.Re Terrazze ;2018;18801
41;Gratosoglio - Q.Re Missaglia - Q.Re Terrazze ;2019;18911
41;Gratosoglio - Q.Re Missaglia - Q.Re Terrazze ;2020;18598
41;Gratosoglio - Q.Re Missaglia - Q.Re Terrazze ;2021;18398
41;Gratosoglio - Q.Re Missaglia - Q.Re Terrazze ;2022;18573
13;Greco - Segnano ;1999;13789
13;Greco - Segnano ;2000;13668
13;Greco - Segnano ;2001;13911
13;Greco - Segnano ;2002;13736
13;Greco - Segnano ;2003;13378
13;Greco - Segnano ;2004;13799
13;Greco - Segnano ;2005;14044
13;Greco - Segnano ;2006;14088
13;Greco - Segnano ;2007;14109
13;Greco - Segnano ;2008;14036
13;Greco - Segnano ;2009;14276
13;Greco - Segnano ;2010;14521
13;Greco - Segnano ;2011;14749
13;Greco - Segnano ;2012;15149
13;Greco - Segnano ;2013;15137
13;Greco - Segnano ;2014;15109
13;Greco - Segnano ;2015;15246
13;Greco - Segnano ;2016;15394
13;Greco - Segnano ;2017;15600
13;Greco - Segnano ;2018;15862
13;Greco - Segnano ;2019;16064
13;Greco - Segnano ;2020;16032
13;Greco - Segnano ;2021;16058
13;Greco - Segnano ;2022;16137
4;Guastalla ;1999;16656
4;Guastalla ;2000;16459
4;Guastalla ;2001;16555
4;Guastalla ;2002;16414
4;Guastalla ;2003;15301
4;Guastalla ;2004;15448
4;Guastalla ;2005;15469
4;Guastalla ;2006;15308
4;Guastalla ;2007;15155
4;Guastalla ;2008;15157
4;Guastalla ;2009;15076
4;Guastalla ;2010;15100
4;Guastalla ;2011;15157
4;Guastalla ;2012;15312
4;Guastalla ;2013;14939
4;Guastalla ;2014;14892
4;Guastalla ;2015;14929
4;Guastalla ;2016;15026
4;Guastalla ;2017;15050
4;Guastalla ;2018;15176
4;Guastalla ;2019;15496
4;Guastalla ;2020;15364
4;Guastalla ;2021;15369
4;Guastalla ;2022;15528
11;Isola ;1999;22162
11;Isola ;2000;22165
11;Isola ;2001;22419
11;Isola ;2002;21888
11;Isola ;2003;21054
11;Isola ;2004;21870
11;Isola ;2005;22216
11;Isola ;2006;21887
11;Isola ;2007;21698
11;Isola ;2008;21525
11;Isola ;2009;21747
11;Isola ;2010;21944
11;Isola ;2011;22158
11;Isola ;2012;22634
11;Isola ;2013;22273
11;Isola ;2014;22371
11;Isola ;2015;22603
11;Isola ;2016;22644
11;Isola ;2017;22896
11;Isola ;2018;23132
11;Isola ;2019;23098
11;Isola ;2020;22859
11;Isola ;2021;22690
11;Isola ;2022;22641
23;Lambrate - Ortica ;1999;7124
23;Lambrate - Ortica ;2000;7081
23;Lambrate - Ortica ;2001;7124
23;Lambrate - Ortica ;2002;7173
23;Lambrate - Ortica ;2003;7327
23;Lambrate - Ortica ;2004;8205
23;Lambrate - Ortica ;2005;8824
23;Lambrate - Ortica ;2006;9133
23;Lambrate - Ortica ;2007;9383
23;Lambrate - Ortica ;2008;9545
23;Lambrate - Ortica ;2009;9773
23;Lambrate - Ortica ;2010;9937
23;Lambrate - Ortica ;2011;10199
23;Lambrate - Ortica ;2012;10535
23;Lambrate - Ortica ;2013;10602
23;Lambrate - Ortica ;2014;10515
23;Lambrate - Ortica ;2015;10998
23;Lambrate - Ortica ;2016;11134
23;Lambrate - Ortica ;2017;11319
23;Lambrate - Ortica ;2018;11515
23;Lambrate - Ortica ;2019;11721
23;Lambrate - Ortica ;2020;11819
23;Lambrate - Ortica ;2021;11923
23;Lambrate - Ortica ;2022;12179
35;Lodi - Corvetto ;1999;35560
35;Lodi - Corvetto ;2000;35356
35;Lodi - Corvetto ;2001;35370
35;Lodi - Corvetto ;2002;34770
35;Lodi - Corvetto ;2003;33408
35;Lodi - Corvetto ;2004;34126
35;Lodi - Corvetto ;2005;34417
35;Lodi - Corvetto ;2006;34412
35;Lodi - Corvetto ;2007;34354
35;Lodi - Corvetto ;2008;34295
35;Lodi - Corvetto ;2009;34132
35;Lodi - Corvetto ;2010;34518
35;Lodi - Corvetto ;2011;35389
35;Lodi - Corvetto ;2012;36288
35;Lodi - Corvetto ;2013;36163
35;Lodi - Corvetto ;2014;35898
35;Lodi - Corvetto ;2015;36102
35;Lodi - Corvetto ;2016;36049
35;Lodi - Corvetto ;2017;36085
35;Lodi - Corvetto ;2018;36362
35;Lodi - Corvetto ;2019;36708
35;Lodi - Corvetto ;2020;36129
35;Lodi - Corvetto ;2021;36370
35;Lodi - Corvetto ;2022;36861
53;Lorenteggio ;1999;13513
53;Lorenteggio ;2000;13608
53;Lorenteggio ;2001;13788
53;Lorenteggio ;2002;13656
53;Lorenteggio ;2003;13223
53;Lorenteggio ;2004;13360
53;Lorenteggio ;2005;13382
53;Lorenteggio ;2006;13313
53;Lorenteggio ;2007;13237
53;Lorenteggio ;2008;13034
53;Lorenteggio ;2009;13005
53;Lorenteggio ;2010;13136
53;Lorenteggio ;2011;13210
53;Lorenteggio ;2012;13253
53;Lorenteggio ;2013;13322
53;Lorenteggio ;2014;13370
53;Lorenteggio ;2015;13679
53;Lorenteggio ;2016;13892
53;Lorenteggio ;2017;14016
53;Lorenteggio ;2018;14220
53;Lorenteggio ;2019;14433
53;Lorenteggio ;2020;14318
53;Lorenteggio ;2021;14230
53;Lorenteggio ;2022;14281
20;Loreto - Casoretto - Nolo ;1999;39532
20;Loreto - Casoretto - Nolo ;2000;39816
20;Loreto - Casoretto - Nolo ;2001;40470
20;Loreto - Casoretto - Nolo ;2002;39758
20;Loreto - Casoretto - Nolo ;2003;37320
20;Loreto - Casoretto - Nolo ;2004;39242
20;Loreto - Casoretto - Nolo ;2005;39862
20;Loreto - Casoretto - Nolo ;2006;39716
20;Loreto - Casoretto - Nolo ;2007;39326
20;Loreto - Casoretto - Nolo ;2008;39242
20;Loreto - Casoretto - Nolo ;2009;40152
20;Loreto - Casoretto - Nolo ;2010;41362
20;Loreto - Casoretto - Nolo ;2011;42625
20;Loreto - Casoretto - Nolo ;2012;44446
20;Loreto - Casoretto - Nolo ;2013;44285
20;Loreto - Casoretto - Nolo ;2014;43773
20;Loreto - Casoretto - Nolo ;2015;44337
20;Loreto - Casoretto - Nolo ;2016;44705
20;Loreto - Casoretto - Nolo ;2017;44863
20;Loreto - Casoretto - Nolo ;2018;45456
20;Loreto - Casoretto - Nolo ;2019;45464
20;Loreto - Casoretto - Nolo ;2020;44572
20;Loreto - Casoretto - Nolo ;2021;44034
20;Loreto - Casoretto - Nolo ;2022;44004
12;Maciachini - Maggiolina ;1999;26345
12;Maciachini - Maggiolina ;2000;26316
12;Maciachini - Maggiolina ;2001;26213
12;Maciachini - Maggiolina ;2002;25726
12;Maciachini - Maggiolina ;2003;24829
12;Maciachini - Maggiolina ;2004;25258
12;Maciachini - Maggiolina ;2005;25317
12;Maciachini - Maggiolina ;2006;25179
12;Maciachini - Maggiolina ;2007;25119
12;Maciachini - Maggiolina ;2008;24957
12;Maciachini - Maggiolina ;2009;25203
12;Maciachini - Maggiolina ;2010;25596
12;Maciachini - Maggiolina ;2011;25901
12;Maciachini - Maggiolina ;2012;26384
12;Maciachini - Maggiolina ;2013;26006
12;Maciachini - Maggiolina ;2014;25934
12;Maciachini - Maggiolina ;2015;26020
12;Maciachini - Maggiolina ;2016;26134
12;Maciachini - Maggiolina ;2017;26192
12;Maciachini - Maggiolina ;2018;26175
12;Maciachini - Maggiolina ;2019;26234
12;Maciachini - Maggiolina ;2020;25985
12;Maciachini - Maggiolina ;2021;25926
12;Maciachini - Maggiolina ;2022;26097
7;Magenta - S.Vittore ;1999;18829
7;Magenta - S.Vittore ;2000;18921
7;Magenta - S.Vittore ;2001;18940
7;Magenta - S.Vittore ;2002;18876
7;Magenta - S.Vittore ;2003;17941
7;Magenta - S.Vittore ;2004;18136
7;Magenta - S.Vittore ;2005;18126
7;Magenta - S.Vittore ;2006;17934
7;Magenta - S.Vittore ;2007;17842
7;Magenta - S.Vittore ;2008;17727
7;Magenta - S.Vittore ;2009;17578
7;Magenta - S.Vittore ;2010;17609
7;Magenta - S.Vittore ;2011;17681
7;Magenta - S.Vittore ;2012;17661
7;Magenta - S.Vittore ;2013;17231
7;Magenta - S.Vittore ;2014;17073
7;Magenta - S.Vittore ;2015;17264
7;Magenta - S.Vittore ;2016;17296
7;Magenta - S.Vittore ;2017;17468
7;Magenta - S.Vittore ;2018;17874
7;Magenta - S.Vittore ;2019;18020
7;Magenta - S.Vittore ;2020;17962
7;Magenta - S.Vittore ;2021;17940
7;Magenta - S.Vittore ;2022;18036
72;Maggiore - Musocco - Certosa ;1999;4488
72;Maggiore - Musocco - Certosa ;2000;4433
72;Maggiore - Musocco - Certosa ;2001;4475
72;Maggiore - Musocco - Certosa ;2002;4548
72;Maggiore - Musocco - Certosa ;2003;4372
72;Maggiore - Musocco - Certosa ;2004;4545
72;Maggiore - Musocco - Certosa ;2005;4718
72;Maggiore - Musocco - Certosa ;2006;4837
72;Maggiore - Musocco - Certosa ;2007;4957
72;Maggiore - Musocco - Certosa ;2008;5009
72;Maggiore - Musocco - Certosa ;2009;5227
72;Maggiore - Musocco - Certosa ;2010;5290
72;Maggiore - Musocco - Certosa ;2011;4900
72;Maggiore - Musocco - Certosa ;2012;4919
72;Maggiore - Musocco - Certosa ;2013;4888
72;Maggiore - Musocco - Certosa ;2014;4921
72;Maggiore - Musocco - Certosa ;2015;4951
72;Maggiore - Musocco - Certosa ;2016;5134
72;Maggiore - Musocco - Certosa ;2017;5698
72;Maggiore - Musocco - Certosa ;2018;6265
72;Maggiore - Musocco - Certosa ;2019;6778
72;Maggiore - Musocco - Certosa ;2020;7178
72;Maggiore - Musocco - Certosa ;2021;7710
72;Maggiore - Musocco - Certosa ;2022;8761
45;Moncucco - San Cristoforo ;1999;12428
45;Moncucco - San Cristoforo ;2000;12393
45;Moncucco - San Cristoforo ;2001;12377
45;Moncucco - San Cristoforo ;2002;12341
45;Moncucco - San Cristoforo ;2003;11768
45;Moncucco - San Cristoforo ;2004;12066
45;Moncucco - San Cristoforo ;2005;12293
45;Moncucco - San Cristoforo ;2006;12382
45;Moncucco - San Cristoforo ;2007;12320
45;Moncucco - San Cristoforo ;2008;12313
45;Moncucco - San Cristoforo ;2009;12525
45;Moncucco - San Cristoforo ;2010;12809
45;Moncucco - San Cristoforo ;2011;13033
45;Moncucco - San Cristoforo ;2012;13196
45;Moncucco - San Cristoforo ;2013;13077
45;Moncucco - San Cristoforo ;2014;13123
45;Moncucco - San Cristoforo ;2015;13382
45;Moncucco - San Cristoforo ;2016;13506
45;Moncucco - San Cristoforo ;2017;13640
45;Moncucco - San Cristoforo ;2018;13770
45;Moncucco - San Cristoforo ;2019;13887
45;Moncucco - San Cristoforo ;2020;13793
45;Moncucco - San Cristoforo ;2021;13744
45;Moncucco - San Cristoforo ;2022;13819
31;Monlue' - Ponte Lambro ;1999;4477
31;Monlue' - Ponte Lambro ;2000;4496
31;Monlue' - Ponte Lambro ;2001;4577
31;Monlue' - Ponte Lambro ;2002;4470
31;Monlue' - Ponte Lambro ;2003;4154
31;Monlue' - Ponte Lambro ;2004;4395
31;Monlue' - Ponte Lambro ;2005;4415
31;Monlue' - Ponte Lambro ;2006;4410
31;Monlue' - Ponte Lambro ;2007;4385
31;Monlue' - Ponte Lambro ;2008;4397
31;Monlue' - Ponte Lambro ;2009;4562
31;Monlue' - Ponte Lambro ;2010;4698
31;Monlue' - Ponte Lambro ;2011;4866
31;Monlue' - Ponte Lambro ;2012;5056
31;Monlue' - Ponte Lambro ;2013;5080
31;Monlue' - Ponte Lambro ;2014;5112
31;Monlue' - Ponte Lambro ;2015;5083
31;Monlue' - Ponte Lambro ;2016;5052
31;Monlue' - Ponte Lambro ;2017;5170
31;Monlue' - Ponte Lambro ;2018;5311
31;Monlue' - Ponte Lambro ;2019;5299
31;Monlue' - Ponte Lambro ;2020;5213
31;Monlue' - Ponte Lambro ;2021;5205
31;Monlue' - Ponte Lambro ;2022;5260
37;Morivione ;1999;5802
37;Morivione ;2000;5812
37;Morivione ;2001;5798
37;Morivione ;2002;6011
37;Morivione ;2003;6317
37;Morivione ;2004;6510
37;Morivione ;2005;6835
37;Morivione ;2006;7002
37;Morivione ;2007;7232
37;Morivione ;2008;7364
37;Morivione ;2009;7456
37;Morivione ;2010;7564
37;Morivione ;2011;7661
37;Morivione ;2012;7842
37;Morivione ;2013;7797
37;Morivione ;2014;7703
37;Morivione ;2015;7674
37;Morivione ;2016;7715
37;Morivione ;2017;7710
37;Morivione ;2018;7834
37;Morivione ;2019;7889
37;Morivione ;2020;7786
37;Morivione ;2021;7702
37;Morivione ;2022;7728
54;Muggiano ;1999;1410
54;Muggiano ;2000;1462
54;Muggiano ;2001;1533
54;Muggiano ;2002;1608
54;Muggiano ;2003;1802
54;Muggiano ;2004;2222
54;Muggiano ;2005;2329
54;Muggiano ;2006;2392
54;Muggiano ;2007;2473
54;Muggiano ;2008;2579
54;Muggiano ;2009;2733
54;Muggiano ;2010;2791
54;Muggiano ;2011;2916
54;Muggiano ;2012;3065
54;Muggiano ;2013;3028
54;Muggiano ;2014;3060
54;Muggiano ;2015;3061
54;Muggiano ;2016;3088
54;Muggiano ;2017;3104
54;Muggiano ;2018;3121
54;Muggiano ;2019;3134
54;Muggiano ;2020;3088
54;Muggiano ;2021;3081
54;Muggiano ;2022;3088
14;Niguarda - Ca Granda - Prato Centenaro - Q.Re Fulvio Testi ;1999;36243
14;Niguarda - Ca Granda - Prato Centenaro - Q.Re Fulvio Testi ;2000;36090
14;Niguarda - Ca Granda - Prato Centenaro - Q.Re Fulvio Testi ;2001;36002
14;Niguarda - Ca Granda - Prato Centenaro - Q.Re Fulvio Testi ;2002;35505
14;Niguarda - Ca Granda - Prato Centenaro - Q.Re Fulvio Testi ;2003;34936
14;Niguarda - Ca Granda - Prato Centenaro - Q.Re Fulvio Testi ;2004;35513
14;Niguarda - Ca Granda - Prato Centenaro - Q.Re Fulvio Testi ;2005;35773
14;Niguarda - Ca Granda - Prato Centenaro - Q.Re Fulvio Testi ;2006;35761
14;Niguarda - Ca Granda - Prato Centenaro - Q.Re Fulvio Testi ;2007;35776
14;Niguarda - Ca Granda - Prato Centenaro - Q.Re Fulvio Testi ;2008;35723
14;Niguarda - Ca Granda - Prato Centenaro - Q.Re Fulvio Testi ;2009;36070
14;Niguarda - Ca Granda - Prato Centenaro - Q.Re Fulvio Testi ;2010;36325
14;Niguarda - Ca Granda - Prato Centenaro - Q.Re Fulvio Testi ;2011;36400
14;Niguarda - Ca Granda - Prato Centenaro - Q.Re Fulvio Testi ;2012;36802
14;Niguarda - Ca Granda - Prato Centenaro - Q.Re Fulvio Testi ;2013;36706
14;Niguarda - Ca Granda - Prato Centenaro - Q.Re Fulvio Testi ;2014;36720
14;Niguarda - Ca Granda - Prato Centenaro - Q.Re Fulvio Testi ;2015;36561
14;Niguarda - Ca Granda - Prato Centenaro - Q.Re Fulvio Testi ;2016;36535
14;Niguarda - Ca Granda - Prato Centenaro - Q.Re Fulvio Testi ;2017;36795
14;Niguarda - Ca Granda - Prato Centenaro - Q.Re Fulvio Testi ;2018;36896
14;Niguarda - Ca Granda - Prato Centenaro - Q.Re Fulvio Testi ;2019;36727
14;Niguarda - Ca Granda - Prato Centenaro - Q.Re Fulvio Testi ;2020;36181
14;Niguarda - Ca Granda - Prato Centenaro - Q.Re Fulvio Testi ;2021;35852
14;Niguarda - Ca Granda - Prato Centenaro - Q.Re Fulvio Testi ;2022;36161
29;Ortomercato ;1999;3802
29;Ortomercato ;2000;3829
29;Ortomercato ;2001;3822
29;Ortomercato ;2002;3854
29;Ortomercato ;2003;3611
29;Ortomercato ;2004;3720
29;Ortomercato ;2005;3781
29;Ortomercato ;2006;3783
29;Ortomercato ;2007;3725
29;Ortomercato ;2008;3723
29;Ortomercato ;2009;3766
29;Ortomercato ;2010;3846
29;Ortomercato ;2011;4016
29;Ortomercato ;2012;4137
29;Ortomercato ;2013;4152
29;Ortomercato ;2014;4152
29;Ortomercato ;2015;4209
29;Ortomercato ;2016;4195
29;Ortomercato ;2017;4217
29;Ortomercato ;2018;4290
29;Ortomercato ;2019;4260
29;Ortomercato ;2020;4183
29;Ortomercato ;2021;4107
29;Ortomercato ;2022;4149
19;Padova - Turro - Crescenzago ;1999;33528
19;Padova - Turro - Crescenzago ;2000;33459
19;Padova - Turro - Crescenzago ;2001;33683
19;Padova - Turro - Crescenzago ;2002;33144
19;Padova - Turro - Crescenzago ;2003;31852
19;Padova - Turro - Crescenzago ;2004;33056
19;Padova - Turro - Crescenzago ;2005;33403
19;Padova - Turro - Crescenzago ;2006;33272
19;Padova - Turro - Crescenzago ;2007;33317
19;Padova - Turro - Crescenzago ;2008;33179
19;Padova - Turro - Crescenzago ;2009;33829
19;Padova - Turro - Crescenzago ;2010;34539
19;Padova - Turro - Crescenzago ;2011;35311
19;Padova - Turro - Crescenzago ;2012;36440
19;Padova - Turro - Crescenzago ;2013;36172
19;Padova - Turro - Crescenzago ;2014;36023
19;Padova - Turro - Crescenzago ;2015;36434
19;Padova - Turro - Crescenzago ;2016;36718
19;Padova - Turro - Crescenzago ;2017;37081
19;Padova - Turro - Crescenzago ;2018;37531
19;Padova - Turro - Crescenzago ;2019;37786
19;Padova - Turro - Crescenzago ;2020;37408
19;Padova - Turro - Crescenzago ;2021;37409
19;Padova - Turro - Crescenzago ;2022;37797
68;Pagano ;1999;17618
68;Pagano ;2000;17663
68;Pagano ;2001;17719
68;Pagano ;2002;17503
68;Pagano ;2003;16566
68;Pagano ;2004;16769
68;Pagano ;2005;16871
68;Pagano ;2006;16746
68;Pagano ;2007;16599
68;Pagano ;2008;16599
68;Pagano ;2009;16840
68;Pagano ;2010;16974
68;Pagano ;2011;17115
68;Pagano ;2012;17217
68;Pagano ;2013;16967
68;Pagano ;2014;16878
68;Pagano ;2015;16896
68;Pagano ;2016;17153
68;Pagano ;2017;17392
68;Pagano ;2018;17708
68;Pagano ;2019;17951
68;Pagano ;2020;17883
68;Pagano ;2021;17745
68;Pagano ;2022;17821
88;Parco Bosco In Citta' ;1999;359
88;Parco Bosco In Citta' ;2000;356
88;Parco Bosco In Citta' ;2001;403
88;Parco Bosco In Citta' ;2002;358
88;Parco Bosco In Citta' ;2003;338
88;Parco Bosco In Citta' ;2004;400
88;Parco Bosco In Citta' ;2005;556
88;Parco Bosco In Citta' ;2006;643
88;Parco Bosco In Citta' ;2007;653
88;Parco Bosco In Citta' ;2008;661
88;Parco Bosco In Citta' ;2009;717
88;Parco Bosco In Citta' ;2010;760
88;Parco Bosco In Citta' ;2011;639
88;Parco Bosco In Citta' ;2012;534
88;Parco Bosco In Citta' ;2013;457
88;Parco Bosco In Citta' ;2014;447
88;Parco Bosco In Citta' ;2015;438
88;Parco Bosco In Citta' ;2016;367
88;Parco Bosco In Citta' ;2017;514
88;Parco Bosco In Citta' ;2018;596
88;Parco Bosco In Citta' ;2019;633
88;Parco Bosco In Citta' ;2020;645
88;Parco Bosco In Citta' ;2021;672
88;Parco Bosco In Citta' ;2022;690
24;Parco Forlanini - Cavriano ;1999;935
24;Parco Forlanini - Cavriano ;2000;913
24;Parco Forlanini - Cavriano ;2001;895
24;Parco Forlanini - Cavriano ;2002;815
24;Parco Forlanini - Cavriano ;2003;773
24;Parco Forlanini - Cavriano ;2004;810
24;Parco Forlanini - Cavriano ;2005;841
24;Parco Forlanini - Cavriano ;2006;860
24;Parco Forlanini - Cavriano ;2007;862
24;Parco Forlanini - Cavriano ;2008;864
24;Parco Forlanini - Cavriano ;2009;878
24;Parco Forlanini - Cavriano ;2010;932
24;Parco Forlanini - Cavriano ;2011;937
24;Parco Forlanini - Cavriano ;2012;1010
24;Parco Forlanini - Cavriano ;2013;988
24;Parco Forlanini - Cavriano ;2014;954
24;Parco Forlanini - Cavriano ;2015;988
24;Parco Forlanini - Cavriano ;2016;1151
24;Parco Forlanini - Cavriano ;2017;2608
24;Parco Forlanini - Cavriano ;2018;2656
24;Parco Forlanini - Cavriano ;2019;2451
24;Parco Forlanini - Cavriano ;2020;2424
24;Parco Forlanini - Cavriano ;2021;2180
24;Parco Forlanini - Cavriano ;2022;2338
84;Parco Nord ;1999;156
84;Parco Nord ;2000;158
84;Parco Nord ;2001;159
84;Parco Nord ;2002;148
84;Parco Nord ;2003;136
84;Parco Nord ;2004;140
84;Parco Nord ;2005;145
84;Parco Nord ;2006;129
84;Parco Nord ;2007;137
84;Parco Nord ;2008;135
84;Parco Nord ;2009;130
84;Parco Nord ;2010;132
84;Parco Nord ;2011;142
84;Parco Nord ;2012;135
84;Parco Nord ;2013;128
84;Parco Nord ;2014;100
84;Parco Nord ;2015;94
84;Parco Nord ;2016;101
84;Parco Nord ;2017;100
84;Parco Nord ;2018;98
84;Parco Nord ;2019;101
84;Parco Nord ;2020;104
84;Parco Nord ;2021;104
84;Parco Nord ;2022;98
8;Parco Sempione ;1999;11
8;Parco Sempione ;2000;6
8;Parco Sempione ;2001;6
8;Parco Sempione ;2002;7
8;Parco Sempione ;2003;6
8;Parco Sempione ;2004;6
8;Parco Sempione ;2005;6
8;Parco Sempione ;2006;4
8;Parco Sempione ;2007;4
8;Parco Sempione ;2008;4
8;Parco Sempione ;2009;4
8;Parco Sempione ;2010;3
8;Parco Sempione ;2011;3
8;Parco Sempione ;2012;3
8;Parco Sempione ;2013;3
8;Parco Sempione ;2014;3
8;Parco Sempione ;2015;3
8;Parco Sempione ;2016;3
8;Parco Sempione ;2017;2
8;Parco Sempione ;2018;2
8;Parco Sempione ;2019;2
8;Parco Sempione ;2020;0
8;Parco Sempione ;2021;0
8;Parco Sempione ;2022;0
86;Parco Dei Navigli ;1999;311
86;Parco Dei Navigli ;2000;322
86;Parco Dei Navigli ;2001;312
86;Parco Dei Navigli ;2002;293
86;Parco Dei Navigli ;2003;259
86;Parco Dei Navigli ;2004;250
86;Parco Dei Navigli ;2005;262
86;Parco Dei Navigli ;2006;279
86;Parco Dei Navigli ;2007;283
86;Parco Dei Navigli ;2008;280
86;Parco Dei Navigli ;2009;274
86;Parco Dei Navigli ;2010;274
86;Parco Dei Navigli ;2011;293
86;Parco Dei Navigli ;2012;301
86;Parco Dei Navigli ;2013;305
86;Parco Dei Navigli ;2014;303
86;Parco Dei Navigli ;2015;305
86;Parco Dei Navigli ;2016;295
86;Parco Dei Navigli ;2017;289
86;Parco Dei Navigli ;2018;297
86;Parco Dei Navigli ;2019;330
86;Parco Dei Navigli ;2020;318
86;Parco Dei Navigli ;2021;339
86;Parco Dei Navigli ;2022;354
85;Parco Delle Abbazie ;1999;261
85;Parco Delle Abbazie ;2000;257
85;Parco Delle Abbazie ;2001;262
85;Parco Delle Abbazie ;2002;270
85;Parco Delle Abbazie ;2003;255
85;Parco Delle Abbazie ;2004;260
85;Parco Delle Abbazie ;2005;255
85;Parco Delle Abbazie ;2006;269
85;Parco Delle Abbazie ;2007;317
85;Parco Delle Abbazie ;2008;379
85;Parco Delle Abbazie ;2009;415
85;Parco Delle Abbazie ;2010;436
85;Parco Delle Abbazie ;2011;445
85;Parco Delle Abbazie ;2012;482
85;Parco Delle Abbazie ;2013;474
85;Parco Delle Abbazie ;2014;470
85;Parco Delle Abbazie ;2015;459
85;Parco Delle Abbazie ;2016;454
85;Parco Delle Abbazie ;2017;445
85;Parco Delle Abbazie ;2018;446
85;Parco Delle Abbazie ;2019;465
85;Parco Delle Abbazie ;2020;440
85;Parco Delle Abbazie ;2021;434
85;Parco Delle Abbazie ;2022;364
9;Porta Garibaldi - Porta Nuova ;1999;6165
9;Porta Garibaldi - Porta Nuova ;2000;6184
9;Porta Garibaldi - Porta Nuova ;2001;6216
9;Porta Garibaldi - Porta Nuova ;2002;5852
9;Porta Garibaldi - Porta Nuova ;2003;5449
9;Porta Garibaldi - Porta Nuova ;2004;5659
9;Porta Garibaldi - Porta Nuova ;2005;5691
9;Porta Garibaldi - Porta Nuova ;2006;5517
9;Porta Garibaldi - Porta Nuova ;2007;5448
9;Porta Garibaldi - Porta Nuova ;2008;5335
9;Porta Garibaldi - Porta Nuova ;2009;5269
9;Porta Garibaldi - Porta Nuova ;2010;5308
9;Porta Garibaldi - Porta Nuova ;2011;5282
9;Porta Garibaldi - Porta Nuova ;2012;5341
9;Porta Garibaldi - Porta Nuova ;2013;5194
9;Porta Garibaldi - Porta Nuova ;2014;5275
9;Porta Garibaldi - Porta Nuova ;2015;5287
9;Porta Garibaldi - Porta Nuova ;2016;5506
9;Porta Garibaldi - Porta Nuova ;2017;5599
9;Porta Garibaldi - Porta Nuova ;2018;5726
9;Porta Garibaldi - Porta Nuova ;2019;5809
9;Porta Garibaldi - Porta Nuova ;2020;5863
9;Porta Garibaldi - Porta Nuova ;2021;5864
9;Porta Garibaldi - Porta Nuova ;2022;5921
50;Porta Genova ;1999;16457
50;Porta Genova ;2000;16425
50;Porta Genova ;2001;16353
50;Porta Genova ;2002;16082
50;Porta Genova ;2003;15254
50;Porta Genova ;2004;15383
50;Porta Genova ;2005;15276
50;Porta Genova ;2006;15158
50;Porta Genova ;2007;15164
50;Porta Genova ;2008;15146
50;Porta Genova ;2009;15219
50;Porta Genova ;2010;15121
50;Porta Genova ;2011;15119
50;Porta Genova ;2012;15175
50;Porta Genova ;2013;14983
50;Porta Genova ;2014;14867
50;Porta Genova ;2015;14967
50;Porta Genova ;2016;14944
50;Porta Genova ;2017;15049
50;Porta Genova ;2018;15078
50;Porta Genova ;2019;15223
50;Porta Genova ;2020;15228
50;Porta Genova ;2021;15119
50;Porta Genova ;2022;15212
51;Porta Magenta ;1999;27883
51;Porta Magenta ;2000;27685
51;Porta Magenta ;2001;27531
51;Porta Magenta ;2002;27208
51;Porta Magenta ;2003;26040
51;Porta Magenta ;2004;26179
51;Porta Magenta ;2005;26077
51;Porta Magenta ;2006;26064
51;Porta Magenta ;2007;26047
51;Porta Magenta ;2008;26113
51;Porta Magenta ;2009;26253
51;Porta Magenta ;2010;26387
51;Porta Magenta ;2011;26541
51;Porta Magenta ;2012;26853
51;Porta Magenta ;2013;26391
51;Porta Magenta ;2014;26282
51;Porta Magenta ;2015;26351
51;Porta Magenta ;2016;26649
51;Porta Magenta ;2017;26853
51;Porta Magenta ;2018;27016
51;Porta Magenta ;2019;27331
51;Porta Magenta ;2020;27088
51;Porta Magenta ;2021;26758
51;Porta Magenta ;2022;26795
6;Porta Ticinese - Conca Del Naviglio ;1999;22471
6;Porta Ticinese - Conca Del Naviglio ;2000;22258
6;Porta Ticinese - Conca Del Naviglio ;2001;22385
6;Porta Ticinese - Conca Del Naviglio ;2002;22079
6;Porta Ticinese - Conca Del Naviglio ;2003;20679
6;Porta Ticinese - Conca Del Naviglio ;2004;21064
6;Porta Ticinese - Conca Del Naviglio ;2005;20949
6;Porta Ticinese - Conca Del Naviglio ;2006;20693
6;Porta Ticinese - Conca Del Naviglio ;2007;20394
6;Porta Ticinese - Conca Del Naviglio ;2008;20314
6;Porta Ticinese - Conca Del Naviglio ;2009;20140
6;Porta Ticinese - Conca Del Naviglio ;2010;20091
6;Porta Ticinese - Conca Del Naviglio ;2011;20020
6;Porta Ticinese - Conca Del Naviglio ;2012;20173
6;Porta Ticinese - Conca Del Naviglio ;2013;19951
6;Porta Ticinese - Conca Del Naviglio ;2014;19598
6;Porta Ticinese - Conca Del Naviglio ;2015;19611
6;Porta Ticinese - Conca Del Naviglio ;2016;19529
6;Porta Ticinese - Conca Del Naviglio ;2017;19654
6;Porta Ticinese - Conca Del Naviglio ;2018;19747
6;Porta Ticinese - Conca Del Naviglio ;2019;20022
6;Porta Ticinese - Conca Del Naviglio ;2020;20008
6;Porta Ticinese - Conca Del Naviglio ;2021;19932
6;Porta Ticinese - Conca Del Naviglio ;2022;19999
44;Porta Ticinese - Conchetta ;1999;17057
44;Porta Ticinese - Conchetta ;2000;16970
44;Porta Ticinese - Conchetta ;2001;16869
44;Porta Ticinese - Conchetta ;2002;16694
44;Porta Ticinese - Conchetta ;2003;15651
44;Porta Ticinese - Conchetta ;2004;15830
44;Porta Ticinese - Conchetta ;2005;15878
44;Porta Ticinese - Conchetta ;2006;15755
44;Porta Ticinese - Conchetta ;2007;15666
44;Porta Ticinese - Conchetta ;2008;15613
44;Porta Ticinese - Conchetta ;2009;15846
44;Porta Ticinese - Conchetta ;2010;16354
44;Porta Ticinese - Conchetta ;2011;16837
44;Porta Ticinese - Conchetta ;2012;17306
44;Porta Ticinese - Conchetta ;2013;17038
44;Porta Ticinese - Conchetta ;2014;16996
44;Porta Ticinese - Conchetta ;2015;17080
44;Porta Ticinese - Conchetta ;2016;17140
44;Porta Ticinese - Conchetta ;2017;17122
44;Porta Ticinese - Conchetta ;2018;17257
44;Porta Ticinese - Conchetta ;2019;17236
44;Porta Ticinese - Conchetta ;2020;17030
44;Porta Ticinese - Conchetta ;2021;16962
44;Porta Ticinese - Conchetta ;2022;16878
5;Porta Vigentina - Porta Lodovica ;1999;14430
5;Porta Vigentina - Porta Lodovica ;2000;14490
5;Porta Vigentina - Porta Lodovica ;2001;14594
5;Porta Vigentina - Porta Lodovica ;2002;14633
5;Porta Vigentina - Porta Lodovica ;2003;13824
5;Porta Vigentina - Porta Lodovica ;2004;14052
5;Porta Vigentina - Porta Lodovica ;2005;13914
5;Porta Vigentina - Porta Lodovica ;2006;13810
5;Porta Vigentina - Porta Lodovica ;2007;13726
5;Porta Vigentina - Porta Lodovica ;2008;13659
5;Porta Vigentina - Porta Lodovica ;2009;13613
5;Porta Vigentina - Porta Lodovica ;2010;13645
5;Porta Vigentina - Porta Lodovica ;2011;13723
5;Porta Vigentina - Porta Lodovica ;2012;13924
5;Porta Vigentina - Porta Lodovica ;2013;13675
5;Porta Vigentina - Porta Lodovica ;2014;13548
5;Porta Vigentina - Porta Lodovica ;2015;13546
5;Porta Vigentina - Porta Lodovica ;2016;13587
5;Porta Vigentina - Porta Lodovica ;2017;13658
5;Porta Vigentina - Porta Lodovica ;2018;13716
5;Porta Vigentina - Porta Lodovica ;2019;13823
5;Porta Vigentina - Porta Lodovica ;2020;13686
5;Porta Vigentina - Porta Lodovica ;2021;13519
5;Porta Vigentina - Porta Lodovica ;2022;13548
67;Portello ;1999;8235
67;Portello ;2000;8204
67;Portello ;2001;8137
67;Portello ;2002;8075
67;Portello ;2003;7669
67;Portello ;2004;7780
67;Portello ;2005;7745
67;Portello ;2006;7651
67;Portello ;2007;7619
67;Portello ;2008;7640
67;Portello ;2009;7633
67;Portello ;2010;7702
67;Portello ;2011;7688
67;Portello ;2012;7741
67;Portello ;2013;7736
67;Portello ;2014;7800
67;Portello ;2015;7908
67;Portello ;2016;8090
67;Portello ;2017;8311
67;Portello ;2018;8524
67;Portello ;2019;8764
67;Portello ;2020;8863
67;Portello ;2021;8858
67;Portello ;2022;9012
27;Pta Romana ;1999;17914
27;Pta Romana ;2000;17750
27;Pta Romana ;2001;17763
27;Pta Romana ;2002;17504
27;Pta Romana ;2003;16563
27;Pta Romana ;2004;16783
27;Pta Romana ;2005;16731
27;Pta Romana ;2006;16760
27;Pta Romana ;2007;16675
27;Pta Romana ;2008;16504
27;Pta Romana ;2009;16452
27;Pta Romana ;2010;16517
27;Pta Romana ;2011;16619
27;Pta Romana ;2012;16649
27;Pta Romana ;2013;16347
27;Pta Romana ;2014;16217
27;Pta Romana ;2015;16271
27;Pta Romana ;2016;16402
27;Pta Romana ;2017;16437
27;Pta Romana ;2018;16700
27;Pta Romana ;2019;16815
27;Pta Romana ;2020;16739
27;Pta Romana ;2021;16469
27;Pta Romana ;2022;16449
65;Q.Re Gallaratese - Q.Re San Leonardo - Lampugnano ;1999;36353
65;Q.Re Gallaratese - Q.Re San Leonardo - Lampugnano ;2000;35997
65;Q.Re Gallaratese - Q.Re San Leonardo - Lampugnano ;2001;35684
65;Q.Re Gallaratese - Q.Re San Leonardo - Lampugnano ;2002;35132
65;Q.Re Gallaratese - Q.Re San Leonardo - Lampugnano ;2003;34248
65;Q.Re Gallaratese - Q.Re San Leonardo - Lampugnano ;2004;34140
65;Q.Re Gallaratese - Q.Re San Leonardo - Lampugnano ;2005;33861
65;Q.Re Gallaratese - Q.Re San Leonardo - Lampugnano ;2006;33533
65;Q.Re Gallaratese - Q.Re San Leonardo - Lampugnano ;2007;33255
65;Q.Re Gallaratese - Q.Re San Leonardo - Lampugnano ;2008;32882
65;Q.Re Gallaratese - Q.Re San Leonardo - Lampugnano ;2009;32611
65;Q.Re Gallaratese - Q.Re San Leonardo - Lampugnano ;2010;33038
65;Q.Re Gallaratese - Q.Re San Leonardo - Lampugnano ;2011;32975
65;Q.Re Gallaratese - Q.Re San Leonardo - Lampugnano ;2012;32990
65;Q.Re Gallaratese - Q.Re San Leonardo - Lampugnano ;2013;32516
65;Q.Re Gallaratese - Q.Re San Leonardo - Lampugnano ;2014;32481
65;Q.Re Gallaratese - Q.Re San Leonardo - Lampugnano ;2015;32133
65;Q.Re Gallaratese - Q.Re San Leonardo - Lampugnano ;2016;31996
65;Q.Re Gallaratese - Q.Re San Leonardo - Lampugnano ;2017;32494
65;Q.Re Gallaratese - Q.Re San Leonardo - Lampugnano ;2018;32669
65;Q.Re Gallaratese - Q.Re San Leonardo - Lampugnano ;2019;32766
65;Q.Re Gallaratese - Q.Re San Leonardo - Lampugnano ;2020;32544
65;Q.Re Gallaratese - Q.Re San Leonardo - Lampugnano ;2021;32425
65;Q.Re Gallaratese - Q.Re San Leonardo - Lampugnano ;2022;32486
66;Qt 8 ;1999;4271
66;Qt 8 ;2000;4217
66;Qt 8 ;2001;4184
66;Qt 8 ;2002;4163
66;Qt 8 ;2003;3993
66;Qt 8 ;2004;4008
66;Qt 8 ;2005;4033
66;Qt 8 ;2006;4001
66;Qt 8 ;2007;3999
66;Qt 8 ;2008;4001
66;Qt 8 ;2009;4017
66;Qt 8 ;2010;4059
66;Qt 8 ;2011;4090
66;Qt 8 ;2012;4104
66;Qt 8 ;2013;4017
66;Qt 8 ;2014;4043
66;Qt 8 ;2015;4086
66;Qt 8 ;2016;4034
66;Qt 8 ;2017;4066
66;Qt 8 ;2018;4140
66;Qt 8 ;2019;4154
66;Qt 8 ;2020;4098
66;Qt 8 ;2021;4051
66;Qt 8 ;2022;4039
61;Quarto Cagnino ;1999;9579
61;Quarto Cagnino ;2000;9521
61;Quarto Cagnino ;2001;9519
61;Quarto Cagnino ;2002;9427
61;Quarto Cagnino ;2003;9241
61;Quarto Cagnino ;2004;9397
61;Quarto Cagnino ;2005;9388
61;Quarto Cagnino ;2006;9384
61;Quarto Cagnino ;2007;9307
61;Quarto Cagnino ;2008;9199
61;Quarto Cagnino ;2009;9180
61;Quarto Cagnino ;2010;9488
61;Quarto Cagnino ;2011;9551
61;Quarto Cagnino ;2012;9610
61;Quarto Cagnino ;2013;9453
61;Quarto Cagnino ;2014;9395
61;Quarto Cagnino ;2015;9666
61;Quarto Cagnino ;2016;9807
61;Quarto Cagnino ;2017;9871
61;Quarto Cagnino ;2018;9958
61;Quarto Cagnino ;2019;10001
61;Quarto Cagnino ;2020;9854
61;Quarto Cagnino ;2021;9801
61;Quarto Cagnino ;2022;9892
76;Quarto Oggiaro - Vialba - Musocco ;1999;29526
76;Quarto Oggiaro - Vialba - Musocco ;2000;29895
76;Quarto Oggiaro - Vialba - Musocco ;2001;30001
76;Quarto Oggiaro - Vialba - Musocco ;2002;29681
76;Quarto Oggiaro - Vialba - Musocco ;2003;29216
76;Quarto Oggiaro - Vialba - Musocco ;2004;29947
76;Quarto Oggiaro - Vialba - Musocco ;2005;30550
76;Quarto Oggiaro - Vialba - Musocco ;2006;30876
76;Quarto Oggiaro - Vialba - Musocco ;2007;31105
76;Quarto Oggiaro - Vialba - Musocco ;2008;31371
76;Quarto Oggiaro - Vialba - Musocco ;2009;31595
76;Quarto Oggiaro - Vialba - Musocco ;2010;31868
76;Quarto Oggiaro - Vialba - Musocco ;2011;31925
76;Quarto Oggiaro - Vialba - Musocco ;2012;32086
76;Quarto Oggiaro - Vialba - Musocco ;2013;31362
76;Quarto Oggiaro - Vialba - Musocco ;2014;31042
76;Quarto Oggiaro - Vialba - Musocco ;2015;30999
76;Quarto Oggiaro - Vialba - Musocco ;2016;30838
76;Quarto Oggiaro - Vialba - Musocco ;2017;30634
76;Quarto Oggiaro - Vialba - Musocco ;2018;30729
76;Quarto Oggiaro - Vialba - Musocco ;2019;30853
76;Quarto Oggiaro - Vialba - Musocco ;2020;30729
76;Quarto Oggiaro - Vialba - Musocco ;2021;30914
76;Quarto Oggiaro - Vialba - Musocco ;2022;31434
62;Quinto Romano ;1999;5093
62;Quinto Romano ;2000;5285
62;Quinto Romano ;2001;5319
62;Quinto Romano ;2002;5255
62;Quinto Romano ;2003;5111
62;Quinto Romano ;2004;5114
62;Quinto Romano ;2005;5104
62;Quinto Romano ;2006;5100
62;Quinto Romano ;2007;5079
62;Quinto Romano ;2008;4970
62;Quinto Romano ;2009;4952
62;Quinto Romano ;2010;4986
62;Quinto Romano ;2011;4968
62;Quinto Romano ;2012;4937
62;Quinto Romano ;2013;4867
62;Quinto Romano ;2014;4809
62;Quinto Romano ;2015;4768
62;Quinto Romano ;2016;4746
62;Quinto Romano ;2017;4706
62;Quinto Romano ;2018;4771
62;Quinto Romano ;2019;4768
62;Quinto Romano ;2020;4736
62;Quinto Romano ;2021;4662
62;Quinto Romano ;2022;4711
39;Quintosole ;1999;673
39;Quintosole ;2000;683
39;Quintosole ;2001;701
39;Quintosole ;2002;684
39;Quintosole ;2003;675
39;Quintosole ;2004;700
39;Quintosole ;2005;731
39;Quintosole ;2006;712
39;Quintosole ;2007;701
39;Quintosole ;2008;665
39;Quintosole ;2009;659
39;Quintosole ;2010;672
39;Quintosole ;2011;676
39;Quintosole ;2012;683
39;Quintosole ;2013;744
39;Quintosole ;2014;792
39;Quintosole ;2015;803
39;Quintosole ;2016;786
39;Quintosole ;2017;855
39;Quintosole ;2018;925
39;Quintosole ;2019;961
39;Quintosole ;2020;958
39;Quintosole ;2021;935
39;Quintosole ;2022;919
33;Rogoredo - Santa Giulia ;1999;4514
33;Rogoredo - Santa Giulia ;2000;5499
33;Rogoredo - Santa Giulia ;2001;6030
33;Rogoredo - Santa Giulia ;2002;6070
33;Rogoredo - Santa Giulia ;2003;5923
33;Rogoredo - Santa Giulia ;2004;6100
33;Rogoredo - Santa Giulia ;2005;6199
33;Rogoredo - Santa Giulia ;2006;6223
33;Rogoredo - Santa Giulia ;2007;6298
33;Rogoredo - Santa Giulia ;2008;6339
33;Rogoredo - Santa Giulia ;2009;7741
33;Rogoredo - Santa Giulia ;2010;8533
33;Rogoredo - Santa Giulia ;2011;8953
33;Rogoredo - Santa Giulia ;2012;9304
33;Rogoredo - Santa Giulia ;2013;9382
33;Rogoredo - Santa Giulia ;2014;9752
33;Rogoredo - Santa Giulia ;2015;9917
33;Rogoredo - Santa Giulia ;2016;10074
33;Rogoredo - Santa Giulia ;2017;10158
33;Rogoredo - Santa Giulia ;2018;10265
33;Rogoredo - Santa Giulia ;2019;10402
33;Rogoredo - Santa Giulia ;2020;10847
33;Rogoredo - Santa Giulia ;2021;11290
33;Rogoredo - Santa Giulia ;2022;11670
40;Ronchetto Delle Rane ;1999;260
40;Ronchetto Delle Rane ;2000;255
40;Ronchetto Delle Rane ;2001;285
40;Ronchetto Delle Rane ;2002;615
40;Ronchetto Delle Rane ;2003;623
40;Ronchetto Delle Rane ;2004;621
40;Ronchetto Delle Rane ;2005;625
40;Ronchetto Delle Rane ;2006;620
40;Ronchetto Delle Rane ;2007;615
40;Ronchetto Delle Rane ;2008;613
40;Ronchetto Delle Rane ;2009;640
40;Ronchetto Delle Rane ;2010;746
40;Ronchetto Delle Rane ;2011;768
40;Ronchetto Delle Rane ;2012;780
40;Ronchetto Delle Rane ;2013;786
40;Ronchetto Delle Rane ;2014;777
40;Ronchetto Delle Rane ;2015;758
40;Ronchetto Delle Rane ;2016;747
40;Ronchetto Delle Rane ;2017;734
40;Ronchetto Delle Rane ;2018;741
40;Ronchetto Delle Rane ;2019;747
40;Ronchetto Delle Rane ;2020;731
40;Ronchetto Delle Rane ;2021;737
40;Ronchetto Delle Rane ;2022;737
48;Ronchetto Sul Naviglio - Q.Re Lodovico Il Moro ;1999;15630
48;Ronchetto Sul Naviglio - Q.Re Lodovico Il Moro ;2000;15544
48;Ronchetto Sul Naviglio - Q.Re Lodovico Il Moro ;2001;15416
48;Ronchetto Sul Naviglio - Q.Re Lodovico Il Moro ;2002;15270
48;Ronchetto Sul Naviglio - Q.Re Lodovico Il Moro ;2003;14772
48;Ronchetto Sul Naviglio - Q.Re Lodovico Il Moro ;2004;14969
48;Ronchetto Sul Naviglio - Q.Re Lodovico Il Moro ;2005;14942
48;Ronchetto Sul Naviglio - Q.Re Lodovico Il Moro ;2006;14807
48;Ronchetto Sul Naviglio - Q.Re Lodovico Il Moro ;2007;14581
48;Ronchetto Sul Naviglio - Q.Re Lodovico Il Moro ;2008;14357
48;Ronchetto Sul Naviglio - Q.Re Lodovico Il Moro ;2009;14382
48;Ronchetto Sul Naviglio - Q.Re Lodovico Il Moro ;2010;14381
48;Ronchetto Sul Naviglio - Q.Re Lodovico Il Moro ;2011;14532
48;Ronchetto Sul Naviglio - Q.Re Lodovico Il Moro ;2012;14770
48;Ronchetto Sul Naviglio - Q.Re Lodovico Il Moro ;2013;14622
48;Ronchetto Sul Naviglio - Q.Re Lodovico Il Moro ;2014;14604
48;Ronchetto Sul Naviglio - Q.Re Lodovico Il Moro ;2015;14599
48;Ronchetto Sul Naviglio - Q.Re Lodovico Il Moro ;2016;14554
48;Ronchetto Sul Naviglio - Q.Re Lodovico Il Moro ;2017;14517
48;Ronchetto Sul Naviglio - Q.Re Lodovico Il Moro ;2018;14627
48;Ronchetto Sul Naviglio - Q.Re Lodovico Il Moro ;2019;14702
48;Ronchetto Sul Naviglio - Q.Re Lodovico Il Moro ;2020;14563
48;Ronchetto Sul Naviglio - Q.Re Lodovico Il Moro ;2021;14516
48;Ronchetto Sul Naviglio - Q.Re Lodovico Il Moro ;2022;14576
74;Roserio ;1999;255
74;Roserio ;2000;266
74;Roserio ;2001;277
74;Roserio ;2002;277
74;Roserio ;2003;266
74;Roserio ;2004;265
74;Roserio ;2005;270
74;Roserio ;2006;275
74;Roserio ;2007;266
74;Roserio ;2008;267
74;Roserio ;2009;271
74;Roserio ;2010;274
74;Roserio ;2011;273
74;Roserio ;2012;258
74;Roserio ;2013;249
74;Roserio ;2014;253
74;Roserio ;2015;253
74;Roserio ;2016;255
74;Roserio ;2017;255
74;Roserio ;2018;262
74;Roserio ;2019;261
74;Roserio ;2020;250
74;Roserio ;2021;242
74;Roserio ;2022;253
57;San Siro ;1999;25345
57;San Siro ;2000;25537
57;San Siro ;2001;25886
57;San Siro ;2002;25765
57;San Siro ;2003;24410
57;San Siro ;2004;25332
57;San Siro ;2005;25552
57;San Siro ;2006;25404
57;San Siro ;2007;25183
57;San Siro ;2008;24860
57;San Siro ;2009;25016
57;San Siro ;2010;25322
57;San Siro ;2011;25803
57;San Siro ;2012;26380
57;San Siro ;2013;26342
57;San Siro ;2014;26537
57;San Siro ;2015;26634
57;San Siro ;2016;26890
57;San Siro ;2017;26576
57;San Siro ;2018;26917
57;San Siro ;2019;27028
57;San Siro ;2020;26586
57;San Siro ;2021;26354
57;San Siro ;2022;26653
69;Sarpi ;1999;30624
69;Sarpi ;2000;30654
69;Sarpi ;2001;30749
69;Sarpi ;2002;30305
69;Sarpi ;2003;28373
69;Sarpi ;2004;28857
69;Sarpi ;2005;29065
69;Sarpi ;2006;28574
69;Sarpi ;2007;28187
69;Sarpi ;2008;27948
69;Sarpi ;2009;28275
69;Sarpi ;2010;28694
69;Sarpi ;2011;29194
69;Sarpi ;2012;29868
69;Sarpi ;2013;29777
69;Sarpi ;2014;29511
69;Sarpi ;2015;29828
69;Sarpi ;2016;30095
69;Sarpi ;2017;30562
69;Sarpi ;2018;31028
69;Sarpi ;2019;31272
69;Sarpi ;2020;30985
69;Sarpi ;2021;30791
69;Sarpi ;2022;30963
36;Scalo Romana ;1999;10473
36;Scalo Romana ;2000;10444
36;Scalo Romana ;2001;10453
36;Scalo Romana ;2002;10225
36;Scalo Romana ;2003;9513
36;Scalo Romana ;2004;9935
36;Scalo Romana ;2005;10093
36;Scalo Romana ;2006;9947
36;Scalo Romana ;2007;9947
36;Scalo Romana ;2008;9929
36;Scalo Romana ;2009;10082
36;Scalo Romana ;2010;10342
36;Scalo Romana ;2011;10557
36;Scalo Romana ;2012;11386
36;Scalo Romana ;2013;11562
36;Scalo Romana ;2014;11661
36;Scalo Romana ;2015;12043
36;Scalo Romana ;2016;12330
36;Scalo Romana ;2017;12525
36;Scalo Romana ;2018;12772
36;Scalo Romana ;2019;12644
36;Scalo Romana ;2020;12426
36;Scalo Romana ;2021;12191
36;Scalo Romana ;2022;12173
42;Stadera - Chiesa Rossa - Q.Re Torretta - Conca Fallata ;1999;26230
42;Stadera - Chiesa Rossa - Q.Re Torretta - Conca Fallata ;2000;26229
42;Stadera - Chiesa Rossa - Q.Re Torretta - Conca Fallata ;2001;26145
42;Stadera - Chiesa Rossa - Q.Re Torretta - Conca Fallata ;2002;25678
42;Stadera - Chiesa Rossa - Q.Re Torretta - Conca Fallata ;2003;25476
42;Stadera - Chiesa Rossa - Q.Re Torretta - Conca Fallata ;2004;26291
42;Stadera - Chiesa Rossa - Q.Re Torretta - Conca Fallata ;2005;26744
42;Stadera - Chiesa Rossa - Q.Re Torretta - Conca Fallata ;2006;26547
42;Stadera - Chiesa Rossa - Q.Re Torretta - Conca Fallata ;2007;26552
42;Stadera - Chiesa Rossa - Q.Re Torretta - Conca Fallata ;2008;26744
42;Stadera - Chiesa Rossa - Q.Re Torretta - Conca Fallata ;2009;27449
42;Stadera - Chiesa Rossa - Q.Re Torretta - Conca Fallata ;2010;27993
42;Stadera - Chiesa Rossa - Q.Re Torretta - Conca Fallata ;2011;29093
42;Stadera - Chiesa Rossa - Q.Re Torretta - Conca Fallata ;2012;30134
42;Stadera - Chiesa Rossa - Q.Re Torretta - Conca Fallata ;2013;30250
42;Stadera - Chiesa Rossa - Q.Re Torretta - Conca Fallata ;2014;29912
42;Stadera - Chiesa Rossa - Q.Re Torretta - Conca Fallata ;2015;29921
42;Stadera - Chiesa Rossa - Q.Re Torretta - Conca Fallata ;2016;30051
42;Stadera - Chiesa Rossa - Q.Re Torretta - Conca Fallata ;2017;30100
42;Stadera - Chiesa Rossa - Q.Re Torretta - Conca Fallata ;2018;30215
42;Stadera - Chiesa Rossa - Q.Re Torretta - Conca Fallata ;2019;30248
42;Stadera - Chiesa Rossa - Q.Re Torretta - Conca Fallata ;2020;29683
42;Stadera - Chiesa Rossa - Q.Re Torretta - Conca Fallata ;2021;29307
42;Stadera - Chiesa Rossa - Q.Re Torretta - Conca Fallata ;2022;29415
60;Stadio - Ippodromi ;1999;12162
60;Stadio - Ippodromi ;2000;12246
60;Stadio - Ippodromi ;2001;12568
60;Stadio - Ippodromi ;2002;12531
60;Stadio - Ippodromi ;2003;11851
60;Stadio - Ippodromi ;2004;12121
60;Stadio - Ippodromi ;2005;12477
60;Stadio - Ippodromi ;2006;12576
60;Stadio - Ippodromi ;2007;12651
60;Stadio - Ippodromi ;2008;12652
60;Stadio - Ippodromi ;2009;12712
60;Stadio - Ippodromi ;2010;12869
60;Stadio - Ippodromi ;2011;13016
60;Stadio - Ippodromi ;2012;13168
60;Stadio - Ippodromi ;2013;12893
60;Stadio - Ippodromi ;2014;12481
60;Stadio - Ippodromi ;2015;12539
60;Stadio - Ippodromi ;2016;12574
60;Stadio - Ippodromi ;2017;12691
60;Stadio - Ippodromi ;2018;12783
60;Stadio - Ippodromi ;2019;12952
60;Stadio - Ippodromi ;2020;13080
60;Stadio - Ippodromi ;2021;13031
60;Stadio - Ippodromi ;2022;13150
10;Stazione Centrale - Ponte Seveso ;1999;17713
10;Stazione Centrale - Ponte Seveso ;2000;17753
10;Stazione Centrale - Ponte Seveso ;2001;17876
10;Stazione Centrale - Ponte Seveso ;2002;17579
10;Stazione Centrale - Ponte Seveso ;2003;16112
10;Stazione Centrale - Ponte Seveso ;2004;16675
10;Stazione Centrale - Ponte Seveso ;2005;16776
10;Stazione Centrale - Ponte Seveso ;2006;16718
10;Stazione Centrale - Ponte Seveso ;2007;16714
10;Stazione Centrale - Ponte Seveso ;2008;16574
10;Stazione Centrale - Ponte Seveso ;2009;17010
10;Stazione Centrale - Ponte Seveso ;2010;17207
10;Stazione Centrale - Ponte Seveso ;2011;17464
10;Stazione Centrale - Ponte Seveso ;2012;17916
10;Stazione Centrale - Ponte Seveso ;2013;17593
10;Stazione Centrale - Ponte Seveso ;2014;17456
10;Stazione Centrale - Ponte Seveso ;2015;17836
10;Stazione Centrale - Ponte Seveso ;2016;18075
10;Stazione Centrale - Ponte Seveso ;2017;18564
10;Stazione Centrale - Ponte Seveso ;2018;19335
10;Stazione Centrale - Ponte Seveso ;2019;19300
10;Stazione Centrale - Ponte Seveso ;2020;18831
10;Stazione Centrale - Ponte Seveso ;2021;18584
10;Stazione Centrale - Ponte Seveso ;2022;18410
75;Stephenson ;1999;75
75;Stephenson ;2000;70
75;Stephenson ;2001;70
75;Stephenson ;2002;67
75;Stephenson ;2003;60
75;Stephenson ;2004;56
75;Stephenson ;2005;55
75;Stephenson ;2006;61
75;Stephenson ;2007;62
75;Stephenson ;2008;65
75;Stephenson ;2009;58
75;Stephenson ;2010;61
75;Stephenson ;2011;57
75;Stephenson ;2012;56
75;Stephenson ;2013;59
75;Stephenson ;2014;77
75;Stephenson ;2015;83
75;Stephenson ;2016;79
75;Stephenson ;2017;107
75;Stephenson ;2018;118
75;Stephenson ;2019;114
75;Stephenson ;2020;123
75;Stephenson ;2021;134
75;Stephenson ;2022;157
30;Taliedo - Morsenchio - Q.Re Forlanini ;1999;18864
30;Taliedo - Morsenchio - Q.Re Forlanini ;2000;18655
30;Taliedo - Morsenchio - Q.Re Forlanini ;2001;18598
30;Taliedo - Morsenchio - Q.Re Forlanini ;2002;18638
30;Taliedo - Morsenchio - Q.Re Forlanini ;2003;18497
30;Taliedo - Morsenchio - Q.Re Forlanini ;2004;18529
30;Taliedo - Morsenchio - Q.Re Forlanini ;2005;18701
30;Taliedo - Morsenchio - Q.Re Forlanini ;2006;18673
30;Taliedo - Morsenchio - Q.Re Forlanini ;2007;18712
30;Taliedo - Morsenchio - Q.Re Forlanini ;2008;18672
30;Taliedo - Morsenchio - Q.Re Forlanini ;2009;18670
30;Taliedo - Morsenchio - Q.Re Forlanini ;2010;18811
30;Taliedo - Morsenchio - Q.Re Forlanini ;2011;18983
30;Taliedo - Morsenchio - Q.Re Forlanini ;2012;19136
30;Taliedo - Morsenchio - Q.Re Forlanini ;2013;18840
30;Taliedo - Morsenchio - Q.Re Forlanini ;2014;18933
30;Taliedo - Morsenchio - Q.Re Forlanini ;2015;19022
30;Taliedo - Morsenchio - Q.Re Forlanini ;2016;19043
30;Taliedo - Morsenchio - Q.Re Forlanini ;2017;19143
30;Taliedo - Morsenchio - Q.Re Forlanini ;2018;19422
30;Taliedo - Morsenchio - Q.Re Forlanini ;2019;19519
30;Taliedo - Morsenchio - Q.Re Forlanini ;2020;19267
30;Taliedo - Morsenchio - Q.Re Forlanini ;2021;19273
30;Taliedo - Morsenchio - Q.Re Forlanini ;2022;19408
43;Tibaldi ;1999;12742
43;Tibaldi ;2000;12665
43;Tibaldi ;2001;12648
43;Tibaldi ;2002;12465
43;Tibaldi ;2003;11812
43;Tibaldi ;2004;11983
43;Tibaldi ;2005;11972
43;Tibaldi ;2006;11792
43;Tibaldi ;2007;11641
43;Tibaldi ;2008;11527
43;Tibaldi ;2009;11581
43;Tibaldi ;2010;11640
43;Tibaldi ;2011;11626
43;Tibaldi ;2012;11900
43;Tibaldi ;2013;11699
43;Tibaldi ;2014;11487
43;Tibaldi ;2015;11469
43;Tibaldi ;2016;11521
43;Tibaldi ;2017;11618
43;Tibaldi ;2018;11664
43;Tibaldi ;2019;11768
43;Tibaldi ;2020;11572
43;Tibaldi ;2021;11463
43;Tibaldi ;2022;11494
59;Tre Torri ;1999;1496
59;Tre Torri ;2000;1505
59;Tre Torri ;2001;1499
59;Tre Torri ;2002;1467
59;Tre Torri ;2003;1346
59;Tre Torri ;2004;1369
59;Tre Torri ;2005;1367
59;Tre Torri ;2006;1336
59;Tre Torri ;2007;1341
59;Tre Torri ;2008;1321
59;Tre Torri ;2009;1296
59;Tre Torri ;2010;1288
59;Tre Torri ;2011;1325
59;Tre Torri ;2012;1346
59;Tre Torri ;2013;1415
59;Tre Torri ;2014;1589
59;Tre Torri ;2015;1767
59;Tre Torri ;2016;1980
59;Tre Torri ;2017;2112
59;Tre Torri ;2018;2187
59;Tre Torri ;2019;2284
59;Tre Torri ;2020;2322
59;Tre Torri ;2021;2371
59;Tre Torri ;2022;2390
64;Trenno ;1999;4687
64;Trenno ;2000;4630
64;Trenno ;2001;4585
64;Trenno ;2002;4530
64;Trenno ;2003;4421
64;Trenno ;2004;4367
64;Trenno ;2005;4410
64;Trenno ;2006;4384
64;Trenno ;2007;4360
64;Trenno ;2008;4297
64;Trenno ;2009;4309
64;Trenno ;2010;4339
64;Trenno ;2011;4259
64;Trenno ;2012;4230
64;Trenno ;2013;4166
64;Trenno ;2014;4154
64;Trenno ;2015;4193
64;Trenno ;2016;4170
64;Trenno ;2017;4112
64;Trenno ;2018;4099
64;Trenno ;2019;4115
64;Trenno ;2020;4043
64;Trenno ;2021;3975
64;Trenno ;2022;3970
32;Triulzo Superiore ;1999;1121
32;Triulzo Superiore ;2000;1098
32;Triulzo Superiore ;2001;1157
32;Triulzo Superiore ;2002;1112
32;Triulzo Superiore ;2003;955
32;Triulzo Superiore ;2004;1025
32;Triulzo Superiore ;2005;1096
32;Triulzo Superiore ;2006;1117
32;Triulzo Superiore ;2007;1135
32;Triulzo Superiore ;2008;1140
32;Triulzo Superiore ;2009;1197
32;Triulzo Superiore ;2010;1276
32;Triulzo Superiore ;2011;1400
32;Triulzo Superiore ;2012;1508
32;Triulzo Superiore ;2013;1513
32;Triulzo Superiore ;2014;1513
32;Triulzo Superiore ;2015;1601
32;Triulzo Superiore ;2016;1636
32;Triulzo Superiore ;2017;1631
32;Triulzo Superiore ;2018;1698
32;Triulzo Superiore ;2019;1731
32;Triulzo Superiore ;2020;1687
32;Triulzo Superiore ;2021;1620
32;Triulzo Superiore ;2022;1683
28;Umbria - Molise - Calvairate ;1999;23171
28;Umbria - Molise - Calvairate ;2000;23151
28;Umbria - Molise - Calvairate ;2001;23065
28;Umbria - Molise - Calvairate ;2002;22824
28;Umbria - Molise - Calvairate ;2003;21720
28;Umbria - Molise - Calvairate ;2004;22120
28;Umbria - Molise - Calvairate ;2005;22254
28;Umbria - Molise - Calvairate ;2006;22013
28;Umbria - Molise - Calvairate ;2007;21932
28;Umbria - Molise - Calvairate ;2008;21803
28;Umbria - Molise - Calvairate ;2009;21895
28;Umbria - Molise - Calvairate ;2010;22197
28;Umbria - Molise - Calvairate ;2011;22492
28;Umbria - Molise - Calvairate ;2012;22744
28;Umbria - Molise - Calvairate ;2013;22594
28;Umbria - Molise - Calvairate ;2014;22314
28;Umbria - Molise - Calvairate ;2015;22402
28;Umbria - Molise - Calvairate ;2016;22600
28;Umbria - Molise - Calvairate ;2017;22726
28;Umbria - Molise - Calvairate ;2018;23043
28;Umbria - Molise - Calvairate ;2019;23127
28;Umbria - Molise - Calvairate ;2020;22982
28;Umbria - Molise - Calvairate ;2021;22599
28;Umbria - Molise - Calvairate ;2022;22769
38;Vigentino - Q.Re Fatima ;1999;13185
38;Vigentino - Q.Re Fatima ;2000;13292
38;Vigentino - Q.Re Fatima ;2001;13312
38;Vigentino - Q.Re Fatima ;2002;13300
38;Vigentino - Q.Re Fatima ;2003;12896
38;Vigentino - Q.Re Fatima ;2004;13127
38;Vigentino - Q.Re Fatima ;2005;13153
38;Vigentino - Q.Re Fatima ;2006;13211
38;Vigentino - Q.Re Fatima ;2007;13121
38;Vigentino - Q.Re Fatima ;2008;13074
38;Vigentino - Q.Re Fatima ;2009;13167
38;Vigentino - Q.Re Fatima ;2010;13252
38;Vigentino - Q.Re Fatima ;2011;13529
38;Vigentino - Q.Re Fatima ;2012;13809
38;Vigentino - Q.Re Fatima ;2013;13767
38;Vigentino - Q.Re Fatima ;2014;13933
38;Vigentino - Q.Re Fatima ;2015;14123
38;Vigentino - Q.Re Fatima ;2016;14439
38;Vigentino - Q.Re Fatima ;2017;14633
38;Vigentino - Q.Re Fatima ;2018;14873
38;Vigentino - Q.Re Fatima ;2019;15160
38;Vigentino - Q.Re Fatima ;2020;15111
38;Vigentino - Q.Re Fatima ;2021;15079
38;Vigentino - Q.Re Fatima ;2022;15427
71;Villapizzone - Cagnola - Boldinasco ;1999;35387
71;Villapizzone - Cagnola - Boldinasco ;2000;35263
71;Villapizzone - Cagnola - Boldinasco ;2001;35494
71;Villapizzone - Cagnola - Boldinasco ;2002;35322
71;Villapizzone - Cagnola - Boldinasco ;2003;34203
71;Villapizzone - Cagnola - Boldinasco ;2004;35498
71;Villapizzone - Cagnola - Boldinasco ;2005;36176
71;Villapizzone - Cagnola - Boldinasco ;2006;36250
71;Villapizzone - Cagnola - Boldinasco ;2007;36319
71;Villapizzone - Cagnola - Boldinasco ;2008;36628
71;Villapizzone - Cagnola - Boldinasco ;2009;37334
71;Villapizzone - Cagnola - Boldinasco ;2010;38153
71;Villapizzone - Cagnola - Boldinasco ;2011;39192
71;Villapizzone - Cagnola - Boldinasco ;2012;40344
71;Villapizzone - Cagnola - Boldinasco ;2013;40241
71;Villapizzone - Cagnola - Boldinasco ;2014;39989
71;Villapizzone - Cagnola - Boldinasco ;2015;40483
71;Villapizzone - Cagnola - Boldinasco ;2016;40841
71;Villapizzone - Cagnola - Boldinasco ;2017;41216
71;Villapizzone - Cagnola - Boldinasco ;2018;41468
71;Villapizzone - Cagnola - Boldinasco ;2019;41974
71;Villapizzone - Cagnola - Boldinasco ;2020;41405
71;Villapizzone - Cagnola - Boldinasco ;2021;41190
71;Villapizzone - Cagnola - Boldinasco ;2022;41519
26;XXII Marzo ;1999;33685
26;XXII Marzo ;2000;33649
26;XXII Marzo ;2001;33476
26;XXII Marzo ;2002;33031
26;XXII Marzo ;2003;31442
26;XXII Marzo ;2004;31894
26;XXII Marzo ;2005;31947
26;XXII Marzo ;2006;31613
26;XXII Marzo ;2007;31234
26;XXII Marzo ;2008;31055
26;XXII Marzo ;2009;31179
26;XXII Marzo ;2010;30974
26;XXII Marzo ;2011;31241
26;XXII Marzo ;2012;31362
26;XXII Marzo ;2013;30799
26;XXII Marzo ;2014;30980
26;XXII Marzo ;2015;31122
26;XXII Marzo ;2016;31340
26;XXII Marzo ;2017;31667
26;XXII Marzo ;2018;31990
26;XXII Marzo ;2019;31955
26;XXII Marzo ;2020;31720
26;XXII Marzo ;2021;31493
26;XXII Marzo ;2022;31521
