id_amat;stato;numero;nome;tipo;stalli;sede;id_via;indirizzo;civico;zd_attuale;anno;LONG_X_4326;LAT_Y_4326;Location
1;attiva;001;Duomo;Monofacciale;24;Carreggiata;1;PIAZZA DEL DUOMO;;1;2008;9.189141463;45.46474597;(45.4647459734151, 9.18914146264194)
3;attiva;402;San Babila Bis;Monofacciale;24;Marciapiede;216;PIAZZA SAN BABILA;;1;2008;9.197250173;45.46626614;(45.4662661365004, 9.19725017347506)
4;attiva;003;Cadorna 1;Monofacciale;21;Marciapiede;601;PIAZZALE LUIGI CADORNA;;1;2008;9.175661673;45.46800286;(45.4680028649026, 9.17566167305518)
5;attiva;004;Lanza;Monofacciale;24;Marciapiede;726;LARGO ANTONIO GREPPI;;1;2008;9.181970059;45.47227398;(45.4722739800244, 9.18197005904563)
6;attiva;005;Universita' Cattolica;Monofacciale;24;Marciapiede;643;PIAZZA SANT'AMBROGIO;;1;2008;9.176411554;45.46312097;(45.4631209673857, 9.17641155359659)
7;attiva;006;San Giorgio;Bifacciale;24;Marciapiede;581;PIAZZA SAN GIORGIO;;1;2008;9.183666059;45.46088788;(45.4608878808721, 9.1836660585883)
8;attiva;007;Santa Maria Beltrade;Monofacciale;24;Marciapiede;514;PIAZZA SANTA MARIA BELTRADE;;1;2008;9.186745327;45.46284825;(45.4628482499764, 9.18674532661153)
9;attiva;008;Velasca;Monofacciale;24;Marciapiede;335;PIAZZA VELASCA;;1;2008;9.190296066;45.46010043;(45.4601004266848, 9.19029606587834)
10;attiva;009;S. Stefano;Monofacciale;18;Marciapiede;354;PIAZZA SANTO STEFANO;;1;2008;9.195239434;45.46237016;(45.4623701589561, 9.19523943428229)
11;attiva;010;Missori;Monofacciale;21;Marciapiede;525;PIAZZA GIUSEPPE MISSORI;;1;2008;9.188246191;45.46131859;(45.4613185926076, 9.18824619107113)
12;attiva;011;Castello - Acquario civico;Monofacciale;18;Marciapiede;7098;VIALE GADIO;;1;2008;9.17931956;45.47251701;(45.4725170134931, 9.17931955959552)
13;attiva;012;"San Lorenzo - ""Colonne""";Monofacciale;24;Marciapiede;549;VIA PIO IV;;1;2008;9.181626953;45.45860345;(45.4586034459982, 9.18162695308975)
14;attiva;013;Senato;Monofacciale;18;Marciapiede;263;VIA SENATO - INTERSEZIONE VIA MARINA;;1;2008;9.197534249;45.47050593;(45.470505931763, 9.19753424893044)
15;attiva;014;San Barnaba H Mangiagalli;Monofacciale;21;Marciapiede;3010;VIA SAN BARNABA;;1;2008;9.198447698;45.45951375;(45.4595137452707, 9.19844769773138)
16;attiva;015;Cantore;Monofacciale;24;Marciapiede;5103;PIAZZALE ANTONIO CANTORE;;6;2008;9.172674372;45.45587366;(45.4558736615522, 9.17267437155535)
17;attiva;016;Moscova;Bifacciale;24;Marciapiede;1033;LARGO LA FOPPA;;1;2009;9.184533828;45.47754499;(45.4775449862609, 9.18453382760901)
18;attiva;017;Legnano Arena civica;Monofacciale;18;Marciapiede;7082;VIA LEGNANO;;1;2008;9.180886079;45.47714832;(45.4771483210653, 9.18088607916875)
19;attiva;018;Tommaseo;Monofacciale;24;Marciapiede;6175;PIAZZA NICOLO' TOMMASEO;;1;2008;9.166652007;45.4695564;(45.4695563984612, 9.16665200748942)
21;attiva;019;Italia - Santa Sofia;Monofacciale;24;Marciapiede;526;CORSO ITALIA;;1;2008;9.187449835;45.45574184;(45.4557418435866, 9.18744983532436)
22;attiva;020;Erculea;Monofacciale;21;Marciapiede;409;PIAZZA ERCULEA;;1;2008;9.189644819;45.4590958;(45.4590957965275, 9.18964481899844)
23;attiva;021;Universita' Bocconi;Monofacciale;24;Marciapiede;4050;VIA FERDINANDO BOCCONI;;5;2008;9.19040924;45.44863257;(45.4486325673032, 9.19040924007088)
24;attiva;022;Medaglie d'Oro 1;Monofacciale;21;Marciapiede;4068;CORSO LODI;;4;2008;9.203350422;45.45161202;(45.4516120194936, 9.20335042234348)
25;attiva;023;Regina Margherita;Monofacciale;24;Marciapiede;3059;VIALE REGINA MARGHERITA;;1;2008;9.205300767;45.45825047;(45.458250471922, 9.20530076670099)
27;attiva;024;Tricolore;Monofacciale;24;Marciapiede;3047;PIAZZA DEL TRICOLORE;;1;2008;9.206022566;45.46781448;(45.4678144793748, 9.2060225655432)
28;attiva;025;Centrale 1;Monofacciale;24;Marciapiede;1200;PIAZZA DUCA D'AOSTA - LATO SX;;2;2008;9.202492564;45.48541019;(45.4854101879474, 9.20249256366147)
29;attiva;026;Centrale 2;Monofacciale;24;Marciapiede;1200;PIAZZA DUCA D'AOSTA - LATO DX;;2;2008;9.204244247;45.48453932;(45.4845393174548, 9.20424424701197)
30;attiva;027;Porta Venezia;Bifacciale;24;Marciapiede;2106;BASTIONI DI PORTA VENEZIA;;1;2008;9.204531508;45.47463555;(45.4746355492469, 9.20453150777939)
31;attiva;028;San Giovanni sul Muro;Bifacciale;24;Marciapiede;727;LARGO MARIA CALLAS;;1;2008;9.181432581;45.46756571;(45.4675657052945, 9.18143258067882)
32;attiva;029;San Pietro in Gessate;Monofacciale;24;Marciapiede;3016;CORSO DI PORTA VITTORIA;;1;2008;9.201393184;45.46239174;(45.4623917403907, 9.20139318404946)
33;attiva;030;Crocetta;Monofacciale;21;Marciapiede;654;LARGO DELLA CROCETTA;;1;2008;9.19571752;45.45622445;(45.4562244456914, 9.19571751984613)
34;attiva;031;Brenta MM;Bifacciale;36;Marciapiede;4171;VIALE BACCHIGLIONE - INTERSEZIONE CORSO LODI;;4;2014;9.219296186;45.44268168;(45.4426816786502, 9.21929618593966)
36;attiva;032;Manin - Bastioni;Monofacciale;30;Carreggiata;1052;VIA DANIELE MANIN;;1;2008;9.198315723;45.47685983;(45.4768598349889, 9.19831572335418)
37;attiva;033;Triennale;Monofacciale;24;Marciapiede;7106;VIALE EMILIO ALEMAGNA;;1;2008;9.173652222;45.47181391;(45.471813906155, 9.17365222212234)
38;attiva;034;Cairoli;Monofacciale;21;Carreggiata;609;VIA SAN GIOVANNI SUL MURO;1;1;2008;9.182153751;45.46765302;(45.4676530174474, 9.18215375148315)
39;attiva;035;Torino - Carrobbio;Monofacciale;21;Marciapiede;543;VIA TORINO;79;1;2008;9.181883322;45.46049099;(45.4604909904862, 9.18188332228105)
40;attiva;036;San Vito;Monofacciale;24;Marciapiede;539;VIA SAN VITO;;1;2008;9.183729348;45.4592409;(45.4592409041432, 9.18372934798514)
41;attiva;037;Italia - San Martino;Monofacciale;24;Marciapiede;526;CORSO ITALIA;;1;2008;9.18697241;45.4531612;(45.4531611964618, 9.18697241044836)
42;attiva;038;XXIV Maggio;Bifacciale;24;Marciapiede;5200;PIAZZA VENTIQUATTRO MAGGIO;;5;2009;9.179554425;45.4522206;(45.4522205956888, 9.17955442498304)
43;attiva;039;XXV Aprile;Bifacciale;24;Marciapiede;1010;CORSO GARIBALDI;;1;2008;9.186674174;45.480173;(45.4801729977745, 9.18667417407879)
44;attiva;040;Morozzo della Rocca;Monofacciale;24;Carreggiata;6215;VIA MOROZZO DELLA ROCCA;;1;2008;9.168933638;45.46397162;(45.463971623871, 9.16893363778208)
45;attiva;041;Conciliazione;Monofacciale;18;Marciapiede;6178;PIAZZA DELLA CONCILIAZIONE;;1;2008;9.166966089;45.46771276;(45.4677127611873, 9.16696608859796)
46;attiva;042;San Pietro all'Orto;Monofacciale;24;Carreggiata;213;VIA SAN PIETRO ALL'ORTO;;1;2008;9.195572886;45.46620494;(45.4662049385805, 9.19557288584942)
47;attiva;043;Festa del Perdono;Monofacciale;24;Marciapiede;327;VIA FESTA DEL PERDONO;;1;2008;9.194770824;45.46140588;(45.4614058803677, 9.19477082446851)
48;attiva;044;Richini;Monofacciale;24;Marciapiede;331;LARGO FRANCESCO RICHINI;;1;2008;9.19301237;45.45943634;(45.4594363384397, 9.19301237029976)
49;attiva;045;Cantu';Monofacciale;21;Marciapiede;573;VIA CESARE CANTU';4;1;2008;9.186660648;45.46417723;(45.4641772256409, 9.18666064842153)
50;attiva;046;Porta Nuova;Monofacciale;24;Marciapiede;1061;PIAZZALE PRINCIPESSA CLOTILDE;;9;2008;9.192836682;45.48004009;(45.4800400879457, 9.1928366822404)
51;attiva;047;Gorizia 1;Monofacciale;24;Marciapiede;5156;VIALE GORIZIA;;6;2008;9.177521971;45.45232497;(45.4523249723112, 9.1775219708562)
52;attiva;048;Gorizia 2;Monofacciale;21;Marciapiede;5156;VIALE GORIZIA;;6;2008;9.177624951;45.45221592;(45.4522159171895, 9.17762495092264)
53;attiva;049;Meda;Monofacciale;24;Carreggiata;212;VIA SAN PAOLO;;1;2008;9.193060819;45.46639649;(45.4663964944757, 9.19306081939228)
54;attiva;050;Beccaria;Monofacciale;24;Carreggiata;306;PIAZZA CESARE BECCARIA;;1;2008;9.194666594;45.4643885;(45.464388497846, 9.19466659425635)
55;attiva;051;Santa Maria delle Grazie;Monofacciale;24;Carreggiata;6163;VIA FRATELLI RUFFINI;;1;2008;9.16962083;45.46671676;(45.4667167642863, 9.16962083000828)
56;attiva;052;Vittor Pisani;Monofacciale;24;Marciapiede;1201;VIA VITTOR PISANI;2;2;2008;9.199212315;45.4805078;(45.4805077955683, 9.1992123148604)
57;attiva;053;Palestro 1;Monofacciale;24;Carreggiata;2102;VIA PALESTRO;;1;2008;9.201831925;45.47228718;(45.4722871789585, 9.2018319254924)
58;attiva;054;Sant'Eustorgio - P.ta Ticinese;Monofacciale;24;Carreggiata;541;CORSO DI PORTA TICINESE;;1;2008;9.180838341;45.45519056;(45.4551905595589, 9.18083834052123)
59;attiva;055;Cinque Giornate;Monofacciale;24;Carreggiata;3053;PIAZZA CINQUE GIORNATE;;1;2008;9.207019319;45.46266905;(45.4626690482732, 9.20701931913115)
60;attiva;056;Bastioni di Porta Venezia;Monofacciale;24;Carreggiata;2715;VIALE CITTA' DI FIUME;;1;2008;9.200501438;45.47597309;(45.4759730884453, 9.20050143838774)
61;attiva;057;Brera;Monofacciale;24;Marciapiede;122;VIA BRERA;;1;2008;9.187641249;45.47159128;(45.4715912829841, 9.1876412490686)
62;attiva;058;Sant'Agostino;Monofacciale;24;Carreggiata;6230;VIA NUMA POMPILIO;;1;2008;9.169561763;45.45898367;(45.4589836722327, 9.16956176250093)
63;attiva;059;Palestro 2;Monofacciale;24;Carreggiata;2102;VIA PALESTRO;;1;2008;9.201575814;45.47241708;(45.4724170820501, 9.20157581411728)
64;attiva;060;Edison;Monofacciale;24;Carreggiata;629;VIA DELLA POSTA;8;1;2008;9.183514522;45.46433384;(45.4643338416991, 9.18351452172418)
66;attiva;061;Augusto;Monofacciale;24;Carreggiata;315;LARGO AUGUSTO;;1;2008;9.198391152;45.46325584;(45.4632558423298, 9.19839115246277)
67;attiva;062;Treves;Monofacciale;24;Carreggiata;1026;LARGO CLAUDIO TREVES;;1;2008;9.186787899;45.47504501;(45.4750450086761, 9.18678789945446)
70;attiva;065;Bertarelli;Monofacciale;24;Carreggiata;584;PIAZZA LUIGI VITTORIO BERTARELLI;;1;2008;9.18749325;45.45858687;(45.4585868687334, 9.18749324962753)
71;attiva;066;Cavour;Monofacciale;27;Marciapiede;237;PIAZZA CAVOUR;;1;2008;9.196340517;45.4730162;(45.4730162025715, 9.19634051699222)
72;attiva;067;Repubblica;Monofacciale;24;Carreggiata;1055;PIAZZA DELLA REPUBBLICA;;2;2008;9.196545254;45.47908111;(45.4790811052925, 9.19654525393701)
73;attiva;068;Rotonda della Besana;Monofacciale;24;Carreggiata;3057;VIA EMILIO VISCONTI VENOSTA - INTERSEZIONE VIA ENRICO BESANA;1;1;2008;9.205446008;45.46060474;(45.4606047447182, 9.20544600774666)
74;attiva;069;S. Nazaro in Brolo;Bifacciale;24;Marciapiede;353;PIAZZA SAN NAZARO IN BROLO;;1;2009;9.192644706;45.45830221;(45.4583022092336, 9.19264470604849)
75;attiva;070;Fatebenefratelli;Monofacciale;30;Marciapiede;144;VIA FATEBENEFRATELLI;;1;2008;9.190114223;45.47315009;(45.4731500885781, 9.19011422278682)
76;attiva;071;Medaglie d'Oro 2;Bifacciale;18;Marciapiede;4068;CORSO LODI - INTERSEZIONE PIAZZALE MEDAGLIE D'ORO;;4;2009;9.203000636;45.45184846;(45.4518484608756, 9.20300063645409)
77;attiva;072;Cardinal Ferrari;Monofacciale;21;Carreggiata;4014;VIA SAN CALIMERO;;1;2008;9.192768211;45.45670893;(45.4567089303362, 9.19276821062691)
78;attiva;073;Majno - Baretti;Monofacciale;24;Carreggiata;2176;VIA GIUSEPPE BARETTI;;1;2009;9.204913616;45.4714976;(45.4714975993172, 9.20491361564011)
79;attiva;074;Dante - San Tomaso;Monofacciale;15;Carreggiata;723;VIA SAN TOMASO;;1;2009;9.184080777;45.46707605;(45.4670760525983, 9.18408077662606)
80;attiva;075;Cusani;Bifacciale;24;Marciapiede;719;VIA CUSANI;;1;2009;9.185006034;45.46874962;(45.4687496188803, 9.18500603358196)
81;attiva;076;Mentana;Bifacciale;24;Marciapiede;560;PIAZZA MENTANA;;1;2009;9.181956861;45.461779;(45.4617789971663, 9.1819568612882)
82;attiva;077;Sant'Angelo - P.ta Nuova;Monofacciale;24;Carreggiata;1044;CORSO DI PORTA NUOVA;;1;2009;9.191803639;45.47672771;(45.4767277123014, 9.19180363864134)
83;attiva;078;Aquileia;Monofacciale;24;Marciapiede;6205;PIAZZALE AQUILEIA;;7;2009;9.163371258;45.4608562;(45.4608561959507, 9.16337125843968)
84;attiva;079;Baracca;Monofacciale;24;Marciapiede;6180;PIAZZALE FRANCESCO BARACCA;;1;2009;9.165491738;45.46671267;(45.4667126686259, 9.1654917379883)
85;attiva;080;Manzoni;Monofacciale;24;Carreggiata;147;PIAZZA SANT'ERASMO;;1;2009;9.192389582;45.47124118;(45.4712411794237, 9.19238958172029)
86;attiva;081;Universita' Bocconi 2 - Bach;Monofacciale;30;Marciapiede;4203;VIALE GIOVANNI SEBASTIANO BACH;;5;2009;9.190909072;45.44827924;(45.4482792437515, 9.19090907178913)
87;attiva;082;Dell'Umanitaria;Monofacciale;24;Carreggiata;3148;PIAZZA UMANITARIA;;1;2009;9.200629496;45.45815921;(45.4581592054213, 9.20062949637532)
89;attiva;083;Rastrelli - Pecorari;Monofacciale;24;Carreggiata;324;VIA RASTRELLI;;1;2009;9.191042418;45.46235582;(45.4623558238128, 9.19104241813533)
90;attiva;084;Cadorna 2;Monofacciale;24;Marciapiede;706;VIA PIETRO PALEOCAPA;;1;2009;9.176161793;45.46904359;(45.4690435896559, 9.1761617927035)
91;attiva;085;D'Ancona;Monofacciale;21;Carreggiata;645;VIA BERNARDINO BUTTINONE;;1;2009;9.175806483;45.46570272;(45.465702722018, 9.1758064833894)
92;attiva;086;Mascagni;Bifacciale;24;Marciapiede;3034;VIA VINCENZO BELLINI - INTERSEZIONE VIA CONSERVATORIO;;1;2009;9.203115444;45.46539708;(45.4653970789922, 9.20311544438376)
93;attiva;087;Porta Genova;Monofacciale;27;Carreggiata;5120;PIAZZALE STAZIONE GENOVA;;6;2012;9.16963852;45.45290738;(45.452907382235, 9.16963851975668)
94;attiva;088;Beatrice d'Este - Cassolo;Monofacciale;24;Marciapiede;4038;VIALE ANGELO FILIPPETTI;;1;2009;9.197566326;45.45222815;(45.4522281453522, 9.19756632637691)
95;attiva;089;Patellani;Bifacciale;24;Carreggiata;4009;VIA CARLO PATELLANI - INTERSEZIONE VIA BEATRICE D'ESTE;36;5;2009;9.194152437;45.45166631;(45.4516663065257, 9.19415243714796)
96;attiva;090;Gioia - Vespucci;Bifacciale;24;Marciapiede;1108;VIA MELCHIORRE GIOIA;;9;;9.191670007;45.48139272;(45.4813927219471, 9.19167000740838)
97;attiva;091;Gioia - Pirelli;Bifacciale;24;Marciapiede;1195;VIA GIOVANNI BATTISTA PIRELLI - INTERSEZIONE PIAZZA LUIGI EINAUDI;;9;2009;9.195902456;45.48404276;(45.4840427576122, 9.19590245563336)
98;attiva;092;Cordusio - Casati;Monofacciale;30;Carreggiata;625;VIA GABRIO CASATI;;1;2009;9.185506511;45.4654855;(45.4654854968164, 9.18550651064368)
99;attiva;093;Borgogna;Monofacciale;30;Carreggiata;301;VIA BORGOGNA;7;1;2009;9.199786617;45.46584405;(45.465844049864, 9.19978661686941)
100;attiva;094;Cadorna 3;Bifacciale;30;Marciapiede;601;PIAZZALE LUIGI CADORNA;;1;2012;9.176262781;45.4680711;(45.4680710993719, 9.17626278083025)
101;attiva;095;De Amicis - Conca Del Naviglio;Monofacciale;21;Marciapiede;574;VIA EDMONDO DE AMICIS;23;1;2009;9.178649094;45.45828449;(45.4582844864473, 9.17864909435831)
103;attiva;096;"Donizzetti ""Provincia""";Monofacciale;24;Carreggiata;3030;VIA GAETANO DONIZETTI;;1;2009;9.204456467;45.46733554;(45.4673355376899, 9.20445646688143)
105;attiva;097;Molino delle Armi;Monofacciale;30;Marciapiede;591;VIA MOLINO DELLE ARMI;;1;2009;9.182327954;45.45699416;(45.4569941558023, 9.18232795432304)
106;attiva;098;San Marco;Monofacciale;24;Carreggiata;1036;VIA SAN MARCO;;1;2009;9.189236648;45.47876873;(45.4787687300196, 9.18923664839683)
107;attiva;099;Arco della Pace 1 - Bertani;Monofacciale;24;Marciapiede;7112;VIA AGOSTINO BERTANI;;1;2009;9.173448948;45.47620016;(45.4762001620338, 9.17344894756284)
108;attiva;100;Palazzo Marino - Caserotte;Monofacciale;36;Carreggiata;197;LARGO RAFFAELE MATTIOLI;;1;2012;9.191349345;45.46676603;(45.4667660334144, 9.19134934468477)
109;attiva;101;Gadio - Paleocapa;Monofacciale;30;Marciapiede;7098;VIALE GADIO;;1;2009;9.175636615;45.47008609;(45.4700860948513, 9.17563661533558)
110;attiva;102;Arcivescovado;Monofacciale;24;Carreggiata;364;VIA CARLO MARIA MARTINI;;1;2009;9.193153088;45.46379418;(45.4637941812566, 9.19315308785642)
111;attiva;103;Arco della Pace 2 - Pagano;Monofacciale;24;Marciapiede;7111;PIAZZA SEMPIONE - INTERSEZIONE VIA MARIO PAGANO;;1;2009;9.171656117;45.47503603;(45.4750360320832, 9.17165611710774)
112;attiva;104;"M. Gioia - ""Regione""";Monofacciale;36;Carreggiata;1108;VIA MELCHIORRE GIOIA;1;9;2011;9.196800099;45.48615643;(45.4861564317595, 9.19680009901588)
113;attiva;105;Piazzale Lodi;Monofacciale;33;Marciapiede;4249;PIAZZALE LODI - INTERSEZIONE CORSO LODI;;4;2011;9.209905983;45.44774856;(45.4477485629867, 9.20990598336662)
114;attiva;106;Restelli - Galvani RL 1;Bifacciale;36;Marciapiede;1163;VIALE FRANCESCO RESTELLI;;9;2012;9.194633674;45.48730634;(45.4873063421315, 9.19463367431522)
115;attiva;107;S. Gioachimo;Monofacciale;39;Marciapiede;1102;VIA GALILEO GALILEI;;9;2012;9.197010449;45.48087617;(45.4808761696072, 9.19701044940359)
116;attiva;108;Tunisia - Cozzi;Monofacciale;27;Marciapiede;2121;VIALE TUNISIA;;2;2011;9.201576058;45.47896542;(45.4789654244469, 9.20157605827651)
117;attiva;109;Tunisia Lecco Bellintani;Monofacciale;30;Marciapiede;2124;LARGO FRA PAOLO BELLINTANI;;3;2013;9.204755667;45.47746093;(45.4774609285355, 9.20475566650323)
118;attiva;110;S. F. Romana;Monofacciale;36;Marciapiede;2183;PIAZZA SANTA FRANCESCA ROMANA;;3;2012;9.208494776;45.4763382;(45.4763382031091, 9.20849477586325)
119;attiva;111;B. Marcello - Boscovich;Monofacciale;36;Marciapiede;2128;VIA BENEDETTO MARCELLO - INTERSEZIONE VIA RUGGERO BOSCOVICH;;3;2013;9.207552177;45.48022161;(45.4802216083428, 9.20755217712878)
120;attiva;112;Napo Torriani De Lellis;Monofacciale;27;Carreggiata;2126;VIA NAPO TORRIANI;;2;2011;9.20322654;45.48253545;(45.4825354496047, 9.2032265400917)
121;attiva;113;Buenos Aires - Lima;Bifacciale;24;Marciapiede;2135;PIAZZA LIMA;;3;2012;9.211366416;45.48036975;(45.4803697506539, 9.21136641614659)
122;attiva;114;Buenos Aires - Argentina;Bifacciale;36;Marciapiede;2233;PIAZZA ARGENTINA;;3;2012;9.214765034;45.48381378;(45.4838137754708, 9.21476503432634)
123;attiva;115;Caiazzo;Bifacciale;36;Marciapiede;2259;PIAZZA CAIAZZO;;2;2013;9.209141888;45.48525447;(45.4852544746166, 9.20914188800021)
124;attiva;116;Morgagni - Redi;Monofacciale;24;Carreggiata;2149;VIA FRANCESCO REDI - INTERSEZIONE VIA GIOVANNI BATTISTA MORGAGNI;;3;2012;9.211879646;45.47785074;(45.477850743725, 9.21187964593789)
125;attiva;117;Bacone - Monteverdi;Monofacciale;36;Marciapiede;2237;VIA CLAUDIO MONTEVERDI - INTERSEZIONE PIAZZALE BACONE;;3;2013;9.214935051;45.48147339;(45.481473385322, 9.21493505113988)
126;attiva;118;VIII novembre - Ramazzini;Monofacciale;36;Carreggiata;2161;VIA BERNARDINO RAMAZZINI - INTERSEZIONE PIAZZA OTTO NOVEMBRE;;3;2012;9.211157808;45.4750979;(45.4750978970309, 9.21115780755742)
127;attiva;119;Settembrini - Vitruvio;Monofacciale;33;Carreggiata;2127;VIA LUIGI SETTEMBRINI;;3;2012;9.206911904;45.4825541;(45.4825541034042, 9.2069119040996)
128;attiva;120;F. Filzi;Monofacciale;30;Marciapiede;1190;VIA FABIO FILZI;20;2;2011;9.200423218;45.48445379;(45.4844537922714, 9.20042321771546)
129;attiva;121;Melchiorre Gioia - Galvani;Monofacciale;27;Marciapiede;1108;VIA MELCHIORRE GIOIA - INTERSEZIONE VIA LUIGI GALVANI;;9;2013;9.197959365;45.48669359;(45.4866935891275, 9.19795936478005)
130;attiva;122;Bassini - Grossich;Monofacciale;36;Marciapiede;2587;VIA EDOARDO BASSINI - INTERSEZIONE VIA ANTONIO GROSSICH;;3;2014;9.234886268;45.48094114;(45.4809411379215, 9.23488626783272)
131;attiva;123;Castel Morrone - M.A. di Savoia;Monofacciale;36;Marciapiede;3185;VIA CASTEL MORRONE;35;3;2012;9.214576061;45.4725795;(45.4725794999658, 9.21457606056587)
132;attiva;124;Porta Venezia 2;Monofacciale;36;Marciapiede;2108;PIAZZA GUGLIELMO OBERDAN;;3;2012;9.205117344;45.4750741;(45.4750741000865, 9.20511734445585)
133;attiva;125;Fratelli Bandiera;Monofacciale;36;Marciapiede;3182;PIAZZA FRATELLI BANDIERA;2;3;2012;9.210539129;45.47054551;(45.4705455146574, 9.2105391293119)
134;attiva;126;Modena - Castel Morrone;Monofacciale;36;Carreggiata;3122;VIA GUSTAVO MODENA;15;3;2012;9.21424528;45.4708567;(45.4708567009812, 9.21424528011971)
135;attiva;127;Risorgimento;Monofacciale;36;Marciapiede;3117;PIAZZA RISORGIMENTO;;3;2012;9.21077867;45.46815942;(45.4681594231859, 9.21077866964668)
136;attiva;128;Indipendenza - Castel Morrone;Monofacciale;36;Carreggiata;3118;CORSO INDIPENDENZA - INTERSEZIONE VIA CASTEL MORRONE;;3;2012;9.214342942;45.46827979;(45.4682797929447, 9.21434294218204)
137;attiva;129;Fiamma;Monofacciale;36;Carreggiata;3079;VIA GALVANO FIAMMA;18;4;2012;9.21137943;45.46460366;(45.464603663579, 9.2113794299691)
138;attiva;130;XXII Marzo;Monofacciale;36;Marciapiede;3074;CORSO VENTIDUE MARZO;;4;2011;9.212473928;45.46215871;(45.4621587143397, 9.21247392803793)
139;attiva;131;Emilia - Piceno;Monofacciale;36;Carreggiata;3113;PIAZZA EMILIA - INTERSEZIONE CORSO VENTIDUE MARZO;1;4;2012;9.216068531;45.46250873;(45.4625087286816, 9.2160685308363)
140;attiva;132;Bronzetti - Archimede;Monofacciale;36;Marciapiede;3089;VIA FRATELLI BRONZETTI - INTERSEZIONE VIA ARCHIMEDE;20;4;2012;9.214582613;45.46532507;(45.4653250655976, 9.21458261323103)
141;attiva;133;Dateo;Bifacciale;36;Marciapiede;3119;PIAZZALE DATEO;;3;2012;9.21665549;45.46844806;(45.4684480627865, 9.21665548983287)
142;attiva;134;Teodosio - Porpora;Monofacciale;30;Marciapiede;2550;VIA TEODOSIO - INTERSEZIONE VIA NICOLA ANTONIO PORPORA;52;3;2016;9.230021971;45.48636518;(45.4863651794373, 9.23002197139511)
143;attiva;135;Muratori - Umbria;Monofacciale;30;Marciapiede;4076;VIA LODOVICO MURATORI - INTERSEZIONE VIALE UMBRIA;;4;2013;9.212332427;45.45085517;(45.4508551651902, 9.21233242700334)
144;attiva;136;Monte Nero - Spartaco;Monofacciale;27;Marciapiede;3062;VIALE MONTE NERO;;4;2011;9.207674338;45.46014193;(45.460141934322, 9.20767433813961)
145;attiva;137;Sempione - RAI;Monofacciale;36;Carreggiata;7137;CORSO SEMPIONE;;8;2012;9.166725188;45.47947711;(45.4794771062934, 9.16672518845884)
146;attiva;138;Cadore - Pinaroli;Bifacciale;36;Marciapiede;3077;VIA CADORE;;4;2013;9.213132487;45.45830469;(45.4583046888383, 9.21313248692476)
147;attiva;139;Lazio - Vasari - Morosini;Monofacciale;30;Marciapiede;4070;VIA GIORGIO VASARI - INTERSEZIONE VIALE LAZIO;;4;2012;9.208046859;45.45523955;(45.4552395450341, 9.20804685949039)
148;attiva;140;Cirene - Friuli;Monofacciale;24;Marciapiede;3199;VIA FRIULI - INTERSEZIONE VIALE CIRENE;;4;2013;9.212481272;45.45344138;(45.453441380199, 9.21248127208611)
149;attiva;141;Caldara - Curtatone;Bifacciale;24;Marciapiede;4036;VIALE EMILIO CALDARA;;1;2011;9.202932287;45.45514832;(45.4551483243565, 9.20293228663047)
150;attiva;142;Tiraboschi - Muratori;Monofacciale;27;Marciapiede;4072;VIA GEROLAMO TIRABOSCHI;4;4;2014;9.208689989;45.4522244;(45.452224397063, 9.20868998917877)
151;attiva;143;Lodi - Papi;Monofacciale;21;Marciapiede;4071;VIA LAZZARO PAPI;;4;2011;9.206755294;45.44996196;(45.4499619625557, 9.20675529374742)
152;attiva;144;Brescia;Monofacciale;36;Marciapiede;6554;PIAZZALE BRESCIA - INTERSEZIONE VIA ALESSANDRO MAGNASCO;;7;2014;9.145425107;45.47160112;(45.4716011230363, 9.14542510702829)
153;attiva;145;Lombardia - Vallazze;Monofacciale;30;Marciapiede;2400;VIALE LOMBARDIA - INTERSEZIONE VIA VALLAZZE;;3;2014;9.223717027;45.48412143;(45.48412143497, 9.22371702740042)
154;attiva;146;Crema - Giulio Romano;Bifacciale;30;Marciapiede;4061;VIA CREMA - INTERSEZIONE VIA TREBBIA;;5;2013;9.202734776;45.44806303;(45.4480630300258, 9.20273477554045)
155;attiva;147;Ripamonti - Bellezza;Bifacciale;30;Marciapiede;4066;VIA GIUSEPPE RIPAMONTI - INTERSEZIONE VIA GIOVANNI BELLEZZA;;5;2012;9.197224446;45.44880499;(45.4488049862148, 9.19722444601767)
156;attiva;148;Bocconi 3 - I. Aragona;Monofacciale;33;Marciapiede;4050;VIA FERDINANDO BOCCONI;;5;2011;9.19054142;45.45117523;(45.4511752342547, 9.19054142035401)
157;attiva;149;Bonomelli;Monofacciale;36;Marciapiede;4150;PIAZZA GEREMIA BONOMELLI;;5;2015;9.213498171;45.4406553;(45.4406552956463, 9.21349817064829)
158;attiva;150;Sraffa;Monofacciale;36;Marciapiede;4201;VIA GIAN CARLO CASTELBARCO - INTERSEZIONE VIA ODOARDO TABACCHI;;5;2013;9.186069845;45.44833812;(45.4483381215112, 9.18606984459942)
159;attiva;151;Balilla - Tibaldi;Monofacciale;36;Carreggiata;5207;VIA BALILLA - VIALE TIBALDI;;5;2011;9.182642661;45.4446307;(45.4446307039765, 9.18264266080066)
160;attiva;152;San Gottardo - Gentilino;Monofacciale;36;Carreggiata;5204;VIA GENTILINO;;5;2013;9.180093941;45.44891671;(45.4489167133913, 9.18009394073704)
161;attiva;153;Segantini - Darwin;Monofacciale;36;Marciapiede;5155;VIA GIOVANNI SEGANTINI - INTERSEZIONE VIA CARLO DARWIN;24;6;2013;9.172744668;45.44575438;(45.4457543778868, 9.172744667776)
162;attiva;154;Ascanio Sforza - Pavia;Monofacciale;36;Marciapiede;5262;VIA PAVIA;;5;2012;9.177492617;45.44736501;(45.4473650127269, 9.17749261681541)
163;attiva;155;Naviglio Pavese - Torricelli;Bifacciale;36;Marciapiede;5201;VIA ASCANIO SFORZA - INTERSEZIONE VIA EVANGELISTA TORRICELLI;;5;2013;9.176369918;45.44420803;(45.4442080282933, 9.17636991814877)
164;attiva;156;Arcole - Argelati;Bifacciale;36;Marciapiede;5153;PIAZZA ARCOLE - INTERSEZIONE VIA GIOVANNI SEGANTINI;;6;2013;9.172707013;45.44963609;(45.4496360879833, 9.1727070129327)
165;attiva;157;Roncaglia - Washington;Monofacciale;36;Marciapiede;6122;VIA RONCAGLIA - INTERSEZIONE VIA GIORGIO WASHINGTON;;6;2014;9.154348317;45.45880187;(45.4588018699934, 9.1543483167396)
166;attiva;158;Naviglio Grande - Valenza;Monofacciale;36;Marciapiede;5150;RIPA DI PORTA TICINESE - FRONTE PARCO ROBERT BADEN-POWELL;;6;2013;9.167450574;45.44980718;(45.4498071842564, 9.16745057414257)
167;attiva;159;Gorini - Strambio;Monofacciale;36;Marciapiede;3168;VIA GAETANO STRAMBIO;02-apr;3;2014;9.231017162;45.47338889;(45.4733888949005, 9.23101716173389)
168;attiva;160;Zara M3;Monofacciale;36;Carreggiata;1170;VIALE ZARA - INTERSEZIONE VIA FRANCESCO ARESE;13;9;2012;9.191852663;45.49149303;(45.4914930334017, 9.19185266348802)
169;attiva;161;Coni Zugna - Solari;Monofacciale;36;Marciapiede;5111;VIA ANDREA SOLARI;;6;2012;9.167997935;45.45706527;(45.4570652694791, 9.16799793536571)
170;attiva;162;Piola;Monofacciale;36;Marciapiede;2571;VIA GIOVANNI PACINI - INTERSEZIONE PIAZZA GABRIO PIOLA;;3;2014;9.224650057;45.48065989;(45.4806598943747, 9.22465005652749)
171;attiva;163;Rosario;Monofacciale;36;Marciapiede;5088;PIAZZA DEL ROSARIO;;6;2012;9.16263181;45.45488276;(45.454882763688, 9.16263180961156)
172;attiva;164;Bergognone - Tortona;Monofacciale;36;Carreggiata;5004;LARGO DELLE CULTURE;;6;2013;9.165067119;45.45230977;(45.4523097691589, 9.16506711939659)
173;attiva;165;Savona - Tolstoj;Monofacciale;36;Marciapiede;5122;VIA SAVONA - INTERSEZIONE VIA LEONE TOLSTOI;;6;2014;9.15121224;45.45000967;(45.4500096681634, 9.15121223991229)
175;attiva;166;Dezza - Caravaggio;Monofacciale;36;Marciapiede;6103;VIA DEL CARAVAGGIO - INTERSEZIONE VIA GIUSEPPE DEZZA;;7;2012;9.162736008;45.45952849;(45.4595284909524, 9.16273600788539)
176;attiva;167;Foppa - Caravaggio;Monofacciale;36;Marciapiede;6109;VIA VINCENZO FOPPA;17;6;2012;9.161944828;45.45806464;(45.458064641068, 9.16194482773396)
177;attiva;169;Vesuvio - Lipari;Monofacciale;36;Marciapiede;6110;PIAZZA VESUVIO - INTERSEZIONE VIA STROMBOLI;;7;2013;9.159547438;45.45940189;(45.4594018921685, 9.15954743786608)
178;attiva;170;S. M. del Carso;Monofacciale;33;Carreggiata;6200;VIA ANDREA VERGA;;7;2011;9.163500671;45.46344837;(45.4634483680903, 9.16350067072644)
179;attiva;171;Elba - Cimarosa;Monofacciale;33;Marciapiede;6243;VIA ELBA;26;7;2012;9.157394631;45.463256;(45.4632559975899, 9.15739463134994)
180;attiva;172;Napoli - Washington;Monofacciale;30;Marciapiede;6094;VIA COLA DI RIENZO - INTERSEZIONE VIA WASHINGTON;;6;2014;9.154789271;45.45459972;(45.4545997214765, 9.15478927067963)
181;attiva;173;Vercelli - Cherubini;Monofacciale;36;Marciapiede;6192;VIA FRANCESCO CHERUBINI;4;7;2012;9.159435429;45.46701007;(45.467010068102, 9.15943542858168)
182;attiva;174;Vercelli - Piemonte;Bifacciale;36;Marciapiede;6253;VIA MICHELANGELO BUONARROTI - INTERSEZIONE PIAZZA PIEMONTE;;7;2013;9.155416244;45.4670843;(45.4670843049298, 9.15541624415499)
183;attiva;175;Pagano - Guido d'Arezzo;Bifacciale;36;Marciapiede;6088;VIA MARIO PAGANO - INTERSEZIONE VIA DEL BURCHIELLO;;7;2011;9.160470425;45.468185;(45.4681849982119, 9.16047042541817)
184;attiva;176;Buonarroti;Bifacciale;36;Marciapiede;6253;VIA MICHELANGELO BUONARROTI - INTERSEZIONE PIAZZA MICHELANGELO BUONARROTI;;8;2013;9.155417581;45.47083097;(45.4708309700999, 9.15541758083377)
186;attiva;178;V Alpini;Monofacciale;30;Marciapiede;6346;LARGO QUINTO ALPINI;;1;2012;9.167807574;45.47224539;(45.4722453886727, 9.1678075738559)
187;attiva;179;Giovanni XXIII;Bifacciale;36;Marciapiede;6155;VIA VINCENZO MONTI - INTERSEZIONE PIAZZA GIOVANNI XXIII;;8;2012;9.164187624;45.47493004;(45.4749300351646, 9.16418762406705)
188;attiva;180;Canova - Sangiorgio;Monofacciale;30;Marciapiede;7238;VIA ANTONIO CANOVA;19;1;2012;9.16835766;45.47531763;(45.4753176296769, 9.16835765954375)
189;attiva;181;Sempione - Melzi d'Eril;Monofacciale;27;Marciapiede;7137;CORSO SEMPIONE;;1;2012;9.169728697;45.47781161;(45.477811607302, 9.16972869690724)
190;attiva;182;Melzi d'Eril - Cagnola;Monofacciale;36;Marciapiede;7118;VIA FRANCESCO MELZI D'ERIL;;1;2012;9.17291926;45.47830843;(45.4783084254673, 9.1729192599537)
191;attiva;183;Domodossola FNM - Filelfo;Bifacciale;36;Marciapiede;7154;VIA FRANCESCO FILELFO - INTERSEZIONE VIA TREBAZIO;;8;2015;9.162848882;45.4803856;(45.4803855953606, 9.16284888171113)
192;attiva;184;Porta Volta;Monofacciale;33;Marciapiede;1066;BASTIONI DI PORTA VOLTA;;1;2011;9.182264244;45.4800728;(45.4800728031693, 9.18226424366632)
193;attiva;185;Santissima Trinita';Monofacciale;35;Marciapiede;7121;VIA LUIGI CANONICA - INTERSEZIONE VIA CESARE CESARIANO;;1;2012;9.176329098;45.47808798;(45.4780879844973, 9.17632909805485)
194;attiva;186;Procaccini - Gramsci;Bifacciale;36;Marciapiede;7205;PIAZZA ANTONIO GRAMSCI - LATO VIA GIULIO CESARE PROCACCINI;14;8;2014;9.16834498;45.48197739;(45.4819773908081, 9.16834498031825)
195;attiva;187;Sarpi - Albertini;Bifacciale;24;Marciapiede;7377;VIA ALFREDO ALBERTINI;;8;2011;9.172265132;45.48100375;(45.481003752924, 9.17226513244498)
196;attiva;188;Sarpi - Niccolini;Monofacciale;24;Marciapiede;7210;VIA PAOLO SARPI;;8;2011;9.178149818;45.48163618;(45.4816361775104, 9.17814981799761)
197;attiva;189;Procaccini - Cimitero Monumentale;Monofacciale;36;Marciapiede;7233;PIAZZALE CIMITERO MONUMENTALE - INTERSEZIONE VIA GIOVANNI BATTISTA NICCOLINI;;8;2012;9.177200005;45.48389294;(45.4838929362926, 9.17720000460791)
198;attiva;190;Milizie - Tortona;Monofacciale;30;Marciapiede;5142;PIAZZALE DELLE MILIZIE - INTERSEZIONE VIA TORTONA;;6;2015;9.156112023;45.45042822;(45.4504282165945, 9.15611202284366)
199;attiva;191;Farini - Quadrio;Monofacciale;36;Carreggiata;1115;VIA MAURIZIO QUADRIO - INTERSEZIONE VIA CARLO FARINI;;9;2015;9.182111145;45.48395833;(45.4839583329901, 9.18211114460686)
200;attiva;192;Col di Lana - Col Moschin;Monofacciale;36;Marciapiede;5211;VIA COL MOSCHIN - INTERSEZIONE VIALE COL DI LANA;;5;2011;9.184554217;45.45181161;(45.4518116056173, 9.18455421688652)
201;attiva;193;Garibaldi - Pepe;Bifacciale;30;Marciapiede;1126;VIA GUGLIELMO PEPE;;9;2012;9.185046378;45.48672291;(45.4867229105366, 9.18504637822821)
202;attiva;194;Borsieri - Confalonieri;Monofacciale;36;Carreggiata;1123;VIA GAETANO DE CASTILLIA;;9;2012;9.188382539;45.48542433;(45.4854243277358, 9.18838253916559)
203;attiva;195;Pola RL;Monofacciale;27;Marciapiede;1156;VIA POLA;14;2;2012;9.19324866;45.48910061;(45.4891006075726, 9.19324865991372)
204;attiva;196;Lagosta;Monofacciale;36;Marciapiede;1155;PIAZZALE LAGOSTA;;9;2012;9.190846299;45.48907767;(45.4890776740139, 9.19084629891057)
205;attiva;197;Garibaldi - Sturzo;Monofacciale;30;Marciapiede;1704;VIALE LUIGI STURZO;;9;2016;9.188506362;45.48381388;(45.4838138827758, 9.18850636179006)
207;attiva;199;Galvani - Restelli - RL;Monofacciale;27;Marciapiede;1179;VIA LUIGI GALVANI;;9;2014;9.196687353;45.48768178;(45.4876817783264, 9.19668735327182)
208;attiva;200;P.zza Luigi di Savoia;Bifacciale;36;Marciapiede;2260;PIAZZA LUIGI DI SAVOIA;;2;2011;9.206197837;45.48497131;(45.4849713099322, 9.20619783745419)
209;attiva;201;IV Novembre;Monofacciale;36;Marciapiede;1202;VIA GIOVANNI BATTISTA SAMMARTINI;;2;2011;9.203739556;45.48734361;(45.4873436065429, 9.20373955562543)
210;attiva;202;Marche - Zara;Monofacciale;30;Marciapiede;1360;VIALE MARCHE - INTERSEZIONE VIALE ZARA;;9;2018;9.194028673;45.49570069;(45.4957006935816, 9.19402867264323)
211;attiva;203;Taramelli RL;Monofacciale;36;Marciapiede;1164;VIA TORQUATO TARAMELLI;;2;2012;9.19376891;45.49065783;(45.4906578308953, 9.1937689104746)
212;attiva;204;Valtellina - Farini;Bifacciale;36;Marciapiede;1188;VIA VALTELLINA - INTERSEZIONE VIA DELLA BOSCAIOLA;2;9;2015;9.182235282;45.48904931;(45.4890493100198, 9.18223528151397)
213;attiva;205;Teodosio - Pacini;Monofacciale;30;Marciapiede;2550;VIA TEODOSIO - INTERSEZIONE VIA GIOVANNI PACINI;;3;2015;9.230059874;45.48294035;(45.4829403461641, 9.23005987358214)
214;attiva;206;Friuli;Monofacciale;36;Marciapiede;3199;VIA FRIULI;50;4;2013;9.213679921;45.45488767;(45.4548876665146, 9.21367992110094)
215;attiva;207;Loreto 1;Monofacciale;36;Marciapiede;2264;PIAZZALE LORETO - INTERSEZIONE VIALE ABRUZZI;;3;2015;9.217418999;45.48573892;(45.4857389191212, 9.21741899942956)
216;attiva;208;Brianza - Venini;Bifacciale;36;Marciapiede;2263;VIALE BRIANZA - INTERSEZIONE VIA GIULIO E CORRADO VENINI;;2;2015;9.212667927;45.48778802;(45.4877880150285, 9.21266792724705)
218;attiva;210;Aspromonte - Pecchio;Monofacciale;36;Marciapiede;2246;PIAZZA ASPROMONTE;;3;2014;9.219393027;45.48397164;(45.4839716449106, 9.2193930268031)
219;attiva;212;Verrocchio - Juvara;Monofacciale;36;Marciapiede;3129;VIA FILIPPO JUVARA - INTERSEZIONE VIA ANDREA VERROCCHIO;;3;2013;9.219764436;45.47325688;(45.4732568781054, 9.21976443563182)
220;attiva;213;Novelli - Carnaghi;Monofacciale;36;Marciapiede;3165;VIA DAVIDE CARNAGHI;2;3;2013;9.220572011;45.47080706;(45.4708070584028, 9.22057201064443)
221;attiva;214;Susa - Sidoli;Bifacciale;30;Marciapiede;3101;PIAZZALE SUSA;;3;2013;9.223980805;45.46886935;(45.4688693482605, 9.22398080535662)
222;attiva;215;Politecnico;Monofacciale;36;Marciapiede;2208;PIAZZA LEONARDO DA VINCI - LATO NORD;;3;2013;9.226158328;45.47865959;(45.4786595851325, 9.22615832776125)
223;attiva;216;Romagna - Pascoli;Monofacciale;36;Carreggiata;3132;VIA GIOVANNI PASCOLI;53;3;2013;9.224354346;45.47648685;(45.4764868486404, 9.22435434552514)
226;attiva;264;Rio De Janeiro - Sarto;Bifacciale;24;Marciapiede;3174;LARGO RIO DE JANEIRO - INTERSEZIONE VIA ANDREA DEL SARTO;;3;2016;9.223625611;45.47259099;(45.472590987662, 9.22362561140241)
227;attiva;219;Firenze;Monofacciale;30;Marciapiede;7160;VIALE TEODORICO - INTERSEZIONE PIAZZA FIRENZE;;8;2016;9.155855108;45.48737871;(45.4873787119498, 9.15585510833189)
228;attiva;220;Sempione - Castelvetro;Bifacciale;36;Marciapiede;7137;CORSO SEMPIONE - INTERSEZIONE VIA LODOVICO CASTELVETRO (PARTERRE);;8;;9.162517786;45.48354506;(45.4835450553924, 9.16251778625843)
229;attiva;221;Accursio - Portello;Monofacciale;36;Marciapiede;7328;VIA GROSOTTO;;8;2015;9.145890358;45.49090915;(45.4909091495159, 9.14589035750313)
230;attiva;222;Durante - D'Aviano;Bifacciale;30;Marciapiede;2279;VIA MARCO D'AVIANO - INTERSEZIONE PIAZZA FRANCESCO DURANTE;;2;2016;9.222107452;45.48879938;(45.4887993780679, 9.22210745177186)
231;attiva;224;VI Febbraio;Monofacciale;30;Marciapiede;6358;PIAZZA SEI FEBBRAIO;;8;2015;9.160594308;45.47678784;(45.4767878407034, 9.16059430769365)
232;attiva;225;Chiesa - E. Filiberto;Monofacciale;30;Marciapiede;7164;PIAZZALE DAMIANO CHIESA - INTERSEZIONE VIA EMANUELE FILIBERTO;;8;2015;9.156582996;45.48481662;(45.4848166160927, 9.15658299604855)
233;attiva;226;Lotto;Monofacciale;30;Marciapiede;6539;PIAZZALE LORENZO LOTTO;;8;2015;9.143334423;45.47986916;(45.4798691586056, 9.14333442267357)
234;attiva;227;Zavattari - Tempesta;Monofacciale;27;Marciapiede;6537;PIAZZALE FRATELLI ZAVATTARI;4;7;2015;9.14366193;45.47587496;(45.4758749570553, 9.14366193006111)
236;attiva;229;QT8 - Isernia;Monofacciale;30;Carreggiata;6461;VIA ISERNIA - INTERSEZIONE PIAZZA SANTA MARIA NASCENTE;;8;2015;9.137012947;45.4866722;(45.4866722018219, 9.13701294671877)
239;attiva;232;De Angeli - R. Sanzio;Monofacciale;36;Marciapiede;6276;PIAZZA ERNESTO DE ANGELI - INTERSEZIONE VIA RAFFAELLO SANZIO;;7;2015;9.150562887;45.46706353;(45.4670635305835, 9.1505628868489)
240;attiva;233;Mac Mahon - Artieri;Monofacciale;24;Marciapiede;7221;VIA MAC MAHON - INTERSEZIONE VIA DEGLI ARTIERI;;8;2015;9.154977357;45.49587769;(45.4958776873791, 9.15497735732457)
242;attiva;235;Certosa - Monteceneri;Monofacciale;30;Marciapiede;7174;VIALE CERTOSA - INTERSEZIONE VIALE RENATO SERRA;;8;2018;9.151865664;45.4897383;(45.4897383033252, 9.1518656639509)
243;attiva;236;Mac Mahon - Caracciolo;Bifacciale;30;Marciapiede;7221;VIA MAC MAHON - INTERSEZIONE VIA FRANCESCO CARACCIOLO;;8;2015;9.161012127;45.4912213;(45.4912213021588, 9.16101212678968)
244;attiva;237;Caneva - Tolentino;Monofacciale;24;Marciapiede;7183;VIA TOLENTINO - INTERSEZIONE PIAZZA CARLO CANEVA;;8;2015;9.160732631;45.48819189;(45.4881918941138, 9.16073263090438)
245;attiva;238;Govone - Borgese;Monofacciale;27;Marciapiede;7376;VIA GIUSEPPE ANTONIO BORGESE;1;8;2015;9.168999627;45.48841012;(45.4884101177523, 9.16899962716074)
246;attiva;239;Marussig - Castelvetro;Monofacciale;30;Marciapiede;7200;VIA PIETRO MARUSSIG;3;8;2015;9.166089;45.48637907;(45.4863790663837, 9.16608900030965)
248;attiva;241;Stuparich - Albani;Monofacciale;27;Marciapiede;6468;PIAZZA CARLO STUPARICH - INTERSEZIONE VIA FRANCESCO ALBANI;8;8;2015;9.144220665;45.48292087;(45.4829208662896, 9.1442206648055)
253;attiva;248;Teodorico - Gattamelata;Bifacciale;24;Marciapiede;7156;VIA GATTAMELATA - INTERSEZIONE VIALE TEODORICO;;8;2015;9.151537094;45.48445833;(45.484458329861, 9.15153709428658)
254;attiva;249;Vigliani - Scarampo;Monofacciale;30;Marciapiede;6422;VIA PAOLO ONORATO VIGLIANI - INTERSEZIONE VIALE LODOVICO SCARAMPO;;8;2015;9.148235563;45.48246785;(45.4824678538159, 9.14823556255562)
255;attiva;250;Castelli - Ailanti;Monofacciale;27;Carreggiata;7284;VIA DEGLI AILANTI;3;8;2015;9.15210124;45.49945158;(45.4994515783873, 9.15210124029722)
256;attiva;251;Villapizzone FFSS - Lambruschini;Bifacciale;30;Marciapiede;7271;VIA RAFFAELE LAMBRUSCHINI;;9;2015;9.152631498;45.50238053;(45.5023805336921, 9.15263149819867)
257;attiva;252;Bovisa - Lambruschini;Monofacciale;30;Marciapiede;7289;VIA PAOLO MARIANI;;9;2015;9.15856548;45.50210695;(45.5021069535975, 9.15856547964154)
258;attiva;253;Bovisa Passante 1 - Alfieri;Monofacciale;30;Carreggiata;1726;PIAZZA EMILIO ALFIERI;;9;2015;9.160787873;45.5027404;(45.5027404006554, 9.16078787330322)
259;attiva;254;Bausan - Brofferio;Monofacciale;27;Carreggiata;1465;VIA ANGELO BROFFERIO - PIAZZA GIOVANNI BAUSAN;;9;2015;9.16480771;45.50265397;(45.5026539723763, 9.16480770990738)
260;attiva;255;Nigra - Castellini;Monofacciale;27;Carreggiata;1236;PIAZZALE COSTANTINO NIGRA;;9;2015;9.170590821;45.49626265;(45.4962626539066, 9.1705908210623)
261;attiva;256;Lancetti Passante - Maloja;Monofacciale;30;Marciapiede;1220;VIA MALOIA - INTERSEZIONE VIALE VINCENZO LANCETTI;;9;2015;9.176459045;45.49484289;(45.4948428917748, 9.17645904478891)
262;attiva;257;Valtellina - Aprica;Monofacciale;24;Marciapiede;1188;VIA VALTELLINA - INTERSEZIONE VIA DELL'APRICA;36;9;2015;9.182439757;45.49301023;(45.4930102317714, 9.1824397573764)
263;attiva;258;Maciachini - Marche;Monofacciale;30;Marciapiede;1361;PIAZZALE CARLO MACIACHINI - INTERSEZIONE VIA VALASSINA;;9;2015;9.186905046;45.49806575;(45.4980657511098, 9.18690504560677)
264;attiva;259;Amendola M1;Monofacciale;36;Marciapiede;6363;PIAZZA GIOVANNI AMENDOLA;;8;2015;9.151710937;45.47363685;(45.4736368541253, 9.15171093656574)
265;attiva;260;Baldinucci - Maffucci;Monofacciale;24;Marciapiede;1267;VIA FILIPPO BALDINUCCI - INTERSEZIONE VIA ANGIOLO MAFFUCCI;;9;2015;9.169208451;45.50350169;(45.5035016929365, 9.16920845083182)
266;attiva;261;Imbonati - Dergano M3;Bifacciale;36;Marciapiede;1311;VIA CARLO IMBONATI;;9;2015;9.179862939;45.50539011;(45.5053901095926, 9.17986293949095)
267;attiva;262;Livigno - Monte San Genesio;Bifacciale;30;Marciapiede;1296;VIA LIVIGNO - INTERSEZIONE VIA MONT SAN GENESIO;;9;2015;9.17844972;45.50015702;(45.5001570231608, 9.17844971962096)
268;attiva;263;Castello;Bifacciale;30;Carreggiata;704;PIAZZA CASTELLO;;1;2015;9.179450133;45.46867593;(45.4686759328333, 9.17945013256612)
270;attiva;266;Sauli - Battaglia;Bifacciale;30;Marciapiede;2262;VIA SOPERGA;;2;2018;9.213300794;45.49107805;(45.491078045352, 9.21330079418991)
272;attiva;265;Arduino;Monofacciale;30;Marciapiede;6365;PIAZZALE ARDUINO;;8;2017;9.151266186;45.47711753;(45.4771175319485, 9.15126618595805)
276;attiva;270;Stelvio - Farini;Monofacciale;30;Marciapiede;1227;VIALE STELVIO - INTERSEZIONE VIA CARLO FARINI;;9;2015;9.1849626;45.49479276;(45.4947927640544, 9.18496259975248)
286;attiva;280;Murat - Villani - Milano Sport;Monofacciale;30;Marciapiede;1316;VIA GIOACCHINO MURAT;;9;2015;9.190641598;45.49961272;(45.4996127243369, 9.19064159820708)
287;attiva;281;Stefini - Ressi;Monofacciale;30;Carreggiata;1397;VIA ADEODATO RESSI - INTERSEZIONE VIA EVARISTO STEFINI;;2;2016;9.203000448;45.4968223;(45.496822295707, 9.20300044849266)
288;attiva;282;Dergano;Monofacciale;24;Carreggiata;1500;PIAZZA DERGANO;;9;2015;9.176923183;45.50316517;(45.5031651749659, 9.17692318334397)
289;attiva;283;Reni - Guardi;Monofacciale;30;Carreggiata;3205;VIA GUIDO RENI - INTERSEZIONE PIAZZA FRANCESCO GUARDI;;3;2015;9.225892295;45.47064185;(45.4706418513897, 9.22589229495103)
299;attiva;296;Gioia - Cassina de Pomm;Monofacciale;30;Carreggiata;1108;VIA MELCHIORRE GIOIA - INTERSEZIONE VIA TIRANO;;2;2015;9.208140416;45.49666802;(45.4966680175114, 9.20814041576959)
304;attiva;301;Toscana - Leoni;Monofacciale;30;Marciapiede;4210;VIALE TOSCANA - INTERSEZIONE VIA POMPEO LEONI;;5;2015;9.193685492;45.44615207;(45.4461520665971, 9.19368549165096)
305;attiva;302;De Angeli - Ripamonti;Monofacciale;30;Marciapiede;4326;VIA CARLO DE ANGELI - INTERSEZIONE VIA GIUSEPPE RIPAMONTI;;5;2015;9.198376413;45.44332119;(45.4433211879868, 9.19837641258529)
306;attiva;303;Benaco - Brembo;Monofacciale;30;Marciapiede;4143;VIA BENACO - INTERSEZIONE VIA BREMBO;;4;2016;9.212012183;45.44436767;(45.4443676651093, 9.21201218274661)
307;attiva;304;Adamello - Lorenzini;Monofacciale;30;Carreggiata;4135;VIA ADAMELLO;6;5;2015;9.203104544;45.44341346;(45.4434134589654, 9.20310454374651)
308;attiva;305;Spadolini - Centro Leoni;Monofacciale;30;Marciapiede;4325;VIA GIOVANNI SPADOLINI;;5;2015;9.18966073;45.44309892;(45.4430989151518, 9.18966073021135)
310;attiva;307;Piazzi - Bernina;Monofacciale;24;Carreggiata;1222;VIA GIUSEPPE PIAZZI - INTERSEZIONE VIA BERNINA;;9;2015;9.181075234;45.49449605;(45.4944960524885, 9.18107523359061)
312;attiva;309;Carlo Magno - Alcuino;Bifacciale;30;Marciapiede;7165;VIA ALCUINO - INTERSEZIONE PIAZZALE CARLO MAGNO;;8;2015;9.155818453;45.48150122;(45.4815012168794, 9.15581845312145)
313;attiva;310;Istria M5 - F. Testi;Monofacciale;30;Marciapiede;1347;PIAZZALE ISTRIA;;2;2015;9.198356942;45.50172125;(45.5017212513752, 9.1983569421288)
314;attiva;311;De Marchi - Lucini;Monofacciale;30;Marciapiede;1418;VIA EMILIO DE MARCHI;19;2;2016;9.208898037;45.50026916;(45.500269158241, 9.2088980371485)
315;attiva;312;De Marchi - Bottelli;Monofacciale;30;Marciapiede;1418;VIA EMILIO DE MARCHI;59;2;2016;9.211346153;45.50336341;(45.5033634052651, 9.21134615279443)
316;attiva;313;Ca Granda - F.Testi;Monofacciale;30;Carreggiata;1443;VIALE CA' GRANDA - INTERSEZIONE VIALE FULVIO TESTI (LATO PARI);;9;2015;9.200018025;45.50670757;(45.5067075715084, 9.20001802465614)
318;attiva;315;Ospedale Maggiore;Bifacciale;30;Marciapiede;1523;PIAZZA DELL'OSPEDALE MAGGIORE;;9;2015;9.189669804;45.50844236;(45.5084423613964, 9.18966980375204)
320;attiva;317;Alserio - Cola Montano;Monofacciale;30;Marciapiede;1153;VIA ALSERIO;10;9;2016;9.185675475;45.49103855;(45.4910385518198, 9.18567547487256)
321;attiva;319;Gioia - Cagliero;Monofacciale;30;Carreggiata;1108;VIA MELCHIORRE GIOIA;124-126;2;2016;9.20594634;45.4935806;(45.4935805958644, 9.20594634036845)
323;attiva;321;Piazzale Nizza;Monofacciale;27;Marciapiede;1521;PIAZZALE NIZZA;;9;2015;9.188772735;45.50340533;(45.5034053285299, 9.18877273517422)
324;attiva;322;Bicocca M5 - Pulci;Monofacciale;30;Carreggiata;1622;VIA LUIGI PULCI;2;9;2015;9.205971473;45.5141619;(45.5141619040442, 9.20597147325405)
325;attiva;323;Temolo - Innovazione;Monofacciale;30;Marciapiede;1732;VIA LIBERO TEMOLO - INTERSEZIONE VIALE DELL'INNOVAZIONE;1;9;2015;9.210741694;45.51136986;(45.5113698598897, 9.21074169367722)
326;attiva;324;Staz. Greco Pirelli - Cozzi;Monofacciale;30;Marciapiede;1629;PIAZZALE EGEO;;9;2016;9.213479029;45.5127085;(45.512708496231, 9.21347902926282)
327;attiva;325;Romolo M2;Bifacciale;36;Marciapiede;5463;LARGO ALBERTO ASCARI;;6;2015;9.167604907;45.44354371;(45.4435437097027, 9.16760490710569)
328;attiva;326;Arcimboldi - Innovazione;Monofacciale;30;Marciapiede;1731;VIALE DELL'INNOVAZIONE - INTERSEZIONE VIA ETTORE FIERAMOSCA;;9;2018;9.213902989;45.51583185;(45.5158318522202, 9.21390298924411)
329;attiva;327;Pirelli - UNI Bicocca;Monofacciale;24;Marciapiede;1727;VIALE PIERO ALBERTO PIRELLI;22;9;2016;9.21287588;45.51860024;(45.5186002417705, 9.21287588033878)
330;attiva;328;Bussero - F. Testi;Monofacciale;30;Carreggiata;1618;VIA GOFFREDO DA BUSSERO - INTERSEZIONE VIALE FULVIO TESTI;;9;2015;9.206946461;45.51875584;(45.5187558418327, 9.20694646102134)
331;attiva;329;Chiese - F. Testi;Monofacciale;30;Marciapiede;1627;VIA CHIESE - INTERSEZIONE VIALE FULVIO TESTI;;9;2015;9.210340412;45.52234599;(45.5223459874443, 9.21034041235498)
332;attiva;330;Suzzani - Arezzo;Monofacciale;30;Marciapiede;1446;VIALE GIOVANNI SUZZANI;280-282;9;2015;9.209384592;45.52687097;(45.526870965994, 9.20938459235708)
336;attiva;334;Molino Dorino M1;Monofacciale;30;Marciapiede;;PARCHEGGIO NVPR STAZIONE M.M. MOLINO DORINO - LATO VIA FRANCESCO CILEA;;8;2015;9.094235956;45.50511192;(45.5051119189702, 9.09423595630277)
338;attiva;267;Sardegna - Sicilia;Monofacciale;30;Marciapiede;6265;VIA SARDEGNA - INTERSEZIONE PIAZZA SICILIA;27;7;2018;9.152820935;45.46382678;(45.4638267820929, 9.15282093502147)
339;attiva;268;Lunigiana-Sammartini;Bifacciale;30;Marciapiede;1214;VIALE LUNIGIANA - INTERSEZIONE VIA SAMMARTINI;;2;2019;9.20722507;45.49080477;(45.4908047735104, 9.20722507042734)
340;attiva;198;Garibaldi 2 - Sturzo;Bifacciale;24;Marciapiede;1704;VIALE LUIGI STURZO;;9;2018;9.188312057;45.48360511;(45.4836051076518, 9.18831205685516)
342;attiva;340;Corvetto - Polesine;Bifacciale;30;Marciapiede;4174;PIAZZALE LUIGI EMANUELE CORVETTO;;4;2019;9.223980944;45.43968101;(45.439681005921, 9.22398094395068)
343;attiva;341;Cuoco - Monte Cimone;Monofacciale;30;Marciapiede;3333;VIA MONTE CIMONE - INTERSEZIONE PIAZZALE VINCENZO CUOCO;;4;2019;9.225000218;45.45047157;(45.450471572941, 9.2250002180769)
344;attiva;342;Bologna;Monofacciale;30;Marciapiede;4172;PIAZZALE BOLOGNA - INTERSEZIONE VIALE PUGLIE;;4;2019;9.223630755;45.44460244;(45.4446024371442, 9.22363075488482)
345;attiva;343;Ortles - Ripamonti;Monofacciale;30;Marciapiede;4133;VIALE ORTLES;2;5;2019;9.200514206;45.43885591;(45.4388559096155, 9.2005142061438)
346;attiva;350;Beccaria 2 - Bersaglieri;Monofacciale;33;Marciapiede;657;LARGO DEI BERSAGLIERI - INTERSEZIONE PIAZZA CESARE BECCARIA;;1;2019;9.195006926;45.46330892;(45.4633089154003, 9.19500692554195)
347;attiva;351;Duomo 2 - Foscolo;Monofacciale;33;Carreggiata;1;PIAZZA DEL DUOMO;;1;2019;9.190978845;45.46474597;(45.4647459717866, 9.19097884462536)
348;attiva;352;Cordusio;Monofacciale;30;Carreggiata;626;PIAZZA CORDUSIO;;1;2019;9.18621424;45.46547544;(45.4654754363329, 9.18621423963653)
350;attiva;354;Foro Buonaparte;Monofacciale;30;Marciapiede;711;FORO BONAPARTE;33;1;2019;9.178448631;45.46767182;(45.4676718216792, 9.17844863061629)
352;attiva;356;Giambellino - Odazio;Monofacciale;30;Marciapiede;5395;LARGO GIAMBELLINO;;6;2020;9.135212621;45.44716576;(45.4471657604131, 9.1352126205592)
353;attiva;357;Ciceri Visconti - Martini;Monofacciale;36;Carreggiata;3220;VIA LAURA CICERI VISCONTI;2;4;2019;9.220224432;45.45537663;(45.4553766318151, 9.22022443197232)
354;attiva;358;Insubria - Bruno;Monofacciale;27;Carreggiata;3221;PIAZZA INSUBRIA - INTERSEZIONE VIA EMILIO FAA' DI BRUNO;;4;2019;9.221157184;45.45244465;(45.4524446535068, 9.2211571842039)
355;attiva;359;Tertulliano - Caroncini;Monofacciale;27;Marciapiede;4094;VIA TERTULLIANO;35;4;2019;9.218014785;45.44931902;(45.4493190225136, 9.21801478529387)
356;attiva;274;Passerini - Belloveso;Monofacciale;30;Carreggiata;1589;VIA GIAN BATTISTA PASSERINI - INTERSEZIONE VIA RICCARDO BAUER;5;9;2020;9.193383643;45.51534552;(45.5153455165897, 9.19338364292723)
357;attiva;362;Bottini 2 - Lambrate M2;Monofacciale;24;Marciapiede;2572;PIAZZA ENRICO BOTTINI;3;3;2019;9.235703334;45.48500336;(45.4850033635189, 9.23570333379701)
358;attiva;363;Tripoli;Bifacciale;30;Marciapiede;6130;PIAZZALE TRIPOLI - LATO VIALE MISURATA;;7;2019;9.14977974;45.45959364;(45.459593636374, 9.14977973964432)
359;attiva;364;Fezzan - Forli';Monofacciale;30;Marciapiede;6677;VIA FEZZAN - INTERSEZIONE VIALE CATERINA DA FORLI';;6;2020;9.146225379;45.45962623;(45.4596262265068, 9.14622537863905)
361;attiva;366;Carlini - D'Alviano;Monofacciale;30;Carreggiata;6819;VIA FRANCESCO CARLINI - INTERSEZIONE VIA BARTOLOMEO D'ALVIANO;;6;2019;9.142157541;45.45303134;(45.4530313356414, 9.14215754147811)
362;attiva;367;Velasquez - Osoppo;Monofacciale;27;Marciapiede;6595;PIAZZALE DIEGO VELASQUEZ - INTERSEZIONE VIA OSOPPO;;7;2020;9.141210421;45.46758736;(45.467587355933, 9.14121042137412)
363;attiva;368;Tolstoi - Lorenteggio;Monofacciale;30;Marciapiede;5133;VIA LEONE TOLSTOI;53;6;2020;9.149296035;45.45382866;(45.4538286576586, 9.14929603527088)
364;attiva;369;San Giminiano - Tuberose;Monofacciale;30;Marciapiede;6613;VIALE SAN GIMINIANO;19;6;2019;9.136110443;45.45884247;(45.4588424662214, 9.13611044277812)
365;attiva;370;Primaticcio - Corba;Monofacciale;30;Marciapiede;6646;VIA FRANCESCO PRIMATICCIO - INTERSEZIONE VIA CASCINA CORBA;;6;2019;9.133353862;45.45305588;(45.4530558834786, 9.13335386219688)
367;attiva;372;Solderini - Provincia di Milano;Monofacciale;30;Carreggiata;6675;VIA LUIGI SODERINI;;6;2019;9.142218813;45.45661872;(45.4566187179599, 9.14221881251799)
368;attiva;373;Brunelleschi - Giambellino;Monofacciale;24;Marciapiede;5384;VIA FILIPPO BRUNELLESCHI;1;6;2020;9.144433427;45.44903992;(45.4490399168567, 9.14443342680693)
371;attiva;376;Tirana - San Cristoforo;Monofacciale;36;Marciapiede;5378;PIAZZA TIRANA - LATO STAZIONE DI MILANO SAN CRISTOFORO;19;6;2020;9.130298627;45.44298489;(45.4429848874869, 9.13029862666393)
372;attiva;377;Inganni - Lorenteggio;Monofacciale;24;Marciapiede;6672;VIA ANGELO INGANNI - INTERSEZIONE VIA LORENTEGGIO;;6;2020;9.127906904;45.44735525;(45.4473552543959, 9.1279069042277)
373;attiva;378;San Gimignano - Soderini;Monofacciale;27;Marciapiede;6613;VIALE SAN GIMINIANO;9/A;6;2020;9.135783678;45.45425791;(45.4542579071839, 9.135783677845)
374;attiva;379;Inganni - Corba;Monofacciale;30;Marciapiede;6672;VIA ANGELO INGANNI - INTERSEZIONE VIA CASCINA CORBA;;6;2020;9.125921239;45.45102539;(45.4510253925048, 9.1259212394121)
375;attiva;380;Inganni M1 - Zurigo;Monofacciale;30;Marciapiede;6672;VIA ANGELO INGANNI;;6;2019;9.12279387;45.45707017;(45.457070173699, 9.12279386957162)
376;attiva;381;Primaticcio - Legioni Romane;Monofacciale;30;Marciapiede;6646;VIA FRANCESCO PRIMATICCIO - INTERSEZIONE VIALE LEGIONI ROMANE;;6;2019;9.129651218;45.45914682;(45.459146815276, 9.12965121817428)
377;attiva;382;Ciclamini - Palazzetto del Ghiaccio;Monofacciale;30;Carreggiata;6693;VIA DEI CICLAMINI;18;6;2020;9.128794298;45.45453375;(45.4545337484797, 9.12879429787685)
383;attiva;383;Angilberto - Comacchio;Monofacciale;30;Carreggiata;4278;PIAZZA ANGILBERTO II;;4;2018;9.217486111;45.43721398;(45.4372139822724, 9.21748611068234)
384;attiva;384;Gabrio Rosa;Monofacciale;30;Marciapiede;4288;PIAZZALE GABRIELE ROSA;;4;2019;9.224237519;45.43720557;(45.4372055725148, 9.22423751853595)
385;attiva;385;Ortles - Orobia;Monofacciale;30;Carreggiata;4133;VIALE ORTLES;53;5;2019;9.206705635;45.43996695;(45.4399669470415, 9.20670563507377)
386;attiva;318;Gioia - Carissimi;Monofacciale;36;Carreggiata;1108;VIA MELCHIORRE GIOIA;93;2;2015;9.202225987;45.49069388;(45.4906938782845, 9.20222598692054)
387;attiva;168;Piazza Carbonari;Monofacciale;30;Marciapiede;1219;VIA GIACOMO CARISSIMI;;2;2011;9.199150596;45.4925719;(45.4925719006175, 9.1991505963679)
388;attiva;211;Bernini;Monofacciale;27;Marciapiede;2201;PIAZZA GIAN LORENZO BERNINI;;3;2013;9.221508859;45.47875633;(45.4787563317092, 9.22150885899943)
389;attiva;361;Bottini 1 - Lambrate M2;Monofacciale;33;Marciapiede;2572;PIAZZA ENRICO BOTTINI;;3;2019;9.236869039;45.48446242;(45.484462416735, 9.23686903879113)
391;attiva;500;Cascina Merlata - UpTown;Monofacciale;30;Marciapiede;7614;VIA PIER PAOLO PASOLINI;;8;2021;9.103449716;45.50711116;(45.5071111637332, 9.10344971565342)
392;attiva;501;Cascina Merlata - Social Village;Bifacciale;30;Marciapiede;7614;VIA PIER PAOLO PASOLINI;;8;2021;9.10078912;45.51169363;(45.5116936343468, 9.10078911971841)
393;attiva;503;Bovio - Crespi;Monofacciale;39;Marciapiede;1507;VIA GIOVANNI BOVIO - INTERSEZIONE VIA BENIGNO CRESPI;;9;2021;9.184529799;45.50294202;(45.5029420204726, 9.18452979949276)
394;attiva;063;Sant'Ambrogio;Monofacciale;30;Marciapiede;643;PIAZZA SANT'AMBROGIO;;1;2008;9.174586908;45.46225551;(45.4622555085821, 9.17458690801843)
395;attiva;064;Diaz;Monofacciale;39;Carreggiata;339;PIAZZA DIAZ ARMANDO;6;1;2008;9.189651171;45.46216247;(45.4621624711804, 9.18965117128139)
396;attiva;502;UniCredit - Lampugnano M1;Bifacciale;36;Marciapiede;6891;VIA LIVIO CAMBI;;8;2021;9.126255146;45.48953732;(45.489537319048, 9.12625514582878)
397;attiva;V1;Apulejo - Campania;Virtuale;20;Carreggiata;3265;VIA APULEJO - INTERSEZIONE VIALE CAMPANIA;;4;2021;9.224434062;45.46263857;(45.4626385742104, 9.22443406233413)
398;attiva;V2;Hajech;Virtuale;20;Carreggiata;3091;VIA CAMILLO HAJECH;20-22;4;2021;9.21850218;45.46461271;(45.4646127148941, 9.2185021802409)
399;attiva;V3;Commenda - Berchet;Virtuale;20;Carreggiata;3146;VIA DELLA COMMENDA;;1;2021;9.199383706;45.45547855;(45.4554785482603, 9.19938370562119)
