"NIL (Nuclei di Identità Locale)";"Anno evento";"Nati"
"n.d.";"2004";5
"n.d.";"2005";5
"n.d.";"2006";4
"n.d.";"2007";8
"n.d.";"2008";7
"n.d.";"2009";10
"n.d.";"2010";3
"n.d.";"2011";58
"n.d.";"2012";99
"Duomo (1)";"2003";208
"Duomo (1)";"2004";208
"Duomo (1)";"2005";169
"Duomo (1)";"2006";194
"Duomo (1)";"2007";179
"Duomo (1)";"2008";167
"Duomo (1)";"2009";170
"Duomo (1)";"2010";165
"Duomo (1)";"2011";140
"Duomo (1)";"2012";155
"Duomo (1)";"2013";136
"Duomo (1)";"2014";140
"Duomo (1)";"2015";157
"Duomo (1)";"2016";128
"Duomo (1)";"2017";131
"Duomo (1)";"2018";106
"Duomo (1)";"2019";125
"Duomo (1)";"2020";109
"Duomo (1)";"2021";113
"Duomo (1)";"2022";111
"Duomo (1)";"2023";127
"Brera (2)";"2003";187
"Brera (2)";"2004";186
"Brera (2)";"2005";175
"Brera (2)";"2006";186
"Brera (2)";"2007";179
"Brera (2)";"2008";166
"Brera (2)";"2009";172
"Brera (2)";"2010";146
"Brera (2)";"2011";152
"Brera (2)";"2012";160
"Brera (2)";"2013";140
"Brera (2)";"2014";155
"Brera (2)";"2015";143
"Brera (2)";"2016";116
"Brera (2)";"2017";152
"Brera (2)";"2018";145
"Brera (2)";"2019";117
"Brera (2)";"2020";133
"Brera (2)";"2021";122
"Brera (2)";"2022";110
"Brera (2)";"2023";130
"Giardini P.ta Venezia (3)";"2003";1
"Giardini P.ta Venezia (3)";"2012";1
"Giardini P.ta Venezia (3)";"2013";1
"Giardini P.ta Venezia (3)";"2014";2
"Giardini P.ta Venezia (3)";"2015";1
"Guastalla (4)";"2003";157
"Guastalla (4)";"2004";141
"Guastalla (4)";"2005";163
"Guastalla (4)";"2006";163
"Guastalla (4)";"2007";138
"Guastalla (4)";"2008";147
"Guastalla (4)";"2009";135
"Guastalla (4)";"2010";141
"Guastalla (4)";"2011";121
"Guastalla (4)";"2012";111
"Guastalla (4)";"2013";109
"Guastalla (4)";"2014";109
"Guastalla (4)";"2015";122
"Guastalla (4)";"2016";133
"Guastalla (4)";"2017";84
"Guastalla (4)";"2018";113
"Guastalla (4)";"2019";108
"Guastalla (4)";"2020";89
"Guastalla (4)";"2021";116
"Guastalla (4)";"2022";99
"Guastalla (4)";"2023";97
"Porta Vigentina - Porta Lodovica (5)";"2003";125
"Porta Vigentina - Porta Lodovica (5)";"2004";156
"Porta Vigentina - Porta Lodovica (5)";"2005";144
"Porta Vigentina - Porta Lodovica (5)";"2006";122
"Porta Vigentina - Porta Lodovica (5)";"2007";119
"Porta Vigentina - Porta Lodovica (5)";"2008";125
"Porta Vigentina - Porta Lodovica (5)";"2009";133
"Porta Vigentina - Porta Lodovica (5)";"2010";117
"Porta Vigentina - Porta Lodovica (5)";"2011";93
"Porta Vigentina - Porta Lodovica (5)";"2012";103
"Porta Vigentina - Porta Lodovica (5)";"2013";104
"Porta Vigentina - Porta Lodovica (5)";"2014";91
"Porta Vigentina - Porta Lodovica (5)";"2015";94
"Porta Vigentina - Porta Lodovica (5)";"2016";97
"Porta Vigentina - Porta Lodovica (5)";"2017";74
"Porta Vigentina - Porta Lodovica (5)";"2018";88
"Porta Vigentina - Porta Lodovica (5)";"2019";96
"Porta Vigentina - Porta Lodovica (5)";"2020";84
"Porta Vigentina - Porta Lodovica (5)";"2021";92
"Porta Vigentina - Porta Lodovica (5)";"2022";89
"Porta Vigentina - Porta Lodovica (5)";"2023";75
"Porta Ticinese - Conca del Naviglio (6)";"2003";249
"Porta Ticinese - Conca del Naviglio (6)";"2004";211
"Porta Ticinese - Conca del Naviglio (6)";"2005";213
"Porta Ticinese - Conca del Naviglio (6)";"2006";213
"Porta Ticinese - Conca del Naviglio (6)";"2007";208
"Porta Ticinese - Conca del Naviglio (6)";"2008";210
"Porta Ticinese - Conca del Naviglio (6)";"2009";204
"Porta Ticinese - Conca del Naviglio (6)";"2010";203
"Porta Ticinese - Conca del Naviglio (6)";"2011";144
"Porta Ticinese - Conca del Naviglio (6)";"2012";158
"Porta Ticinese - Conca del Naviglio (6)";"2013";168
"Porta Ticinese - Conca del Naviglio (6)";"2014";162
"Porta Ticinese - Conca del Naviglio (6)";"2015";177
"Porta Ticinese - Conca del Naviglio (6)";"2016";171
"Porta Ticinese - Conca del Naviglio (6)";"2017";164
"Porta Ticinese - Conca del Naviglio (6)";"2018";136
"Porta Ticinese - Conca del Naviglio (6)";"2019";146
"Porta Ticinese - Conca del Naviglio (6)";"2020";126
"Porta Ticinese - Conca del Naviglio (6)";"2021";140
"Porta Ticinese - Conca del Naviglio (6)";"2022";119
"Porta Ticinese - Conca del Naviglio (6)";"2023";136
"Magenta - S.Vittore (7)";"2003";203
"Magenta - S.Vittore (7)";"2004";182
"Magenta - S.Vittore (7)";"2005";187
"Magenta - S.Vittore (7)";"2006";187
"Magenta - S.Vittore (7)";"2007";202
"Magenta - S.Vittore (7)";"2008";194
"Magenta - S.Vittore (7)";"2009";132
"Magenta - S.Vittore (7)";"2010";152
"Magenta - S.Vittore (7)";"2011";144
"Magenta - S.Vittore (7)";"2012";134
"Magenta - S.Vittore (7)";"2013";146
"Magenta - S.Vittore (7)";"2014";139
"Magenta - S.Vittore (7)";"2015";146
"Magenta - S.Vittore (7)";"2016";127
"Magenta - S.Vittore (7)";"2017";128
"Magenta - S.Vittore (7)";"2018";119
"Magenta - S.Vittore (7)";"2019";110
"Magenta - S.Vittore (7)";"2020";140
"Magenta - S.Vittore (7)";"2021";119
"Magenta - S.Vittore (7)";"2022";99
"Magenta - S.Vittore (7)";"2023";108
"Porta Garibaldi - Porta Nuova (9)";"2003";44
"Porta Garibaldi - Porta Nuova (9)";"2004";56
"Porta Garibaldi - Porta Nuova (9)";"2005";51
"Porta Garibaldi - Porta Nuova (9)";"2006";59
"Porta Garibaldi - Porta Nuova (9)";"2007";52
"Porta Garibaldi - Porta Nuova (9)";"2008";44
"Porta Garibaldi - Porta Nuova (9)";"2009";58
"Porta Garibaldi - Porta Nuova (9)";"2010";42
"Porta Garibaldi - Porta Nuova (9)";"2011";43
"Porta Garibaldi - Porta Nuova (9)";"2012";38
"Porta Garibaldi - Porta Nuova (9)";"2013";53
"Porta Garibaldi - Porta Nuova (9)";"2014";57
"Porta Garibaldi - Porta Nuova (9)";"2015";53
"Porta Garibaldi - Porta Nuova (9)";"2016";49
"Porta Garibaldi - Porta Nuova (9)";"2017";34
"Porta Garibaldi - Porta Nuova (9)";"2018";45
"Porta Garibaldi - Porta Nuova (9)";"2019";53
"Porta Garibaldi - Porta Nuova (9)";"2020";48
"Porta Garibaldi - Porta Nuova (9)";"2021";43
"Porta Garibaldi - Porta Nuova (9)";"2022";37
"Porta Garibaldi - Porta Nuova (9)";"2023";41
"Stazione Centrale - Ponte Seveso (10)";"2003";161
"Stazione Centrale - Ponte Seveso (10)";"2004";177
"Stazione Centrale - Ponte Seveso (10)";"2005";167
"Stazione Centrale - Ponte Seveso (10)";"2006";150
"Stazione Centrale - Ponte Seveso (10)";"2007";151
"Stazione Centrale - Ponte Seveso (10)";"2008";166
"Stazione Centrale - Ponte Seveso (10)";"2009";188
"Stazione Centrale - Ponte Seveso (10)";"2010";170
"Stazione Centrale - Ponte Seveso (10)";"2011";156
"Stazione Centrale - Ponte Seveso (10)";"2012";146
"Stazione Centrale - Ponte Seveso (10)";"2013";128
"Stazione Centrale - Ponte Seveso (10)";"2014";153
"Stazione Centrale - Ponte Seveso (10)";"2015";155
"Stazione Centrale - Ponte Seveso (10)";"2016";150
"Stazione Centrale - Ponte Seveso (10)";"2017";147
"Stazione Centrale - Ponte Seveso (10)";"2018";138
"Stazione Centrale - Ponte Seveso (10)";"2019";130
"Stazione Centrale - Ponte Seveso (10)";"2020";145
"Stazione Centrale - Ponte Seveso (10)";"2021";143
"Stazione Centrale - Ponte Seveso (10)";"2022";139
"Stazione Centrale - Ponte Seveso (10)";"2023";107
"Isola (11)";"2003";197
"Isola (11)";"2004";224
"Isola (11)";"2005";237
"Isola (11)";"2006";235
"Isola (11)";"2007";228
"Isola (11)";"2008";228
"Isola (11)";"2009";247
"Isola (11)";"2010";216
"Isola (11)";"2011";190
"Isola (11)";"2012";213
"Isola (11)";"2013";208
"Isola (11)";"2014";235
"Isola (11)";"2015";202
"Isola (11)";"2016";209
"Isola (11)";"2017";211
"Isola (11)";"2018";209
"Isola (11)";"2019";179
"Isola (11)";"2020";194
"Isola (11)";"2021";198
"Isola (11)";"2022";171
"Isola (11)";"2023";174
"Maciachini - Maggiolina (12)";"2003";210
"Maciachini - Maggiolina (12)";"2004";229
"Maciachini - Maggiolina (12)";"2005";226
"Maciachini - Maggiolina (12)";"2006";216
"Maciachini - Maggiolina (12)";"2007";241
"Maciachini - Maggiolina (12)";"2008";213
"Maciachini - Maggiolina (12)";"2009";242
"Maciachini - Maggiolina (12)";"2010";228
"Maciachini - Maggiolina (12)";"2011";233
"Maciachini - Maggiolina (12)";"2012";209
"Maciachini - Maggiolina (12)";"2013";209
"Maciachini - Maggiolina (12)";"2014";212
"Maciachini - Maggiolina (12)";"2015";224
"Maciachini - Maggiolina (12)";"2016";214
"Maciachini - Maggiolina (12)";"2017";200
"Maciachini - Maggiolina (12)";"2018";188
"Maciachini - Maggiolina (12)";"2019";163
"Maciachini - Maggiolina (12)";"2020";167
"Maciachini - Maggiolina (12)";"2021";182
"Maciachini - Maggiolina (12)";"2022";180
"Maciachini - Maggiolina (12)";"2023";161
"Greco - Segnano (13)";"2003";139
"Greco - Segnano (13)";"2004";143
"Greco - Segnano (13)";"2005";138
"Greco - Segnano (13)";"2006";155
"Greco - Segnano (13)";"2007";154
"Greco - Segnano (13)";"2008";142
"Greco - Segnano (13)";"2009";135
"Greco - Segnano (13)";"2010";149
"Greco - Segnano (13)";"2011";147
"Greco - Segnano (13)";"2012";123
"Greco - Segnano (13)";"2013";137
"Greco - Segnano (13)";"2014";134
"Greco - Segnano (13)";"2015";151
"Greco - Segnano (13)";"2016";117
"Greco - Segnano (13)";"2017";133
"Greco - Segnano (13)";"2018";128
"Greco - Segnano (13)";"2019";127
"Greco - Segnano (13)";"2020";103
"Greco - Segnano (13)";"2021";120
"Greco - Segnano (13)";"2022";122
"Greco - Segnano (13)";"2023";101
"Niguarda - Ca’ Granda - Prato Centenaro - Q.re Fulvio Testi (14)";"2003";256
"Niguarda - Ca’ Granda - Prato Centenaro - Q.re Fulvio Testi (14)";"2004";281
"Niguarda - Ca’ Granda - Prato Centenaro - Q.re Fulvio Testi (14)";"2005";274
"Niguarda - Ca’ Granda - Prato Centenaro - Q.re Fulvio Testi (14)";"2006";274
"Niguarda - Ca’ Granda - Prato Centenaro - Q.re Fulvio Testi (14)";"2007";285
"Niguarda - Ca’ Granda - Prato Centenaro - Q.re Fulvio Testi (14)";"2008";305
"Niguarda - Ca’ Granda - Prato Centenaro - Q.re Fulvio Testi (14)";"2009";286
"Niguarda - Ca’ Granda - Prato Centenaro - Q.re Fulvio Testi (14)";"2010";300
"Niguarda - Ca’ Granda - Prato Centenaro - Q.re Fulvio Testi (14)";"2011";289
"Niguarda - Ca’ Granda - Prato Centenaro - Q.re Fulvio Testi (14)";"2012";284
"Niguarda - Ca’ Granda - Prato Centenaro - Q.re Fulvio Testi (14)";"2013";263
"Niguarda - Ca’ Granda - Prato Centenaro - Q.re Fulvio Testi (14)";"2014";271
"Niguarda - Ca’ Granda - Prato Centenaro - Q.re Fulvio Testi (14)";"2015";272
"Niguarda - Ca’ Granda - Prato Centenaro - Q.re Fulvio Testi (14)";"2016";249
"Niguarda - Ca’ Granda - Prato Centenaro - Q.re Fulvio Testi (14)";"2017";222
"Niguarda - Ca’ Granda - Prato Centenaro - Q.re Fulvio Testi (14)";"2018";248
"Niguarda - Ca’ Granda - Prato Centenaro - Q.re Fulvio Testi (14)";"2019";246
"Niguarda - Ca’ Granda - Prato Centenaro - Q.re Fulvio Testi (14)";"2020";211
"Niguarda - Ca’ Granda - Prato Centenaro - Q.re Fulvio Testi (14)";"2021";217
"Niguarda - Ca’ Granda - Prato Centenaro - Q.re Fulvio Testi (14)";"2022";220
"Niguarda - Ca’ Granda - Prato Centenaro - Q.re Fulvio Testi (14)";"2023";217
"Bicocca (15)";"2003";83
"Bicocca (15)";"2004";69
"Bicocca (15)";"2005";92
"Bicocca (15)";"2006";99
"Bicocca (15)";"2007";71
"Bicocca (15)";"2008";80
"Bicocca (15)";"2009";73
"Bicocca (15)";"2010";78
"Bicocca (15)";"2011";62
"Bicocca (15)";"2012";82
"Bicocca (15)";"2013";71
"Bicocca (15)";"2014";102
"Bicocca (15)";"2015";109
"Bicocca (15)";"2016";104
"Bicocca (15)";"2017";110
"Bicocca (15)";"2018";97
"Bicocca (15)";"2019";92
"Bicocca (15)";"2020";74
"Bicocca (15)";"2021";72
"Bicocca (15)";"2022";63
"Bicocca (15)";"2023";84
"Gorla - Precotto (16)";"2003";223
"Gorla - Precotto (16)";"2004";251
"Gorla - Precotto (16)";"2005";215
"Gorla - Precotto (16)";"2006";247
"Gorla - Precotto (16)";"2007";247
"Gorla - Precotto (16)";"2008";263
"Gorla - Precotto (16)";"2009";273
"Gorla - Precotto (16)";"2010";263
"Gorla - Precotto (16)";"2011";279
"Gorla - Precotto (16)";"2012";218
"Gorla - Precotto (16)";"2013";282
"Gorla - Precotto (16)";"2014";299
"Gorla - Precotto (16)";"2015";250
"Gorla - Precotto (16)";"2016";254
"Gorla - Precotto (16)";"2017";259
"Gorla - Precotto (16)";"2018";238
"Gorla - Precotto (16)";"2019";205
"Gorla - Precotto (16)";"2020";236
"Gorla - Precotto (16)";"2021";206
"Gorla - Precotto (16)";"2022";209
"Gorla - Precotto (16)";"2023";208
"Adriano (17)";"2003";153
"Adriano (17)";"2004";137
"Adriano (17)";"2005";124
"Adriano (17)";"2006";143
"Adriano (17)";"2007";143
"Adriano (17)";"2008";153
"Adriano (17)";"2009";134
"Adriano (17)";"2010";132
"Adriano (17)";"2011";160
"Adriano (17)";"2012";166
"Adriano (17)";"2013";182
"Adriano (17)";"2014";161
"Adriano (17)";"2015";150
"Adriano (17)";"2016";163
"Adriano (17)";"2017";139
"Adriano (17)";"2018";152
"Adriano (17)";"2019";139
"Adriano (17)";"2020";163
"Adriano (17)";"2021";140
"Adriano (17)";"2022";131
"Adriano (17)";"2023";146
"Cimiano - Rottole - Q.re Feltre (18)";"2003";157
"Cimiano - Rottole - Q.re Feltre (18)";"2004";134
"Cimiano - Rottole - Q.re Feltre (18)";"2005";159
"Cimiano - Rottole - Q.re Feltre (18)";"2006";157
"Cimiano - Rottole - Q.re Feltre (18)";"2007";143
"Cimiano - Rottole - Q.re Feltre (18)";"2008";162
"Cimiano - Rottole - Q.re Feltre (18)";"2009";129
"Cimiano - Rottole - Q.re Feltre (18)";"2010";146
"Cimiano - Rottole - Q.re Feltre (18)";"2011";149
"Cimiano - Rottole - Q.re Feltre (18)";"2012";156
"Cimiano - Rottole - Q.re Feltre (18)";"2013";118
"Cimiano - Rottole - Q.re Feltre (18)";"2014";161
"Cimiano - Rottole - Q.re Feltre (18)";"2015";146
"Cimiano - Rottole - Q.re Feltre (18)";"2016";140
"Cimiano - Rottole - Q.re Feltre (18)";"2017";145
"Cimiano - Rottole - Q.re Feltre (18)";"2018";144
"Cimiano - Rottole - Q.re Feltre (18)";"2019";140
"Cimiano - Rottole - Q.re Feltre (18)";"2020";110
"Cimiano - Rottole - Q.re Feltre (18)";"2021";138
"Cimiano - Rottole - Q.re Feltre (18)";"2022";145
"Cimiano - Rottole - Q.re Feltre (18)";"2023";143
"Padova - Turro - Crescenzago (19)";"2003";306
"Padova - Turro - Crescenzago (19)";"2004";294
"Padova - Turro - Crescenzago (19)";"2005";312
"Padova - Turro - Crescenzago (19)";"2006";347
"Padova - Turro - Crescenzago (19)";"2007";327
"Padova - Turro - Crescenzago (19)";"2008";325
"Padova - Turro - Crescenzago (19)";"2009";366
"Padova - Turro - Crescenzago (19)";"2010";352
"Padova - Turro - Crescenzago (19)";"2011";335
"Padova - Turro - Crescenzago (19)";"2012";336
"Padova - Turro - Crescenzago (19)";"2013";313
"Padova - Turro - Crescenzago (19)";"2014";335
"Padova - Turro - Crescenzago (19)";"2015";325
"Padova - Turro - Crescenzago (19)";"2016";340
"Padova - Turro - Crescenzago (19)";"2017";329
"Padova - Turro - Crescenzago (19)";"2018";307
"Padova - Turro - Crescenzago (19)";"2019";293
"Padova - Turro - Crescenzago (19)";"2020";279
"Padova - Turro - Crescenzago (19)";"2021";245
"Padova - Turro - Crescenzago (19)";"2022";269
"Padova - Turro - Crescenzago (19)";"2023";246
"Loreto - Casoretto - NoLo (20)";"2003";387
"Loreto - Casoretto - NoLo (20)";"2004";430
"Loreto - Casoretto - NoLo (20)";"2005";433
"Loreto - Casoretto - NoLo (20)";"2006";385
"Loreto - Casoretto - NoLo (20)";"2007";412
"Loreto - Casoretto - NoLo (20)";"2008";436
"Loreto - Casoretto - NoLo (20)";"2009";443
"Loreto - Casoretto - NoLo (20)";"2010";414
"Loreto - Casoretto - NoLo (20)";"2011";405
"Loreto - Casoretto - NoLo (20)";"2012";402
"Loreto - Casoretto - NoLo (20)";"2013";412
"Loreto - Casoretto - NoLo (20)";"2014";427
"Loreto - Casoretto - NoLo (20)";"2015";411
"Loreto - Casoretto - NoLo (20)";"2016";398
"Loreto - Casoretto - NoLo (20)";"2017";363
"Loreto - Casoretto - NoLo (20)";"2018";375
"Loreto - Casoretto - NoLo (20)";"2019";359
"Loreto - Casoretto - NoLo (20)";"2020";319
"Loreto - Casoretto - NoLo (20)";"2021";312
"Loreto - Casoretto - NoLo (20)";"2022";284
"Loreto - Casoretto - NoLo (20)";"2023";248
"Buenos Aires - Porta Venezia - Porta Monforte (21)";"2003";632
"Buenos Aires - Porta Venezia - Porta Monforte (21)";"2004";647
"Buenos Aires - Porta Venezia - Porta Monforte (21)";"2005";590
"Buenos Aires - Porta Venezia - Porta Monforte (21)";"2006";598
"Buenos Aires - Porta Venezia - Porta Monforte (21)";"2007";576
"Buenos Aires - Porta Venezia - Porta Monforte (21)";"2008";607
"Buenos Aires - Porta Venezia - Porta Monforte (21)";"2009";559
"Buenos Aires - Porta Venezia - Porta Monforte (21)";"2010";570
"Buenos Aires - Porta Venezia - Porta Monforte (21)";"2011";490
"Buenos Aires - Porta Venezia - Porta Monforte (21)";"2012";506
"Buenos Aires - Porta Venezia - Porta Monforte (21)";"2013";516
"Buenos Aires - Porta Venezia - Porta Monforte (21)";"2014";479
"Buenos Aires - Porta Venezia - Porta Monforte (21)";"2015";457
"Buenos Aires - Porta Venezia - Porta Monforte (21)";"2016";480
"Buenos Aires - Porta Venezia - Porta Monforte (21)";"2017";446
"Buenos Aires - Porta Venezia - Porta Monforte (21)";"2018";470
"Buenos Aires - Porta Venezia - Porta Monforte (21)";"2019";454
"Buenos Aires - Porta Venezia - Porta Monforte (21)";"2020";464
"Buenos Aires - Porta Venezia - Porta Monforte (21)";"2021";452
"Buenos Aires - Porta Venezia - Porta Monforte (21)";"2022";424
"Buenos Aires - Porta Venezia - Porta Monforte (21)";"2023";379
"Citta' studi (22)";"2003";329
"Citta' studi (22)";"2004";353
"Citta' studi (22)";"2005";353
"Citta' studi (22)";"2006";318
"Citta' studi (22)";"2007";317
"Citta' studi (22)";"2008";321
"Citta' studi (22)";"2009";314
"Citta' studi (22)";"2010";287
"Citta' studi (22)";"2011";315
"Citta' studi (22)";"2012";304
"Citta' studi (22)";"2013";257
"Citta' studi (22)";"2014";291
"Citta' studi (22)";"2015";292
"Citta' studi (22)";"2016";277
"Citta' studi (22)";"2017";248
"Citta' studi (22)";"2018";262
"Citta' studi (22)";"2019";235
"Citta' studi (22)";"2020";270
"Citta' studi (22)";"2021";238
"Citta' studi (22)";"2022";249
"Citta' studi (22)";"2023";228
"Lambrate - Ortica (23)";"2003";73
"Lambrate - Ortica (23)";"2004";85
"Lambrate - Ortica (23)";"2005";110
"Lambrate - Ortica (23)";"2006";122
"Lambrate - Ortica (23)";"2007";110
"Lambrate - Ortica (23)";"2008";126
"Lambrate - Ortica (23)";"2009";138
"Lambrate - Ortica (23)";"2010";132
"Lambrate - Ortica (23)";"2011";101
"Lambrate - Ortica (23)";"2012";124
"Lambrate - Ortica (23)";"2013";104
"Lambrate - Ortica (23)";"2014";91
"Lambrate - Ortica (23)";"2015";116
"Lambrate - Ortica (23)";"2016";101
"Lambrate - Ortica (23)";"2017";109
"Lambrate - Ortica (23)";"2018";110
"Lambrate - Ortica (23)";"2019";105
"Lambrate - Ortica (23)";"2020";104
"Lambrate - Ortica (23)";"2021";80
"Lambrate - Ortica (23)";"2022";84
"Lambrate - Ortica (23)";"2023";103
"Parco Forlanini - Cavriano (24)";"2003";10
"Parco Forlanini - Cavriano (24)";"2004";7
"Parco Forlanini - Cavriano (24)";"2005";13
"Parco Forlanini - Cavriano (24)";"2006";10
"Parco Forlanini - Cavriano (24)";"2007";7
"Parco Forlanini - Cavriano (24)";"2008";11
"Parco Forlanini - Cavriano (24)";"2009";14
"Parco Forlanini - Cavriano (24)";"2010";12
"Parco Forlanini - Cavriano (24)";"2011";15
"Parco Forlanini - Cavriano (24)";"2012";11
"Parco Forlanini - Cavriano (24)";"2013";4
"Parco Forlanini - Cavriano (24)";"2014";9
"Parco Forlanini - Cavriano (24)";"2015";14
"Parco Forlanini - Cavriano (24)";"2016";8
"Parco Forlanini - Cavriano (24)";"2017";20
"Parco Forlanini - Cavriano (24)";"2018";17
"Parco Forlanini - Cavriano (24)";"2019";11
"Parco Forlanini - Cavriano (24)";"2020";16
"Parco Forlanini - Cavriano (24)";"2021";9
"Parco Forlanini - Cavriano (24)";"2022";13
"Parco Forlanini - Cavriano (24)";"2023";10
"Corsica (25)";"2003";144
"Corsica (25)";"2004";173
"Corsica (25)";"2005";143
"Corsica (25)";"2006";148
"Corsica (25)";"2007";168
"Corsica (25)";"2008";150
"Corsica (25)";"2009";182
"Corsica (25)";"2010";164
"Corsica (25)";"2011";164
"Corsica (25)";"2012";160
"Corsica (25)";"2013";159
"Corsica (25)";"2014";174
"Corsica (25)";"2015";163
"Corsica (25)";"2016";151
"Corsica (25)";"2017";179
"Corsica (25)";"2018";150
"Corsica (25)";"2019";154
"Corsica (25)";"2020";153
"Corsica (25)";"2021";133
"Corsica (25)";"2022";147
"Corsica (25)";"2023";130
"XXII Marzo (26)";"2003";355
"XXII Marzo (26)";"2004";298
"XXII Marzo (26)";"2005";286
"XXII Marzo (26)";"2006";328
"XXII Marzo (26)";"2007";314
"XXII Marzo (26)";"2008";316
"XXII Marzo (26)";"2009";287
"XXII Marzo (26)";"2010";264
"XXII Marzo (26)";"2011";250
"XXII Marzo (26)";"2012";283
"XXII Marzo (26)";"2013";228
"XXII Marzo (26)";"2014";258
"XXII Marzo (26)";"2015";223
"XXII Marzo (26)";"2016";249
"XXII Marzo (26)";"2017";248
"XXII Marzo (26)";"2018";233
"XXII Marzo (26)";"2019";233
"XXII Marzo (26)";"2020";230
"XXII Marzo (26)";"2021";257
"XXII Marzo (26)";"2022";229
"XXII Marzo (26)";"2023";221
"Pta Romana (27)";"2003";189
"Pta Romana (27)";"2004";173
"Pta Romana (27)";"2005";189
"Pta Romana (27)";"2006";205
"Pta Romana (27)";"2007";173
"Pta Romana (27)";"2008";147
"Pta Romana (27)";"2009";185
"Pta Romana (27)";"2010";152
"Pta Romana (27)";"2011";163
"Pta Romana (27)";"2012";156
"Pta Romana (27)";"2013";148
"Pta Romana (27)";"2014";148
"Pta Romana (27)";"2015";140
"Pta Romana (27)";"2016";157
"Pta Romana (27)";"2017";134
"Pta Romana (27)";"2018";160
"Pta Romana (27)";"2019";136
"Pta Romana (27)";"2020";142
"Pta Romana (27)";"2021";138
"Pta Romana (27)";"2022";114
"Pta Romana (27)";"2023";126
"Umbria - Molise - Calvairate (28)";"2003";188
"Umbria - Molise - Calvairate (28)";"2004";225
"Umbria - Molise - Calvairate (28)";"2005";241
"Umbria - Molise - Calvairate (28)";"2006";224
"Umbria - Molise - Calvairate (28)";"2007";197
"Umbria - Molise - Calvairate (28)";"2008";202
"Umbria - Molise - Calvairate (28)";"2009";216
"Umbria - Molise - Calvairate (28)";"2010";215
"Umbria - Molise - Calvairate (28)";"2011";194
"Umbria - Molise - Calvairate (28)";"2012";208
"Umbria - Molise - Calvairate (28)";"2013";205
"Umbria - Molise - Calvairate (28)";"2014";208
"Umbria - Molise - Calvairate (28)";"2015";188
"Umbria - Molise - Calvairate (28)";"2016";198
"Umbria - Molise - Calvairate (28)";"2017";229
"Umbria - Molise - Calvairate (28)";"2018";205
"Umbria - Molise - Calvairate (28)";"2019";193
"Umbria - Molise - Calvairate (28)";"2020";182
"Umbria - Molise - Calvairate (28)";"2021";187
"Umbria - Molise - Calvairate (28)";"2022";182
"Umbria - Molise - Calvairate (28)";"2023";161
"Ortomercato (29)";"2003";38
"Ortomercato (29)";"2004";30
"Ortomercato (29)";"2005";43
"Ortomercato (29)";"2006";42
"Ortomercato (29)";"2007";27
"Ortomercato (29)";"2008";35
"Ortomercato (29)";"2009";29
"Ortomercato (29)";"2010";37
"Ortomercato (29)";"2011";30
"Ortomercato (29)";"2012";29
"Ortomercato (29)";"2013";35
"Ortomercato (29)";"2014";48
"Ortomercato (29)";"2015";38
"Ortomercato (29)";"2016";37
"Ortomercato (29)";"2017";33
"Ortomercato (29)";"2018";35
"Ortomercato (29)";"2019";31
"Ortomercato (29)";"2020";36
"Ortomercato (29)";"2021";26
"Ortomercato (29)";"2022";29
"Ortomercato (29)";"2023";30
"Taliedo - Morsenchio - Q.re Forlanini (30)";"2003";141
"Taliedo - Morsenchio - Q.re Forlanini (30)";"2004";137
"Taliedo - Morsenchio - Q.re Forlanini (30)";"2005";141
"Taliedo - Morsenchio - Q.re Forlanini (30)";"2006";161
"Taliedo - Morsenchio - Q.re Forlanini (30)";"2007";159
"Taliedo - Morsenchio - Q.re Forlanini (30)";"2008";155
"Taliedo - Morsenchio - Q.re Forlanini (30)";"2009";161
"Taliedo - Morsenchio - Q.re Forlanini (30)";"2010";147
"Taliedo - Morsenchio - Q.re Forlanini (30)";"2011";130
"Taliedo - Morsenchio - Q.re Forlanini (30)";"2012";142
"Taliedo - Morsenchio - Q.re Forlanini (30)";"2013";140
"Taliedo - Morsenchio - Q.re Forlanini (30)";"2014";128
"Taliedo - Morsenchio - Q.re Forlanini (30)";"2015";118
"Taliedo - Morsenchio - Q.re Forlanini (30)";"2016";151
"Taliedo - Morsenchio - Q.re Forlanini (30)";"2017";129
"Taliedo - Morsenchio - Q.re Forlanini (30)";"2018";147
"Taliedo - Morsenchio - Q.re Forlanini (30)";"2019";134
"Taliedo - Morsenchio - Q.re Forlanini (30)";"2020";138
"Taliedo - Morsenchio - Q.re Forlanini (30)";"2021";131
"Taliedo - Morsenchio - Q.re Forlanini (30)";"2022";134
"Taliedo - Morsenchio - Q.re Forlanini (30)";"2023";136
"Monlue' - Ponte Lambro (31)";"2003";58
"Monlue' - Ponte Lambro (31)";"2004";44
"Monlue' - Ponte Lambro (31)";"2005";55
"Monlue' - Ponte Lambro (31)";"2006";59
"Monlue' - Ponte Lambro (31)";"2007";53
"Monlue' - Ponte Lambro (31)";"2008";46
"Monlue' - Ponte Lambro (31)";"2009";55
"Monlue' - Ponte Lambro (31)";"2010";57
"Monlue' - Ponte Lambro (31)";"2011";60
"Monlue' - Ponte Lambro (31)";"2012";43
"Monlue' - Ponte Lambro (31)";"2013";57
"Monlue' - Ponte Lambro (31)";"2014";60
"Monlue' - Ponte Lambro (31)";"2015";49
"Monlue' - Ponte Lambro (31)";"2016";46
"Monlue' - Ponte Lambro (31)";"2017";51
"Monlue' - Ponte Lambro (31)";"2018";60
"Monlue' - Ponte Lambro (31)";"2019";48
"Monlue' - Ponte Lambro (31)";"2020";44
"Monlue' - Ponte Lambro (31)";"2021";37
"Monlue' - Ponte Lambro (31)";"2022";33
"Monlue' - Ponte Lambro (31)";"2023";47
"Triulzo Superiore (32)";"2003";20
"Triulzo Superiore (32)";"2004";9
"Triulzo Superiore (32)";"2005";10
"Triulzo Superiore (32)";"2006";18
"Triulzo Superiore (32)";"2007";16
"Triulzo Superiore (32)";"2008";12
"Triulzo Superiore (32)";"2009";17
"Triulzo Superiore (32)";"2010";14
"Triulzo Superiore (32)";"2011";14
"Triulzo Superiore (32)";"2012";16
"Triulzo Superiore (32)";"2013";16
"Triulzo Superiore (32)";"2014";28
"Triulzo Superiore (32)";"2015";16
"Triulzo Superiore (32)";"2016";26
"Triulzo Superiore (32)";"2017";19
"Triulzo Superiore (32)";"2018";17
"Triulzo Superiore (32)";"2019";27
"Triulzo Superiore (32)";"2020";13
"Triulzo Superiore (32)";"2021";17
"Triulzo Superiore (32)";"2022";18
"Triulzo Superiore (32)";"2023";18
"Rogoredo - Santa Giulia (33)";"2003";94
"Rogoredo - Santa Giulia (33)";"2004";76
"Rogoredo - Santa Giulia (33)";"2005";82
"Rogoredo - Santa Giulia (33)";"2006";78
"Rogoredo - Santa Giulia (33)";"2007";71
"Rogoredo - Santa Giulia (33)";"2008";67
"Rogoredo - Santa Giulia (33)";"2009";85
"Rogoredo - Santa Giulia (33)";"2010";138
"Rogoredo - Santa Giulia (33)";"2011";111
"Rogoredo - Santa Giulia (33)";"2012";129
"Rogoredo - Santa Giulia (33)";"2013";153
"Rogoredo - Santa Giulia (33)";"2014";116
"Rogoredo - Santa Giulia (33)";"2015";113
"Rogoredo - Santa Giulia (33)";"2016";114
"Rogoredo - Santa Giulia (33)";"2017";119
"Rogoredo - Santa Giulia (33)";"2018";98
"Rogoredo - Santa Giulia (33)";"2019";104
"Rogoredo - Santa Giulia (33)";"2020";96
"Rogoredo - Santa Giulia (33)";"2021";116
"Rogoredo - Santa Giulia (33)";"2022";102
"Rogoredo - Santa Giulia (33)";"2023";107
"Chiaravalle (34)";"2003";9
"Chiaravalle (34)";"2004";6
"Chiaravalle (34)";"2005";12
"Chiaravalle (34)";"2006";5
"Chiaravalle (34)";"2007";11
"Chiaravalle (34)";"2008";4
"Chiaravalle (34)";"2009";8
"Chiaravalle (34)";"2010";5
"Chiaravalle (34)";"2011";6
"Chiaravalle (34)";"2012";7
"Chiaravalle (34)";"2013";4
"Chiaravalle (34)";"2014";5
"Chiaravalle (34)";"2015";7
"Chiaravalle (34)";"2016";4
"Chiaravalle (34)";"2017";1
"Chiaravalle (34)";"2018";5
"Chiaravalle (34)";"2019";5
"Chiaravalle (34)";"2020";4
"Chiaravalle (34)";"2021";5
"Chiaravalle (34)";"2022";5
"Chiaravalle (34)";"2023";10
"Lodi - Corvetto (35)";"2003";316
"Lodi - Corvetto (35)";"2004";316
"Lodi - Corvetto (35)";"2005";317
"Lodi - Corvetto (35)";"2006";322
"Lodi - Corvetto (35)";"2007";323
"Lodi - Corvetto (35)";"2008";347
"Lodi - Corvetto (35)";"2009";298
"Lodi - Corvetto (35)";"2010";316
"Lodi - Corvetto (35)";"2011";280
"Lodi - Corvetto (35)";"2012";298
"Lodi - Corvetto (35)";"2013";320
"Lodi - Corvetto (35)";"2014";309
"Lodi - Corvetto (35)";"2015";322
"Lodi - Corvetto (35)";"2016";309
"Lodi - Corvetto (35)";"2017";302
"Lodi - Corvetto (35)";"2018";310
"Lodi - Corvetto (35)";"2019";295
"Lodi - Corvetto (35)";"2020";253
"Lodi - Corvetto (35)";"2021";277
"Lodi - Corvetto (35)";"2022";269
"Lodi - Corvetto (35)";"2023";249
"Scalo Romana (36)";"2003";103
"Scalo Romana (36)";"2004";99
"Scalo Romana (36)";"2005";85
"Scalo Romana (36)";"2006";106
"Scalo Romana (36)";"2007";88
"Scalo Romana (36)";"2008";110
"Scalo Romana (36)";"2009";108
"Scalo Romana (36)";"2010";112
"Scalo Romana (36)";"2011";92
"Scalo Romana (36)";"2012";115
"Scalo Romana (36)";"2013";116
"Scalo Romana (36)";"2014";93
"Scalo Romana (36)";"2015";107
"Scalo Romana (36)";"2016";103
"Scalo Romana (36)";"2017";142
"Scalo Romana (36)";"2018";120
"Scalo Romana (36)";"2019";131
"Scalo Romana (36)";"2020";96
"Scalo Romana (36)";"2021";102
"Scalo Romana (36)";"2022";94
"Scalo Romana (36)";"2023";94
"Morivione (37)";"2003";76
"Morivione (37)";"2004";80
"Morivione (37)";"2005";92
"Morivione (37)";"2006";83
"Morivione (37)";"2007";75
"Morivione (37)";"2008";88
"Morivione (37)";"2009";89
"Morivione (37)";"2010";77
"Morivione (37)";"2011";68
"Morivione (37)";"2012";87
"Morivione (37)";"2013";77
"Morivione (37)";"2014";69
"Morivione (37)";"2015";70
"Morivione (37)";"2016";54
"Morivione (37)";"2017";66
"Morivione (37)";"2018";52
"Morivione (37)";"2019";55
"Morivione (37)";"2020";68
"Morivione (37)";"2021";53
"Morivione (37)";"2022";50
"Morivione (37)";"2023";49
"Vigentino - Q.re Fatima (38)";"2003";121
"Vigentino - Q.re Fatima (38)";"2004";121
"Vigentino - Q.re Fatima (38)";"2005";109
"Vigentino - Q.re Fatima (38)";"2006";118
"Vigentino - Q.re Fatima (38)";"2007";119
"Vigentino - Q.re Fatima (38)";"2008";124
"Vigentino - Q.re Fatima (38)";"2009";123
"Vigentino - Q.re Fatima (38)";"2010";113
"Vigentino - Q.re Fatima (38)";"2011";125
"Vigentino - Q.re Fatima (38)";"2012";109
"Vigentino - Q.re Fatima (38)";"2013";114
"Vigentino - Q.re Fatima (38)";"2014";119
"Vigentino - Q.re Fatima (38)";"2015";108
"Vigentino - Q.re Fatima (38)";"2016";114
"Vigentino - Q.re Fatima (38)";"2017";114
"Vigentino - Q.re Fatima (38)";"2018";119
"Vigentino - Q.re Fatima (38)";"2019";120
"Vigentino - Q.re Fatima (38)";"2020";113
"Vigentino - Q.re Fatima (38)";"2021";124
"Vigentino - Q.re Fatima (38)";"2022";112
"Vigentino - Q.re Fatima (38)";"2023";85
"Quintosole (39)";"2003";4
"Quintosole (39)";"2004";5
"Quintosole (39)";"2005";4
"Quintosole (39)";"2006";3
"Quintosole (39)";"2007";6
"Quintosole (39)";"2008";3
"Quintosole (39)";"2009";4
"Quintosole (39)";"2010";5
"Quintosole (39)";"2011";8
"Quintosole (39)";"2012";2
"Quintosole (39)";"2013";7
"Quintosole (39)";"2014";2
"Quintosole (39)";"2015";3
"Quintosole (39)";"2017";1
"Quintosole (39)";"2018";2
"Quintosole (39)";"2019";3
"Quintosole (39)";"2021";1
"Quintosole (39)";"2022";1
"Quintosole (39)";"2023";3
"Ronchetto delle Rane (40)";"2003";8
"Ronchetto delle Rane (40)";"2004";10
"Ronchetto delle Rane (40)";"2005";8
"Ronchetto delle Rane (40)";"2006";6
"Ronchetto delle Rane (40)";"2007";7
"Ronchetto delle Rane (40)";"2008";9
"Ronchetto delle Rane (40)";"2009";5
"Ronchetto delle Rane (40)";"2010";9
"Ronchetto delle Rane (40)";"2011";6
"Ronchetto delle Rane (40)";"2012";6
"Ronchetto delle Rane (40)";"2013";5
"Ronchetto delle Rane (40)";"2014";5
"Ronchetto delle Rane (40)";"2015";2
"Ronchetto delle Rane (40)";"2016";2
"Ronchetto delle Rane (40)";"2017";3
"Ronchetto delle Rane (40)";"2018";2
"Ronchetto delle Rane (40)";"2019";4
"Ronchetto delle Rane (40)";"2020";5
"Ronchetto delle Rane (40)";"2021";4
"Ronchetto delle Rane (40)";"2022";3
"Ronchetto delle Rane (40)";"2023";5
"Gratosoglio - Q.re Missaglia - Q.re Terrazze (41)";"2003";118
"Gratosoglio - Q.re Missaglia - Q.re Terrazze (41)";"2004";140
"Gratosoglio - Q.re Missaglia - Q.re Terrazze (41)";"2005";128
"Gratosoglio - Q.re Missaglia - Q.re Terrazze (41)";"2006";130
"Gratosoglio - Q.re Missaglia - Q.re Terrazze (41)";"2007";120
"Gratosoglio - Q.re Missaglia - Q.re Terrazze (41)";"2008";123
"Gratosoglio - Q.re Missaglia - Q.re Terrazze (41)";"2009";102
"Gratosoglio - Q.re Missaglia - Q.re Terrazze (41)";"2010";115
"Gratosoglio - Q.re Missaglia - Q.re Terrazze (41)";"2011";87
"Gratosoglio - Q.re Missaglia - Q.re Terrazze (41)";"2012";104
"Gratosoglio - Q.re Missaglia - Q.re Terrazze (41)";"2013";95
"Gratosoglio - Q.re Missaglia - Q.re Terrazze (41)";"2014";98
"Gratosoglio - Q.re Missaglia - Q.re Terrazze (41)";"2015";110
"Gratosoglio - Q.re Missaglia - Q.re Terrazze (41)";"2016";92
"Gratosoglio - Q.re Missaglia - Q.re Terrazze (41)";"2017";90
"Gratosoglio - Q.re Missaglia - Q.re Terrazze (41)";"2018";99
"Gratosoglio - Q.re Missaglia - Q.re Terrazze (41)";"2019";112
"Gratosoglio - Q.re Missaglia - Q.re Terrazze (41)";"2020";100
"Gratosoglio - Q.re Missaglia - Q.re Terrazze (41)";"2021";106
"Gratosoglio - Q.re Missaglia - Q.re Terrazze (41)";"2022";102
"Gratosoglio - Q.re Missaglia - Q.re Terrazze (41)";"2023";106
"Stadera - Chiesa Rossa - Q.re Torretta - Conca Fallata (42)";"2003";238
"Stadera - Chiesa Rossa - Q.re Torretta - Conca Fallata (42)";"2004";235
"Stadera - Chiesa Rossa - Q.re Torretta - Conca Fallata (42)";"2005";277
"Stadera - Chiesa Rossa - Q.re Torretta - Conca Fallata (42)";"2006";264
"Stadera - Chiesa Rossa - Q.re Torretta - Conca Fallata (42)";"2007";269
"Stadera - Chiesa Rossa - Q.re Torretta - Conca Fallata (42)";"2008";290
"Stadera - Chiesa Rossa - Q.re Torretta - Conca Fallata (42)";"2009";287
"Stadera - Chiesa Rossa - Q.re Torretta - Conca Fallata (42)";"2010";300
"Stadera - Chiesa Rossa - Q.re Torretta - Conca Fallata (42)";"2011";250
"Stadera - Chiesa Rossa - Q.re Torretta - Conca Fallata (42)";"2012";285
"Stadera - Chiesa Rossa - Q.re Torretta - Conca Fallata (42)";"2013";272
"Stadera - Chiesa Rossa - Q.re Torretta - Conca Fallata (42)";"2014";276
"Stadera - Chiesa Rossa - Q.re Torretta - Conca Fallata (42)";"2015";270
"Stadera - Chiesa Rossa - Q.re Torretta - Conca Fallata (42)";"2016";263
"Stadera - Chiesa Rossa - Q.re Torretta - Conca Fallata (42)";"2017";258
"Stadera - Chiesa Rossa - Q.re Torretta - Conca Fallata (42)";"2018";220
"Stadera - Chiesa Rossa - Q.re Torretta - Conca Fallata (42)";"2019";228
"Stadera - Chiesa Rossa - Q.re Torretta - Conca Fallata (42)";"2020";221
"Stadera - Chiesa Rossa - Q.re Torretta - Conca Fallata (42)";"2021";199
"Stadera - Chiesa Rossa - Q.re Torretta - Conca Fallata (42)";"2022";210
"Stadera - Chiesa Rossa - Q.re Torretta - Conca Fallata (42)";"2023";171
"Tibaldi (43)";"2003";107
"Tibaldi (43)";"2004";119
"Tibaldi (43)";"2005";109
"Tibaldi (43)";"2006";107
"Tibaldi (43)";"2007";123
"Tibaldi (43)";"2008";106
"Tibaldi (43)";"2009";100
"Tibaldi (43)";"2010";107
"Tibaldi (43)";"2011";99
"Tibaldi (43)";"2012";91
"Tibaldi (43)";"2013";97
"Tibaldi (43)";"2014";79
"Tibaldi (43)";"2015";95
"Tibaldi (43)";"2016";103
"Tibaldi (43)";"2017";95
"Tibaldi (43)";"2018";77
"Tibaldi (43)";"2019";97
"Tibaldi (43)";"2020";78
"Tibaldi (43)";"2021";102
"Tibaldi (43)";"2022";78
"Tibaldi (43)";"2023";87
"Porta Ticinese - Conchetta (44)";"2003";169
"Porta Ticinese - Conchetta (44)";"2004";166
"Porta Ticinese - Conchetta (44)";"2005";178
"Porta Ticinese - Conchetta (44)";"2006";146
"Porta Ticinese - Conchetta (44)";"2007";163
"Porta Ticinese - Conchetta (44)";"2008";147
"Porta Ticinese - Conchetta (44)";"2009";186
"Porta Ticinese - Conchetta (44)";"2010";188
"Porta Ticinese - Conchetta (44)";"2011";188
"Porta Ticinese - Conchetta (44)";"2012";192
"Porta Ticinese - Conchetta (44)";"2013";182
"Porta Ticinese - Conchetta (44)";"2014";191
"Porta Ticinese - Conchetta (44)";"2015";191
"Porta Ticinese - Conchetta (44)";"2016";187
"Porta Ticinese - Conchetta (44)";"2017";153
"Porta Ticinese - Conchetta (44)";"2018";182
"Porta Ticinese - Conchetta (44)";"2019";136
"Porta Ticinese - Conchetta (44)";"2020";137
"Porta Ticinese - Conchetta (44)";"2021";135
"Porta Ticinese - Conchetta (44)";"2022";140
"Porta Ticinese - Conchetta (44)";"2023";126
"Moncucco - San Cristoforo (45)";"2003";100
"Moncucco - San Cristoforo (45)";"2004";108
"Moncucco - San Cristoforo (45)";"2005";119
"Moncucco - San Cristoforo (45)";"2006";124
"Moncucco - San Cristoforo (45)";"2007";114
"Moncucco - San Cristoforo (45)";"2008";125
"Moncucco - San Cristoforo (45)";"2009";123
"Moncucco - San Cristoforo (45)";"2010";122
"Moncucco - San Cristoforo (45)";"2011";121
"Moncucco - San Cristoforo (45)";"2012";105
"Moncucco - San Cristoforo (45)";"2013";132
"Moncucco - San Cristoforo (45)";"2014";133
"Moncucco - San Cristoforo (45)";"2015";106
"Moncucco - San Cristoforo (45)";"2016";124
"Moncucco - San Cristoforo (45)";"2017";109
"Moncucco - San Cristoforo (45)";"2018";110
"Moncucco - San Cristoforo (45)";"2019";99
"Moncucco - San Cristoforo (45)";"2020";115
"Moncucco - San Cristoforo (45)";"2021";109
"Moncucco - San Cristoforo (45)";"2022";88
"Moncucco - San Cristoforo (45)";"2023";106
"Barona (46)";"2003";104
"Barona (46)";"2004";109
"Barona (46)";"2005";109
"Barona (46)";"2006";121
"Barona (46)";"2007";96
"Barona (46)";"2008";105
"Barona (46)";"2009";106
"Barona (46)";"2010";103
"Barona (46)";"2011";87
"Barona (46)";"2012";88
"Barona (46)";"2013";87
"Barona (46)";"2014";98
"Barona (46)";"2015";86
"Barona (46)";"2016";102
"Barona (46)";"2017";129
"Barona (46)";"2018";82
"Barona (46)";"2019";97
"Barona (46)";"2020";102
"Barona (46)";"2021";110
"Barona (46)";"2022";118
"Barona (46)";"2023";93
"Cantalupa (47)";"2004";3
"Cantalupa (47)";"2005";10
"Cantalupa (47)";"2006";5
"Cantalupa (47)";"2007";12
"Cantalupa (47)";"2008";7
"Cantalupa (47)";"2009";6
"Cantalupa (47)";"2010";5
"Cantalupa (47)";"2011";5
"Cantalupa (47)";"2012";2
"Cantalupa (47)";"2013";7
"Cantalupa (47)";"2014";4
"Cantalupa (47)";"2015";1
"Cantalupa (47)";"2016";3
"Cantalupa (47)";"2017";3
"Cantalupa (47)";"2018";7
"Cantalupa (47)";"2019";9
"Cantalupa (47)";"2020";6
"Cantalupa (47)";"2021";4
"Cantalupa (47)";"2022";5
"Cantalupa (47)";"2023";3
"Ronchetto sul Naviglio - Q.re Lodovico il Moro (48)";"2003";124
"Ronchetto sul Naviglio - Q.re Lodovico il Moro (48)";"2004";114
"Ronchetto sul Naviglio - Q.re Lodovico il Moro (48)";"2005";105
"Ronchetto sul Naviglio - Q.re Lodovico il Moro (48)";"2006";113
"Ronchetto sul Naviglio - Q.re Lodovico il Moro (48)";"2007";121
"Ronchetto sul Naviglio - Q.re Lodovico il Moro (48)";"2008";104
"Ronchetto sul Naviglio - Q.re Lodovico il Moro (48)";"2009";106
"Ronchetto sul Naviglio - Q.re Lodovico il Moro (48)";"2010";110
"Ronchetto sul Naviglio - Q.re Lodovico il Moro (48)";"2011";111
"Ronchetto sul Naviglio - Q.re Lodovico il Moro (48)";"2012";100
"Ronchetto sul Naviglio - Q.re Lodovico il Moro (48)";"2013";128
"Ronchetto sul Naviglio - Q.re Lodovico il Moro (48)";"2014";119
"Ronchetto sul Naviglio - Q.re Lodovico il Moro (48)";"2015";104
"Ronchetto sul Naviglio - Q.re Lodovico il Moro (48)";"2016";86
"Ronchetto sul Naviglio - Q.re Lodovico il Moro (48)";"2017";90
"Ronchetto sul Naviglio - Q.re Lodovico il Moro (48)";"2018";71
"Ronchetto sul Naviglio - Q.re Lodovico il Moro (48)";"2019";81
"Ronchetto sul Naviglio - Q.re Lodovico il Moro (48)";"2020";87
"Ronchetto sul Naviglio - Q.re Lodovico il Moro (48)";"2021";106
"Ronchetto sul Naviglio - Q.re Lodovico il Moro (48)";"2022";86
"Ronchetto sul Naviglio - Q.re Lodovico il Moro (48)";"2023";67
"Giambellino (49)";"2003";270
"Giambellino (49)";"2004";311
"Giambellino (49)";"2005";269
"Giambellino (49)";"2006";314
"Giambellino (49)";"2007";289
"Giambellino (49)";"2008";311
"Giambellino (49)";"2009";306
"Giambellino (49)";"2010";269
"Giambellino (49)";"2011";263
"Giambellino (49)";"2012";310
"Giambellino (49)";"2013";309
"Giambellino (49)";"2014";303
"Giambellino (49)";"2015";268
"Giambellino (49)";"2016";274
"Giambellino (49)";"2017";250
"Giambellino (49)";"2018";262
"Giambellino (49)";"2019";253
"Giambellino (49)";"2020";244
"Giambellino (49)";"2021";225
"Giambellino (49)";"2022";236
"Giambellino (49)";"2023";216
"Porta Genova (50)";"2003";155
"Porta Genova (50)";"2004";145
"Porta Genova (50)";"2005";155
"Porta Genova (50)";"2006";165
"Porta Genova (50)";"2007";155
"Porta Genova (50)";"2008";151
"Porta Genova (50)";"2009";141
"Porta Genova (50)";"2010";111
"Porta Genova (50)";"2011";117
"Porta Genova (50)";"2012";121
"Porta Genova (50)";"2013";128
"Porta Genova (50)";"2014";106
"Porta Genova (50)";"2015";101
"Porta Genova (50)";"2016";127
"Porta Genova (50)";"2017";113
"Porta Genova (50)";"2018";112
"Porta Genova (50)";"2019";110
"Porta Genova (50)";"2020";113
"Porta Genova (50)";"2021";107
"Porta Genova (50)";"2022";104
"Porta Genova (50)";"2023";101
"Porta Magenta (51)";"2003";273
"Porta Magenta (51)";"2004";296
"Porta Magenta (51)";"2005";244
"Porta Magenta (51)";"2006";234
"Porta Magenta (51)";"2007";247
"Porta Magenta (51)";"2008";236
"Porta Magenta (51)";"2009";241
"Porta Magenta (51)";"2010";213
"Porta Magenta (51)";"2011";240
"Porta Magenta (51)";"2012";235
"Porta Magenta (51)";"2013";216
"Porta Magenta (51)";"2014";221
"Porta Magenta (51)";"2015";221
"Porta Magenta (51)";"2016";197
"Porta Magenta (51)";"2017";211
"Porta Magenta (51)";"2018";185
"Porta Magenta (51)";"2019";205
"Porta Magenta (51)";"2020";179
"Porta Magenta (51)";"2021";193
"Porta Magenta (51)";"2022";170
"Porta Magenta (51)";"2023";190
"Bande Nere (52)";"2003";406
"Bande Nere (52)";"2004";372
"Bande Nere (52)";"2005";395
"Bande Nere (52)";"2006";359
"Bande Nere (52)";"2007";362
"Bande Nere (52)";"2008";347
"Bande Nere (52)";"2009";338
"Bande Nere (52)";"2010";323
"Bande Nere (52)";"2011";347
"Bande Nere (52)";"2012";321
"Bande Nere (52)";"2013";317
"Bande Nere (52)";"2014";337
"Bande Nere (52)";"2015";332
"Bande Nere (52)";"2016";357
"Bande Nere (52)";"2017";340
"Bande Nere (52)";"2018";355
"Bande Nere (52)";"2019";317
"Bande Nere (52)";"2020";323
"Bande Nere (52)";"2021";305
"Bande Nere (52)";"2022";327
"Bande Nere (52)";"2023";298
"Lorenteggio (53)";"2003";116
"Lorenteggio (53)";"2004";143
"Lorenteggio (53)";"2005";106
"Lorenteggio (53)";"2006";107
"Lorenteggio (53)";"2007";101
"Lorenteggio (53)";"2008";107
"Lorenteggio (53)";"2009";94
"Lorenteggio (53)";"2010";89
"Lorenteggio (53)";"2011";87
"Lorenteggio (53)";"2012";81
"Lorenteggio (53)";"2013";91
"Lorenteggio (53)";"2014";98
"Lorenteggio (53)";"2015";78
"Lorenteggio (53)";"2016";110
"Lorenteggio (53)";"2017";109
"Lorenteggio (53)";"2018";118
"Lorenteggio (53)";"2019";124
"Lorenteggio (53)";"2020";98
"Lorenteggio (53)";"2021";115
"Lorenteggio (53)";"2022";117
"Lorenteggio (53)";"2023";110
"Muggiano (54)";"2003";25
"Muggiano (54)";"2004";44
"Muggiano (54)";"2005";44
"Muggiano (54)";"2006";53
"Muggiano (54)";"2007";50
"Muggiano (54)";"2008";43
"Muggiano (54)";"2009";53
"Muggiano (54)";"2010";35
"Muggiano (54)";"2011";49
"Muggiano (54)";"2012";45
"Muggiano (54)";"2013";32
"Muggiano (54)";"2014";39
"Muggiano (54)";"2015";27
"Muggiano (54)";"2016";29
"Muggiano (54)";"2017";22
"Muggiano (54)";"2018";17
"Muggiano (54)";"2019";24
"Muggiano (54)";"2020";19
"Muggiano (54)";"2021";16
"Muggiano (54)";"2022";17
"Muggiano (54)";"2023";19
"Baggio - Q.re degli Olmi - Q.re Valsesia (55)";"2003";287
"Baggio - Q.re degli Olmi - Q.re Valsesia (55)";"2004";276
"Baggio - Q.re degli Olmi - Q.re Valsesia (55)";"2005";239
"Baggio - Q.re degli Olmi - Q.re Valsesia (55)";"2006";263
"Baggio - Q.re degli Olmi - Q.re Valsesia (55)";"2007";265
"Baggio - Q.re degli Olmi - Q.re Valsesia (55)";"2008";246
"Baggio - Q.re degli Olmi - Q.re Valsesia (55)";"2009";222
"Baggio - Q.re degli Olmi - Q.re Valsesia (55)";"2010";254
"Baggio - Q.re degli Olmi - Q.re Valsesia (55)";"2011";230
"Baggio - Q.re degli Olmi - Q.re Valsesia (55)";"2012";237
"Baggio - Q.re degli Olmi - Q.re Valsesia (55)";"2013";229
"Baggio - Q.re degli Olmi - Q.re Valsesia (55)";"2014";237
"Baggio - Q.re degli Olmi - Q.re Valsesia (55)";"2015";224
"Baggio - Q.re degli Olmi - Q.re Valsesia (55)";"2016";216
"Baggio - Q.re degli Olmi - Q.re Valsesia (55)";"2017";219
"Baggio - Q.re degli Olmi - Q.re Valsesia (55)";"2018";220
"Baggio - Q.re degli Olmi - Q.re Valsesia (55)";"2019";199
"Baggio - Q.re degli Olmi - Q.re Valsesia (55)";"2020";164
"Baggio - Q.re degli Olmi - Q.re Valsesia (55)";"2021";201
"Baggio - Q.re degli Olmi - Q.re Valsesia (55)";"2022";199
"Baggio - Q.re degli Olmi - Q.re Valsesia (55)";"2023";189
"Forze Armate (56)";"2003";204
"Forze Armate (56)";"2004";202
"Forze Armate (56)";"2005";192
"Forze Armate (56)";"2006";203
"Forze Armate (56)";"2007";193
"Forze Armate (56)";"2008";185
"Forze Armate (56)";"2009";171
"Forze Armate (56)";"2010";151
"Forze Armate (56)";"2011";187
"Forze Armate (56)";"2012";177
"Forze Armate (56)";"2013";165
"Forze Armate (56)";"2014";199
"Forze Armate (56)";"2015";183
"Forze Armate (56)";"2016";172
"Forze Armate (56)";"2017";193
"Forze Armate (56)";"2018";182
"Forze Armate (56)";"2019";171
"Forze Armate (56)";"2020";162
"Forze Armate (56)";"2021";144
"Forze Armate (56)";"2022";157
"Forze Armate (56)";"2023";144
"San Siro (57)";"2003";247
"San Siro (57)";"2004";241
"San Siro (57)";"2005";253
"San Siro (57)";"2006";226
"San Siro (57)";"2007";271
"San Siro (57)";"2008";242
"San Siro (57)";"2009";246
"San Siro (57)";"2010";222
"San Siro (57)";"2011";220
"San Siro (57)";"2012";196
"San Siro (57)";"2013";276
"San Siro (57)";"2014";297
"San Siro (57)";"2015";285
"San Siro (57)";"2016";258
"San Siro (57)";"2017";261
"San Siro (57)";"2018";278
"San Siro (57)";"2019";250
"San Siro (57)";"2020";243
"San Siro (57)";"2021";221
"San Siro (57)";"2022";210
"San Siro (57)";"2023";186
"De Angeli - Monte Rosa (58)";"2003";208
"De Angeli - Monte Rosa (58)";"2004";221
"De Angeli - Monte Rosa (58)";"2005";237
"De Angeli - Monte Rosa (58)";"2006";206
"De Angeli - Monte Rosa (58)";"2007";210
"De Angeli - Monte Rosa (58)";"2008";201
"De Angeli - Monte Rosa (58)";"2009";174
"De Angeli - Monte Rosa (58)";"2010";168
"De Angeli - Monte Rosa (58)";"2011";194
"De Angeli - Monte Rosa (58)";"2012";157
"De Angeli - Monte Rosa (58)";"2013";167
"De Angeli - Monte Rosa (58)";"2014";134
"De Angeli - Monte Rosa (58)";"2015";170
"De Angeli - Monte Rosa (58)";"2016";185
"De Angeli - Monte Rosa (58)";"2017";172
"De Angeli - Monte Rosa (58)";"2018";181
"De Angeli - Monte Rosa (58)";"2019";154
"De Angeli - Monte Rosa (58)";"2020";146
"De Angeli - Monte Rosa (58)";"2021";158
"De Angeli - Monte Rosa (58)";"2022";149
"De Angeli - Monte Rosa (58)";"2023";168
"Tre Torri (59)";"2003";11
"Tre Torri (59)";"2004";11
"Tre Torri (59)";"2005";17
"Tre Torri (59)";"2006";15
"Tre Torri (59)";"2007";10
"Tre Torri (59)";"2008";8
"Tre Torri (59)";"2009";6
"Tre Torri (59)";"2010";12
"Tre Torri (59)";"2011";7
"Tre Torri (59)";"2012";14
"Tre Torri (59)";"2013";8
"Tre Torri (59)";"2014";9
"Tre Torri (59)";"2015";11
"Tre Torri (59)";"2016";13
"Tre Torri (59)";"2017";27
"Tre Torri (59)";"2018";22
"Tre Torri (59)";"2019";13
"Tre Torri (59)";"2020";12
"Tre Torri (59)";"2021";25
"Tre Torri (59)";"2022";15
"Tre Torri (59)";"2023";19
"Stadio - Ippodromi (60)";"2003";119
"Stadio - Ippodromi (60)";"2004";110
"Stadio - Ippodromi (60)";"2005";110
"Stadio - Ippodromi (60)";"2006";114
"Stadio - Ippodromi (60)";"2007";127
"Stadio - Ippodromi (60)";"2008";134
"Stadio - Ippodromi (60)";"2009";113
"Stadio - Ippodromi (60)";"2010";95
"Stadio - Ippodromi (60)";"2011";101
"Stadio - Ippodromi (60)";"2012";88
"Stadio - Ippodromi (60)";"2013";77
"Stadio - Ippodromi (60)";"2014";98
"Stadio - Ippodromi (60)";"2015";95
"Stadio - Ippodromi (60)";"2016";74
"Stadio - Ippodromi (60)";"2017";83
"Stadio - Ippodromi (60)";"2018";78
"Stadio - Ippodromi (60)";"2019";71
"Stadio - Ippodromi (60)";"2020";78
"Stadio - Ippodromi (60)";"2021";78
"Stadio - Ippodromi (60)";"2022";69
"Stadio - Ippodromi (60)";"2023";64
"Quarto Cagnino (61)";"2003";74
"Quarto Cagnino (61)";"2004";78
"Quarto Cagnino (61)";"2005";56
"Quarto Cagnino (61)";"2006";70
"Quarto Cagnino (61)";"2007";60
"Quarto Cagnino (61)";"2008";64
"Quarto Cagnino (61)";"2009";68
"Quarto Cagnino (61)";"2010";72
"Quarto Cagnino (61)";"2011";66
"Quarto Cagnino (61)";"2012";53
"Quarto Cagnino (61)";"2013";55
"Quarto Cagnino (61)";"2014";59
"Quarto Cagnino (61)";"2015";75
"Quarto Cagnino (61)";"2016";63
"Quarto Cagnino (61)";"2017";74
"Quarto Cagnino (61)";"2018";90
"Quarto Cagnino (61)";"2019";62
"Quarto Cagnino (61)";"2020";64
"Quarto Cagnino (61)";"2021";64
"Quarto Cagnino (61)";"2022";70
"Quarto Cagnino (61)";"2023";47
"Quinto Romano (62)";"2003";46
"Quinto Romano (62)";"2004";38
"Quinto Romano (62)";"2005";33
"Quinto Romano (62)";"2006";34
"Quinto Romano (62)";"2007";31
"Quinto Romano (62)";"2008";31
"Quinto Romano (62)";"2009";32
"Quinto Romano (62)";"2010";36
"Quinto Romano (62)";"2011";34
"Quinto Romano (62)";"2012";32
"Quinto Romano (62)";"2013";22
"Quinto Romano (62)";"2014";37
"Quinto Romano (62)";"2015";27
"Quinto Romano (62)";"2016";24
"Quinto Romano (62)";"2017";19
"Quinto Romano (62)";"2018";24
"Quinto Romano (62)";"2019";26
"Quinto Romano (62)";"2020";19
"Quinto Romano (62)";"2021";25
"Quinto Romano (62)";"2022";15
"Quinto Romano (62)";"2023";26
"Figino (63)";"2003";15
"Figino (63)";"2004";17
"Figino (63)";"2005";14
"Figino (63)";"2006";10
"Figino (63)";"2007";16
"Figino (63)";"2008";15
"Figino (63)";"2009";15
"Figino (63)";"2010";14
"Figino (63)";"2011";15
"Figino (63)";"2012";17
"Figino (63)";"2013";14
"Figino (63)";"2014";10
"Figino (63)";"2015";15
"Figino (63)";"2016";13
"Figino (63)";"2017";16
"Figino (63)";"2018";22
"Figino (63)";"2019";23
"Figino (63)";"2020";15
"Figino (63)";"2021";22
"Figino (63)";"2022";24
"Figino (63)";"2023";18
"Trenno (64)";"2003";34
"Trenno (64)";"2004";37
"Trenno (64)";"2005";25
"Trenno (64)";"2006";33
"Trenno (64)";"2007";26
"Trenno (64)";"2008";33
"Trenno (64)";"2009";33
"Trenno (64)";"2010";20
"Trenno (64)";"2011";27
"Trenno (64)";"2012";20
"Trenno (64)";"2013";23
"Trenno (64)";"2014";14
"Trenno (64)";"2015";18
"Trenno (64)";"2016";18
"Trenno (64)";"2017";20
"Trenno (64)";"2018";23
"Trenno (64)";"2019";16
"Trenno (64)";"2020";16
"Trenno (64)";"2021";26
"Trenno (64)";"2022";21
"Trenno (64)";"2023";18
"Q.re Gallaratese - Q.re San Leonardo - Lampugnano (65)";"2003";217
"Q.re Gallaratese - Q.re San Leonardo - Lampugnano (65)";"2004";224
"Q.re Gallaratese - Q.re San Leonardo - Lampugnano (65)";"2005";213
"Q.re Gallaratese - Q.re San Leonardo - Lampugnano (65)";"2006";231
"Q.re Gallaratese - Q.re San Leonardo - Lampugnano (65)";"2007";222
"Q.re Gallaratese - Q.re San Leonardo - Lampugnano (65)";"2008";232
"Q.re Gallaratese - Q.re San Leonardo - Lampugnano (65)";"2009";203
"Q.re Gallaratese - Q.re San Leonardo - Lampugnano (65)";"2010";204
"Q.re Gallaratese - Q.re San Leonardo - Lampugnano (65)";"2011";204
"Q.re Gallaratese - Q.re San Leonardo - Lampugnano (65)";"2012";203
"Q.re Gallaratese - Q.re San Leonardo - Lampugnano (65)";"2013";196
"Q.re Gallaratese - Q.re San Leonardo - Lampugnano (65)";"2014";169
"Q.re Gallaratese - Q.re San Leonardo - Lampugnano (65)";"2015";171
"Q.re Gallaratese - Q.re San Leonardo - Lampugnano (65)";"2016";180
"Q.re Gallaratese - Q.re San Leonardo - Lampugnano (65)";"2017";182
"Q.re Gallaratese - Q.re San Leonardo - Lampugnano (65)";"2018";197
"Q.re Gallaratese - Q.re San Leonardo - Lampugnano (65)";"2019";168
"Q.re Gallaratese - Q.re San Leonardo - Lampugnano (65)";"2020";179
"Q.re Gallaratese - Q.re San Leonardo - Lampugnano (65)";"2021";185
"Q.re Gallaratese - Q.re San Leonardo - Lampugnano (65)";"2022";203
"Q.re Gallaratese - Q.re San Leonardo - Lampugnano (65)";"2023";173
"QT 8 (66)";"2003";28
"QT 8 (66)";"2004";29
"QT 8 (66)";"2005";26
"QT 8 (66)";"2006";35
"QT 8 (66)";"2007";28
"QT 8 (66)";"2008";35
"QT 8 (66)";"2009";28
"QT 8 (66)";"2010";30
"QT 8 (66)";"2011";28
"QT 8 (66)";"2012";40
"QT 8 (66)";"2013";30
"QT 8 (66)";"2014";32
"QT 8 (66)";"2015";24
"QT 8 (66)";"2016";28
"QT 8 (66)";"2017";27
"QT 8 (66)";"2018";29
"QT 8 (66)";"2019";29
"QT 8 (66)";"2020";26
"QT 8 (66)";"2021";29
"QT 8 (66)";"2022";21
"QT 8 (66)";"2023";29
"Portello (67)";"2003";75
"Portello (67)";"2004";60
"Portello (67)";"2005";77
"Portello (67)";"2006";55
"Portello (67)";"2007";74
"Portello (67)";"2008";84
"Portello (67)";"2009";64
"Portello (67)";"2010";63
"Portello (67)";"2011";69
"Portello (67)";"2012";56
"Portello (67)";"2013";45
"Portello (67)";"2014";59
"Portello (67)";"2015";68
"Portello (67)";"2016";68
"Portello (67)";"2017";72
"Portello (67)";"2018";63
"Portello (67)";"2019";65
"Portello (67)";"2020";71
"Portello (67)";"2021";88
"Portello (67)";"2022";77
"Portello (67)";"2023";76
"Pagano (68)";"2003";174
"Pagano (68)";"2004";183
"Pagano (68)";"2005";164
"Pagano (68)";"2006";178
"Pagano (68)";"2007";155
"Pagano (68)";"2008";164
"Pagano (68)";"2009";147
"Pagano (68)";"2010";156
"Pagano (68)";"2011";119
"Pagano (68)";"2012";137
"Pagano (68)";"2013";140
"Pagano (68)";"2014";107
"Pagano (68)";"2015";135
"Pagano (68)";"2016";128
"Pagano (68)";"2017";123
"Pagano (68)";"2018";128
"Pagano (68)";"2019";117
"Pagano (68)";"2020";106
"Pagano (68)";"2021";124
"Pagano (68)";"2022";112
"Pagano (68)";"2023";109
"Sarpi (69)";"2003";330
"Sarpi (69)";"2004";342
"Sarpi (69)";"2005";333
"Sarpi (69)";"2006";317
"Sarpi (69)";"2007";304
"Sarpi (69)";"2008";344
"Sarpi (69)";"2009";310
"Sarpi (69)";"2010";329
"Sarpi (69)";"2011";299
"Sarpi (69)";"2012";303
"Sarpi (69)";"2013";319
"Sarpi (69)";"2014";266
"Sarpi (69)";"2015";276
"Sarpi (69)";"2016";316
"Sarpi (69)";"2017";286
"Sarpi (69)";"2018";253
"Sarpi (69)";"2019";240
"Sarpi (69)";"2020";257
"Sarpi (69)";"2021";241
"Sarpi (69)";"2022";222
"Sarpi (69)";"2023";215
"Ghisolfa (70)";"2003";163
"Ghisolfa (70)";"2004";167
"Ghisolfa (70)";"2005";156
"Ghisolfa (70)";"2006";187
"Ghisolfa (70)";"2007";187
"Ghisolfa (70)";"2008";175
"Ghisolfa (70)";"2009";156
"Ghisolfa (70)";"2010";184
"Ghisolfa (70)";"2011";169
"Ghisolfa (70)";"2012";180
"Ghisolfa (70)";"2013";150
"Ghisolfa (70)";"2014";145
"Ghisolfa (70)";"2015";173
"Ghisolfa (70)";"2016";167
"Ghisolfa (70)";"2017";159
"Ghisolfa (70)";"2018";139
"Ghisolfa (70)";"2019";153
"Ghisolfa (70)";"2020";144
"Ghisolfa (70)";"2021";151
"Ghisolfa (70)";"2022";146
"Ghisolfa (70)";"2023";140
"Villapizzone - Cagnola - Boldinasco (71)";"2003";358
"Villapizzone - Cagnola - Boldinasco (71)";"2004";340
"Villapizzone - Cagnola - Boldinasco (71)";"2005";355
"Villapizzone - Cagnola - Boldinasco (71)";"2006";407
"Villapizzone - Cagnola - Boldinasco (71)";"2007";355
"Villapizzone - Cagnola - Boldinasco (71)";"2008";363
"Villapizzone - Cagnola - Boldinasco (71)";"2009";412
"Villapizzone - Cagnola - Boldinasco (71)";"2010";395
"Villapizzone - Cagnola - Boldinasco (71)";"2011";407
"Villapizzone - Cagnola - Boldinasco (71)";"2012";412
"Villapizzone - Cagnola - Boldinasco (71)";"2013";373
"Villapizzone - Cagnola - Boldinasco (71)";"2014";403
"Villapizzone - Cagnola - Boldinasco (71)";"2015";376
"Villapizzone - Cagnola - Boldinasco (71)";"2016";385
"Villapizzone - Cagnola - Boldinasco (71)";"2017";356
"Villapizzone - Cagnola - Boldinasco (71)";"2018";343
"Villapizzone - Cagnola - Boldinasco (71)";"2019";329
"Villapizzone - Cagnola - Boldinasco (71)";"2020";314
"Villapizzone - Cagnola - Boldinasco (71)";"2021";320
"Villapizzone - Cagnola - Boldinasco (71)";"2022";301
"Villapizzone - Cagnola - Boldinasco (71)";"2023";285
"Maggiore - Musocco - Certosa (72)";"2003";50
"Maggiore - Musocco - Certosa (72)";"2004";52
"Maggiore - Musocco - Certosa (72)";"2005";49
"Maggiore - Musocco - Certosa (72)";"2006";67
"Maggiore - Musocco - Certosa (72)";"2007";63
"Maggiore - Musocco - Certosa (72)";"2008";59
"Maggiore - Musocco - Certosa (72)";"2009";69
"Maggiore - Musocco - Certosa (72)";"2010";56
"Maggiore - Musocco - Certosa (72)";"2011";59
"Maggiore - Musocco - Certosa (72)";"2012";53
"Maggiore - Musocco - Certosa (72)";"2013";49
"Maggiore - Musocco - Certosa (72)";"2014";51
"Maggiore - Musocco - Certosa (72)";"2015";39
"Maggiore - Musocco - Certosa (72)";"2016";41
"Maggiore - Musocco - Certosa (72)";"2017";57
"Maggiore - Musocco - Certosa (72)";"2018";58
"Maggiore - Musocco - Certosa (72)";"2019";73
"Maggiore - Musocco - Certosa (72)";"2020";74
"Maggiore - Musocco - Certosa (72)";"2021";112
"Maggiore - Musocco - Certosa (72)";"2022";118
"Maggiore - Musocco - Certosa (72)";"2023";154
"Cascina Merlata (73)";"2004";2
"Cascina Merlata (73)";"2005";1
"Cascina Merlata (73)";"2006";1
"Cascina Merlata (73)";"2008";1
"Cascina Merlata (73)";"2009";2
"Cascina Merlata (73)";"2010";3
"Cascina Merlata (73)";"2011";1
"Cascina Merlata (73)";"2012";1
"Cascina Merlata (73)";"2013";1
"Cascina Merlata (73)";"2019";1
"Cascina Merlata (73)";"2021";2
"Cascina Merlata (73)";"2022";1
"Cascina Merlata (73)";"2023";1
"Roserio (74)";"2003";2
"Roserio (74)";"2004";2
"Roserio (74)";"2005";11
"Roserio (74)";"2006";7
"Roserio (74)";"2007";2
"Roserio (74)";"2008";3
"Roserio (74)";"2009";6
"Roserio (74)";"2010";4
"Roserio (74)";"2011";4
"Roserio (74)";"2012";3
"Roserio (74)";"2013";4
"Roserio (74)";"2014";2
"Roserio (74)";"2015";1
"Roserio (74)";"2016";4
"Roserio (74)";"2017";2
"Roserio (74)";"2019";1
"Roserio (74)";"2020";1
"Roserio (74)";"2022";1
"Roserio (74)";"2023";1
"Stephenson (75)";"2004";1
"Stephenson (75)";"2008";1
"Stephenson (75)";"2013";2
"Stephenson (75)";"2017";2
"Stephenson (75)";"2018";3
"Stephenson (75)";"2021";2
"Stephenson (75)";"2022";1
"Stephenson (75)";"2023";1
"Quarto Oggiaro - Vialba - Musocco (76)";"2003";244
"Quarto Oggiaro - Vialba - Musocco (76)";"2004";277
"Quarto Oggiaro - Vialba - Musocco (76)";"2005";240
"Quarto Oggiaro - Vialba - Musocco (76)";"2006";264
"Quarto Oggiaro - Vialba - Musocco (76)";"2007";286
"Quarto Oggiaro - Vialba - Musocco (76)";"2008";294
"Quarto Oggiaro - Vialba - Musocco (76)";"2009";262
"Quarto Oggiaro - Vialba - Musocco (76)";"2010";269
"Quarto Oggiaro - Vialba - Musocco (76)";"2011";244
"Quarto Oggiaro - Vialba - Musocco (76)";"2012";260
"Quarto Oggiaro - Vialba - Musocco (76)";"2013";224
"Quarto Oggiaro - Vialba - Musocco (76)";"2014";254
"Quarto Oggiaro - Vialba - Musocco (76)";"2015";229
"Quarto Oggiaro - Vialba - Musocco (76)";"2016";227
"Quarto Oggiaro - Vialba - Musocco (76)";"2017";201
"Quarto Oggiaro - Vialba - Musocco (76)";"2018";194
"Quarto Oggiaro - Vialba - Musocco (76)";"2019";174
"Quarto Oggiaro - Vialba - Musocco (76)";"2020";198
"Quarto Oggiaro - Vialba - Musocco (76)";"2021";196
"Quarto Oggiaro - Vialba - Musocco (76)";"2022";187
"Quarto Oggiaro - Vialba - Musocco (76)";"2023";207
"Bovisa (77)";"2003";117
"Bovisa (77)";"2004";116
"Bovisa (77)";"2005";115
"Bovisa (77)";"2006";95
"Bovisa (77)";"2007";150
"Bovisa (77)";"2008";122
"Bovisa (77)";"2009";127
"Bovisa (77)";"2010";146
"Bovisa (77)";"2011";126
"Bovisa (77)";"2012";141
"Bovisa (77)";"2013";140
"Bovisa (77)";"2014";136
"Bovisa (77)";"2015";118
"Bovisa (77)";"2016";136
"Bovisa (77)";"2017";131
"Bovisa (77)";"2018";131
"Bovisa (77)";"2019";118
"Bovisa (77)";"2020";102
"Bovisa (77)";"2021";111
"Bovisa (77)";"2022";111
"Bovisa (77)";"2023";92
"Farini (78)";"2003";30
"Farini (78)";"2004";34
"Farini (78)";"2005";36
"Farini (78)";"2006";48
"Farini (78)";"2007";46
"Farini (78)";"2008";46
"Farini (78)";"2009";63
"Farini (78)";"2010";46
"Farini (78)";"2011";47
"Farini (78)";"2012";39
"Farini (78)";"2013";48
"Farini (78)";"2014";36
"Farini (78)";"2015";50
"Farini (78)";"2016";48
"Farini (78)";"2017";39
"Farini (78)";"2018";40
"Farini (78)";"2019";35
"Farini (78)";"2020";25
"Farini (78)";"2021";28
"Farini (78)";"2022";41
"Farini (78)";"2023";20
"Dergano (79)";"2003";214
"Dergano (79)";"2004";217
"Dergano (79)";"2005";172
"Dergano (79)";"2006";218
"Dergano (79)";"2007";214
"Dergano (79)";"2008";248
"Dergano (79)";"2009";258
"Dergano (79)";"2010";216
"Dergano (79)";"2011";214
"Dergano (79)";"2012";211
"Dergano (79)";"2013";218
"Dergano (79)";"2014";229
"Dergano (79)";"2015";214
"Dergano (79)";"2016";226
"Dergano (79)";"2017";219
"Dergano (79)";"2018";219
"Dergano (79)";"2019";202
"Dergano (79)";"2020";194
"Dergano (79)";"2021";159
"Dergano (79)";"2022";167
"Dergano (79)";"2023";168
"Affori (80)";"2003";187
"Affori (80)";"2004";223
"Affori (80)";"2005";233
"Affori (80)";"2006";232
"Affori (80)";"2007";240
"Affori (80)";"2008";251
"Affori (80)";"2009";242
"Affori (80)";"2010";259
"Affori (80)";"2011";229
"Affori (80)";"2012";261
"Affori (80)";"2013";230
"Affori (80)";"2014";265
"Affori (80)";"2015";249
"Affori (80)";"2016";250
"Affori (80)";"2017";259
"Affori (80)";"2018";209
"Affori (80)";"2019";195
"Affori (80)";"2020";195
"Affori (80)";"2021";171
"Affori (80)";"2022";188
"Affori (80)";"2023";202
"Bovisasca (81)";"2003";51
"Bovisasca (81)";"2004";49
"Bovisasca (81)";"2005";51
"Bovisasca (81)";"2006";57
"Bovisasca (81)";"2007";51
"Bovisasca (81)";"2008";53
"Bovisasca (81)";"2009";49
"Bovisasca (81)";"2010";55
"Bovisasca (81)";"2011";51
"Bovisasca (81)";"2012";42
"Bovisasca (81)";"2013";45
"Bovisasca (81)";"2014";53
"Bovisasca (81)";"2015";48
"Bovisasca (81)";"2016";49
"Bovisasca (81)";"2017";42
"Bovisasca (81)";"2018";57
"Bovisasca (81)";"2019";41
"Bovisasca (81)";"2020";47
"Bovisasca (81)";"2021";46
"Bovisasca (81)";"2022";54
"Bovisasca (81)";"2023";59
"Comasina (82)";"2003";73
"Comasina (82)";"2004";91
"Comasina (82)";"2005";91
"Comasina (82)";"2006";102
"Comasina (82)";"2007";95
"Comasina (82)";"2008";97
"Comasina (82)";"2009";106
"Comasina (82)";"2010";94
"Comasina (82)";"2011";91
"Comasina (82)";"2012";85
"Comasina (82)";"2013";107
"Comasina (82)";"2014";89
"Comasina (82)";"2015";87
"Comasina (82)";"2016";99
"Comasina (82)";"2017";80
"Comasina (82)";"2018";89
"Comasina (82)";"2019";76
"Comasina (82)";"2020";96
"Comasina (82)";"2021";68
"Comasina (82)";"2022";96
"Comasina (82)";"2023";66
"Bruzzano (83)";"2003";117
"Bruzzano (83)";"2004";97
"Bruzzano (83)";"2005";93
"Bruzzano (83)";"2006";89
"Bruzzano (83)";"2007";101
"Bruzzano (83)";"2008";97
"Bruzzano (83)";"2009";121
"Bruzzano (83)";"2010";127
"Bruzzano (83)";"2011";103
"Bruzzano (83)";"2012";105
"Bruzzano (83)";"2013";114
"Bruzzano (83)";"2014";139
"Bruzzano (83)";"2015";111
"Bruzzano (83)";"2016";117
"Bruzzano (83)";"2017";132
"Bruzzano (83)";"2018";97
"Bruzzano (83)";"2019";101
"Bruzzano (83)";"2020";81
"Bruzzano (83)";"2021";90
"Bruzzano (83)";"2022";83
"Bruzzano (83)";"2023";86
"Parco Nord (84)";"2003";4
"Parco Nord (84)";"2004";1
"Parco Nord (84)";"2005";3
"Parco Nord (84)";"2008";1
"Parco Nord (84)";"2010";1
"Parco Nord (84)";"2011";2
"Parco Nord (84)";"2012";1
"Parco Nord (84)";"2014";1
"Parco Nord (84)";"2015";1
"Parco Nord (84)";"2016";1
"Parco Nord (84)";"2018";1
"Parco Nord (84)";"2021";1
"Parco Nord (84)";"2022";1
"Parco delle Abbazie (85)";"2003";5
"Parco delle Abbazie (85)";"2004";2
"Parco delle Abbazie (85)";"2005";5
"Parco delle Abbazie (85)";"2006";7
"Parco delle Abbazie (85)";"2007";7
"Parco delle Abbazie (85)";"2008";7
"Parco delle Abbazie (85)";"2009";3
"Parco delle Abbazie (85)";"2010";12
"Parco delle Abbazie (85)";"2011";10
"Parco delle Abbazie (85)";"2012";9
"Parco delle Abbazie (85)";"2013";12
"Parco delle Abbazie (85)";"2014";11
"Parco delle Abbazie (85)";"2015";11
"Parco delle Abbazie (85)";"2016";11
"Parco delle Abbazie (85)";"2017";12
"Parco delle Abbazie (85)";"2018";9
"Parco delle Abbazie (85)";"2019";4
"Parco delle Abbazie (85)";"2020";6
"Parco delle Abbazie (85)";"2021";8
"Parco delle Abbazie (85)";"2022";2
"Parco delle Abbazie (85)";"2023";5
"Parco dei Navigli (86)";"2003";1
"Parco dei Navigli (86)";"2004";1
"Parco dei Navigli (86)";"2005";6
"Parco dei Navigli (86)";"2006";3
"Parco dei Navigli (86)";"2007";8
"Parco dei Navigli (86)";"2008";3
"Parco dei Navigli (86)";"2009";6
"Parco dei Navigli (86)";"2010";1
"Parco dei Navigli (86)";"2011";2
"Parco dei Navigli (86)";"2012";2
"Parco dei Navigli (86)";"2013";5
"Parco dei Navigli (86)";"2014";4
"Parco dei Navigli (86)";"2015";1
"Parco dei Navigli (86)";"2016";3
"Parco dei Navigli (86)";"2017";3
"Parco dei Navigli (86)";"2018";1
"Parco dei Navigli (86)";"2019";8
"Parco dei Navigli (86)";"2020";1
"Parco dei Navigli (86)";"2021";8
"Parco dei Navigli (86)";"2022";1
"Parco dei Navigli (86)";"2023";5
"Assiano (87)";"2003";11
"Assiano (87)";"2004";1
"Assiano (87)";"2005";3
"Assiano (87)";"2006";5
"Assiano (87)";"2007";6
"Assiano (87)";"2008";6
"Assiano (87)";"2009";6
"Assiano (87)";"2010";4
"Assiano (87)";"2011";4
"Assiano (87)";"2012";2
"Assiano (87)";"2013";5
"Assiano (87)";"2014";7
"Assiano (87)";"2015";4
"Assiano (87)";"2016";6
"Assiano (87)";"2017";3
"Assiano (87)";"2018";3
"Assiano (87)";"2019";2
"Assiano (87)";"2020";1
"Assiano (87)";"2021";2
"Assiano (87)";"2023";2
"Parco Bosco in citta' (88)";"2003";3
"Parco Bosco in citta' (88)";"2004";7
"Parco Bosco in citta' (88)";"2005";14
"Parco Bosco in citta' (88)";"2006";7
"Parco Bosco in citta' (88)";"2007";19
"Parco Bosco in citta' (88)";"2008";7
"Parco Bosco in citta' (88)";"2009";12
"Parco Bosco in citta' (88)";"2010";15
"Parco Bosco in citta' (88)";"2011";11
"Parco Bosco in citta' (88)";"2012";14
"Parco Bosco in citta' (88)";"2013";5
"Parco Bosco in citta' (88)";"2014";4
"Parco Bosco in citta' (88)";"2015";10
"Parco Bosco in citta' (88)";"2016";6
"Parco Bosco in citta' (88)";"2017";3
"Parco Bosco in citta' (88)";"2018";1
"Parco Bosco in citta' (88)";"2019";10
"Parco Bosco in citta' (88)";"2020";4
"Parco Bosco in citta' (88)";"2021";3
"Parco Bosco in citta' (88)";"2022";6
"Parco Bosco in citta' (88)";"2023";6
