linea;mezzo;percorso;orario;tipo_giorno;inizio;fine;corse_gior;corse_punt;corse_morb;corse_sera
"87";BUS;"8758";EST2024;L;06:00;00:56;"70";"6";"9";"6"
"31";TRAM;"6777";EST2024;L;23:43;01:54;"5";"0";"0";"1"
"52";BUS;"12893";EST2024;S;06:00;22:27;"68";"10";"8";"1"
"154";BUS;"13871";EST2024;S;01:00;05:57;"10";"0";"0";"0"
"67";BUS;"4540";EST2024;S;05:54;00:24;"92";"13";"10";"7"
"728";BUS;"7608";EST2024;S;06:25;01:42;"47";"6";"5";"4"
"175";BUS;"11678";EST2024;F;09:10;12:48;"4";"0";"3";"0"
"176";BUS;"2983";EST2024;L;08:07;17:57;"40";"4";"8";"0"
"55";BUS;"475";EST2024;F;06:30;18:58;"62";"9";"10";"0"
"926";BUS;"10150";EST2024;L;06:20;20:52;"13";"3";"0";"0"
"46";BUS;"11405";EST2024;F;06:15;21:23;"34";"4";"4";"0"
"201";BUS;"12174";EST2024;L;06:05;20:39;"45";"8";"4";"0"
"925";BUS;"10146";EST2024;S;06:15;01:03;"15";"0";"0";"4"
"542";BUS;"7383";EST2024;F;07:52;20:00;"25";"3";"4";"0"
"121";BUS;"13988";EST2024;S;06:05;14:08;"8";"4";"0";"0"
"222";BUS;"11656";EST2024;L;06:31;22:36;"74";"12";"8";"1"
"84";BUS;"10124";EST2024;L;05:15;01:01;"104";"17";"13";"6"
"56";BUS;"3465";EST2024;S;06:30;01:54;"60";"8";"6";"5"
"78";BUS;"10491";EST2024;F;06:00;22:27;"48";"6";"6";"0"
"2";TRAM;"9829";EST2024;S;06:05;01:56;"92";"11";"10";"8"
"80";BUS;"9309";EST2024;S;05:20;01:47;"68";"8";"7";"6"
"83";BUS;"6740";EST2024;S;06:00;21:47;"61";"8";"8";"0"
"70";BUS;"10095";EST2024;F;07:54;18:44;"38";"5";"7";"0"
"49";BUS;"8093";EST2024;S;06:00;01:21;"100";"14";"11";"7"
"45";BUS;"13457";EST2024;L;06:00;22:10;"72";"12";"8";"0"
"56";BUS;"480";EST2024;F;05:26;01:44;"59";"6";"5";"4"
"222";BUS;"11656";EST2024;S;06:31;22:36;"55";"10";"6";"1"
"327";BUS;"12311";EST2024;L;06:30;20:06;"19";"6";"0";"0"
"3";TRAM;"3275";EST2024;S;06:00;01:33;"102";"12";"11";"8"
"43";BUS;"4705";EST2024;L;06:08;01:25;"94";"14";"9";"7"
"89";BUS;"13956";EST2024;S;06:20;20:16;"30";"5";"2";"0"
"121";BUS;"13987";EST2024;S;05:05;22:31;"43";"4";"4";"1"
"353";BUS;"8838";EST2024;F;06:35;00:22;"38";"3";"3";"3"
"12";TRAM;"4282";EST2024;F;06:10;02:11;"70";"6";"6";"6"
"528";BUS;"9319";EST2024;F;06:28;22:16;"48";"6";"6";"1"
"566";BUS;"7657";EST2024;S;07:10;19:50;"13";"3";"2";"0"
"566";BUS;"12395";EST2024;S;06:25;18:45;"12";"2";"1";"0"
"78";BUS;"10491";EST2024;L;06:00;22:27;"73";"12";"9";"0"
"68";BUS;"3001";EST2024;F;06:10;22:15;"48";"7";"5";"0"
"90";FILOBUS;"4086";EST2024;L;00:55;01:02;"205";"37";"17";"9"
"166";BUS;"6145";EST2024;L;05:50;20:48;"36";"5";"4";"0"
"727";BUS;"12198";EST2024;F;05:40;22:11;"27";"3";"3";"0"
"728";BUS;"6252";EST2024;F;05:30;06:37;"2";"0";"0";"0"
"423";BUS;"8231";EST2024;L;13:05;19:09;"7";"0";"0";"0"
"15";TRAM;"9904";EST2024;S;02:33;03:08;"15";"0";"0";"1"
"82";BUS;"9212";EST2024;L;06:00;01:03;"82";"11";"8";"6"
"713";BUS;"7616";EST2024;F;06:00;00:27;"37";"4";"4";"4"
"24";TRAM;"11683";EST2024;S;05:53;02:01;"108";"12";"12";"8"
"95";BUS;"12491";EST2024;L;05:09;01:42;"120";"15";"13";"8"
"705";BUS;"13373";EST2024;L;07:05;14:47;"11";"4";"0";"0"
"701";BUS;"13661";EST2024;S;06:22;00:32;"43";"6";"4";"4"
"27";TRAM;"11716";EST2024;S;05:56;02:09;"101";"12";"11";"8"
"44";BUS;"6496";EST2024;S;06:14;21:37;"67";"9";"8";"0"
"45";BUS;"13914";EST2024;L;05:12;22:12;"19";"8";"0";"1"
"707";BUS;"13721";EST2024;S;06:10;21:42;"31";"4";"4";"0"
"729";BUS;"10109";EST2024;S;05:20;00:42;"57";"6";"6";"6"
"34";BUS;"12112";EST2024;F;06:19;21:54;"40";"5";"5";"0"
"40";BUS;"12969";EST2024;L;07:01;19:53;"31";"12";"0";"0"
"56";BUS;"3465";EST2024;F;06:31;01:54;"56";"6";"5";"5"
"321";BUS;"12293";EST2024;L;05:47;01:24;"39";"7";"4";"1"
"566";BUS;"12842";EST2024;S;06:45;19:34;"13";"2";"1";"0"
"2";TRAM;"9829";EST2024;F;06:10;01:55;"70";"8";"7";"6"
"50";BUS;"12913";EST2024;F;01:25;01:24;"81";"8";"7";"7"
"125";BUS;"10294";EST2024;L;00:53;05:30;"9";"0";"0";"0"
"50";BUS;"12962";EST2024;F;01:55;01:56;"81";"8";"8";"7"
"47";BUS;"12254";EST2024;S;06:00;01:11;"64";"8";"7";"5"
"80";BUS;"10304";EST2024;F;01:45;06:15;"10";"0";"0";"0"
"924";BUS;"13154";EST2024;S;07:10;00:10;"10";"2";"0";"2"
"60";BUS;"13769";EST2024;S;05:56;01:26;"85";"9";"9";"6"
"560";BUS;"13586";EST2024;L;07:00;21:40;"30";"7";"4";"0"
"152";BUS;"14044";EST2024;S;01:10;02:05;"10";"0";"0";"0"
"431";BUS;"11304";EST2024;L;06:30;19:25;"19";"2";"3";"0"
"433";BUS;"13440";EST2024;S;06:40;07:54;"2";"1";"0";"0"
"713";BUS;"7616";EST2024;S;06:00;00:27;"54";"7";"6";"4"
"66";BUS;"13807";EST2024;F;06:00;01:10;"38";"4";"4";"4"
"92";FILOBUS;"12759";EST2024;F;17:18;01:44;"27";"0";"0";"6"
"45";BUS;"13455";EST2024;F;05:48;22:27;"3";"0";"0";"1"
"130";BUS;"12178";EST2024;L;06:35;20:32;"47";"9";"6";"0"
"16";TRAM;"7796";EST2024;L;09:30;02:06;"10";"0";"1";"2"
"80";BUS;"9309";EST2024;F;05:20;01:47;"72";"8";"8";"6"
"124";BUS;"13788";EST2024;S;02:05;06:07;"9";"0";"0";"0"
"712";BUS;"13199";EST2024;F;06:35;00:21;"32";"4";"4";"2"
"48";BUS;"8989";EST2024;S;07:05;21:35;"29";"4";"4";"0"
"68";BUS;"3001";EST2024;L;06:10;22:15;"56";"7";"6";"0"
"423";BUS;"8230";EST2024;L;06:17;20:09;"40";"11";"4";"0"
"321";BUS;"12290";EST2024;S;05:40;00:44;"41";"6";"4";"1"
"321";BUS;"12292";EST2024;L;07:48;21:55;"34";"5";"4";"0"
"31";TRAM;"6778";EST2024;L;08:12;02:54;"13";"3";"0";"0"
"19";TRAM;"9398";EST2024;S;04:45;01:58;"91";"10";"10";"6"
"91";FILOBUS;"4084";EST2024;F;01:50;01:53;"96";"9";"9";"7"
"83";BUS;"5804";EST2024;S;23:30;02:09;"4";"0";"0";"1"
"98";BUS;"13915";EST2024;S;05:52;01:17;"88";"10";"9";"8"
"63";BUS;"11197";EST2024;S;05:50;00:53;"38";"8";"0";"8"
"925";BUS;"7691";EST2024;L;07:12;20:06;"29";"4";"5";"0"
"88";BUS;"13399";EST2024;F;06:03;21:41;"29";"4";"3";"0"
"153";BUS;"14000";EST2024;L;00:37;06:25;"11";"0";"0";"0"
"140";BUS;"12074";EST2024;S;06:30;19:36;"13";"2";"1";"0"
"220";BUS;"10548";EST2024;F;06:30;20:38;"15";"2";"2";"0"
"152";BUS;"14042";EST2024;L;01:10;02:01;"11";"0";"0";"0"
"433";BUS;"13442";EST2024;S;09:41;10:23;"1";"0";"0";"0"
"712";BUS;"13200";EST2024;F;06:10;00:50;"33";"4";"4";"2"
"14";TRAM;"12625";EST2024;S;04:51;02:01;"111";"14";"13";"8"
"322";BUS;"12271";EST2024;S;06:10;00:30;"40";"8";"4";"2"
"351";BUS;"6807";EST2024;F;14:30;19:57;"5";"0";"0";"0"
"15";TRAM;"9904";EST2024;L;02:33;02:35;"18";"0";"0";"1"
"47";BUS;"10072";EST2024;F;06:24;01:19;"55";"7";"6";"4"
"325";BUS;"13639";EST2024;S;05:47;01:05;"79";"13";"10";"4"
"89";BUS;"13960";EST2024;S;06:40;20:39;"30";"6";"3";"0"
"55";BUS;"478";EST2024;L;06:10;21:46;"13";"0";"0";"0"
"84";BUS;"10124";EST2024;F;06:00;01:01;"68";"8";"7";"6"
"19";TRAM;"9367";EST2024;L;04:48;06:11;"2";"0";"0";"0"
"83";BUS;"6740";EST2024;L;06:00;21:32;"54";"6";"8";"0"
"40";BUS;"6692";EST2024;S;06:05;01:46;"89";"11";"10";"6"
"12";TRAM;"4282";EST2024;L;06:08;02:11;"96";"12";"11";"6"
"2";TRAM;"9843";EST2024;L;04:53;06:39;"7";"0";"0";"0"
"528";BUS;"13139";EST2024;S;06:36;19:34;"12";"3";"1";"0"
"12";TRAM;"4282";EST2024;S;06:04;02:11;"90";"11";"10";"7"
"132";BUS;"11825";EST2024;L;06:21;01:06;"50";"8";"6";"2"
"10";TRAM;"14035";EST2024;S;05:31;01:05;"105";"13";"12";"6"
"86";BUS;"14016";EST2024;S;06:00;22:15;"63";"9";"8";"0"
"27";TRAM;"11709";EST2024;L;04:32;02:08;"128";"16";"12";"8"
"708";BUS;"9779";EST2024;F;06:30;20:24;"24";"4";"4";"0"
"925";BUS;"4703";EST2024;S;07:05;20:11;"27";"4";"4";"0"
"560";BUS;"13587";EST2024;S;06:30;15:18;"4";"1";"0";"0"
"560";BUS;"13587";EST2024;L;06:15;15:19;"5";"0";"0";"0"
"69";BUS;"4405";EST2024;L;06:27;22:13;"56";"9";"7";"0"
"64";BUS;"10089";EST2024;S;05:59;01:10;"81";"12";"8";"6"
"7";TRAM;"8222";EST2024;F;05:33;01:56;"71";"6";"6";"6"
"77";BUS;"13978";EST2024;S;16:57;21:46;"14";"0";"0";"0"
"352";BUS;"10063";EST2024;L;06:14;20:45;"58";"10";"5";"0"
"201";BUS;"12133";EST2024;L;20:52;00:55;"18";"0";"0";"9"
"81";BUS;"6201";EST2024;F;06:10;22:20;"55";"7";"7";"0"
"83";BUS;"5795";EST2024;S;22:15;01:10;"8";"0";"0";"6"
"707";BUS;"13720";EST2024;L;12:50;15:33;"3";"0";"0";"0"
"433";BUS;"13436";EST2024;L;07:25;20:51;"15";"6";"2";"0"
"87";BUS;"8806";EST2024;S;06:00;01:25;"81";"10";"10";"5"
"566";BUS;"7654";EST2024;L;06:10;20:30;"13";"2";"2";"0"
"9";TRAM;"8666";EST2024;F;04:47;01:33;"113";"11";"13";"10"
"42";BUS;"8173";EST2024;S;00:20;00:26;"80";"8";"7";"5"
"56";BUS;"654";EST2024;L;06:03;02:08;"93";"14";"9";"4"
"351";BUS;"6807";EST2024;S;06:30;22:06;"32";"8";"3";"0"
"81";BUS;"10007";EST2024;L;21:55;00:58;"12";"0";"0";"8"
"58";BUS;"13526";EST2024;L;06:05;01:30;"92";"12";"11";"6"
"39";BUS;"11334";EST2024;L;06:00;19:24;"46";"13";"0";"0"
"88";BUS;"13399";EST2024;S;05:58;21:43;"37";"4";"4";"0"
"89";BUS;"13958";EST2024;L;11:03;17:01;"4";"0";"1";"0"
"16";TRAM;"12163";EST2024;S;01:22;02:24;"2";"0";"0";"0"
"54";BUS;"13386";EST2024;F;06:25;22:38;"31";"4";"4";"1"
"63";BUS;"10769";EST2024;S;07:00;20:37;"61";"10";"10";"0"
"78";BUS;"10492";EST2024;S;05:55;22:29;"55";"7";"7";"0"
"902";BUS;"13839";EST2024;L;06:00;20:37;"28";"5";"4";"0"
"43";BUS;"11524";EST2024;L;06:10;00:51;"89";"14";"9";"6"
"83";BUS;"5795";EST2024;L;20:47;01:10;"11";"0";"0";"6"
"902";BUS;"13839";EST2024;S;06:15;20:25;"20";"4";"2";"0"
"4";TRAM;"9158";EST2024;F;04:45;01:36;"84";"7";"8";"8"
"42";BUS;"8173";EST2024;L;06:00;00:26;"71";"9";"8";"5"
"164";BUS;"14023";EST2024;S;05:40;01:52;"84";"11";"9";"6"
"924";BUS;"13161";EST2024;S;07:05;21:21;"18";"2";"2";"0"
"63";BUS;"11197";EST2024;F;05:57;00:53;"21";"0";"0";"8"
"35";BUS;"13967";EST2024;S;06:15;01:04;"45";"5";"4";"5"
"60";BUS;"13771";EST2024;S;06:10;02:01;"88";"10";"10";"6"
"83";BUS;"6740";EST2024;F;06:00;21:47;"56";"6";"6";"0"
"351";BUS;"6807";EST2024;L;06:30;22:07;"39";"12";"3";"0"
"2";TRAM;"9826";EST2024;S;05:08;00:41;"91";"10";"10";"8"
"85";BUS;"13665";EST2024;F;06:10;01:32;"64";"7";"6";"6"
"1";TRAM;"12560";EST2024;S;05:45;01:53;"92";"11";"10";"6"
"63";BUS;"11198";EST2024;L;06:32;19:54;"61";"12";"9";"0"
"81";BUS;"6203";EST2024;F;22:17;01:20;"12";"0";"0";"7"
"322";BUS;"12271";EST2024;F;06:05;00:29;"19";"2";"2";"2"
"230";BUS;"10567";EST2024;S;06:30;00:28;"28";"6";"3";"1"
"701";BUS;"13659";EST2024;S;06:05;00:07;"42";"6";"4";"4"
"80";BUS;"10306";EST2024;L;05:54;01:47;"77";"11";"8";"6"
"560";BUS;"13586";EST2024;S;07:30;21:15;"25";"3";"4";"0"
"152";BUS;"14044";EST2024;F;01:10;02:05;"11";"0";"0";"0"
"46";BUS;"11343";EST2024;S;06:23;21:32;"36";"5";"5";"0"
"89";BUS;"13959";EST2024;S;11:00;16:45;"4";"0";"2";"0"
"115";BUS;"13785";EST2024;S;01:28;05:51;"9";"0";"0";"0"
"164";BUS;"14022";EST2024;F;06:04;02:22;"72";"8";"8";"5"
"1";TRAM;"9457";EST2024;F;05:32;02:11;"70";"7";"6";"6"
"40";BUS;"6692";EST2024;F;06:05;01:46;"66";"7";"7";"6"
"125";BUS;"10011";EST2024;F;00:25;05:19;"11";"0";"0";"0"
"700";BUS;"10401";EST2024;L;05:25;23:55;"74";"11";"8";"3"
"230";BUS;"8451";EST2024;S;06:30;00:53;"29";"6";"3";"2"
"67";BUS;"4540";EST2024;L;05:54;00:24;"96";"11";"10";"7"
"3";TRAM;"5065";EST2024;S;05:27;06:57;"5";"0";"0";"0"
"9";TRAM;"8666";EST2024;S;04:47;01:36;"130";"15";"14";"11"
"38";BUS;"13704";EST2024;F;06:15;00:27;"40";"3";"3";"4"
"566";BUS;"12394";EST2024;L;05:30;20:30;"19";"4";"1";"0"
"783";BUS;"9778";EST2024;S;05:40;21:30;"47";"6";"6";"0"
"132";BUS;"12196";EST2024;L;05:55;00:37;"49";"7";"5";"2"
"325";BUS;"13642";EST2024;S;04:40;20:25;"38";"10";"0";"0"
"566";BUS;"12841";EST2024;L;06:10;21:07;"12";"1";"2";"0"
"9";TRAM;"8666";EST2024;L;04:47;01:33;"135";"17";"15";"8"
"542";BUS;"7384";EST2024;L;07:00;19:52;"27";"5";"4";"0"
"3";TRAM;"5190";EST2024;L;09:12;01:48;"9";"0";"0";"0"
"31";TRAM;"4842";EST2024;F;05:20;12:28;"3";"0";"0";"0"
"34";BUS;"13768";EST2024;F;06:00;21:39;"40";"5";"5";"0"
"561";BUS;"13008";EST2024;L;06:40;20:34;"14";"2";"2";"0"
"86";BUS;"14016";EST2024;L;06:00;22:15;"70";"11";"7";"0"
"327";BUS;"12305";EST2024;L;06:23;18:33;"14";"2";"0";"0"
"2";TRAM;"9826";EST2024;F;05:35;00:39;"68";"8";"7";"6"
"151";BUS;"13791";EST2024;S;01:30;02:04;"12";"0";"0";"0"
"76";BUS;"12245";EST2024;F;06:06;21:52;"52";"6";"6";"0"
"328";BUS;"10537";EST2024;F;06:30;21:47;"32";"4";"4";"0"
"3";TRAM;"3275";EST2024;L;06:00;01:33;"116";"16";"13";"8"
"424";BUS;"4506";EST2024;S;06:20;14:18;"6";"3";"0";"0"
"59";BUS;"11346";EST2024;L;06:30;21:49;"67";"9";"9";"0"
"130";BUS;"12177";EST2024;L;06:05;19:57;"46";"8";"5";"0"
"166";BUS;"6142";EST2024;L;20:30;00:31;"4";"0";"0";"2"
"14";TRAM;"12625";EST2024;F;06:04;02:04;"86";"8";"9";"8"
"176";BUS;"2982";EST2024;L;08:02;17:52;"40";"4";"8";"0"
"903";BUS;"13511";EST2024;F;07:00;21:54;"15";"2";"2";"0"
"99";BUS;"11653";EST2024;S;06:18;22:05;"32";"4";"4";"0"
"10";TRAM;"14034";EST2024;S;05:14;00:36;"103";"12";"13";"6"
"35";BUS;"13963";EST2024;L;06:00;01:14;"68";"10";"6";"5"
"327";BUS;"12304";EST2024;F;06:20;00:32;"36";"2";"4";"2"
"44";BUS;"6496";EST2024;F;06:13;21:47;"50";"7";"7";"0"
"61";BUS;"13774";EST2024;S;06:10;01:41;"74";"8";"8";"6"
"74";BUS;"14025";EST2024;L;05:29;02:21;"97";"14";"9";"5"
"93";FILOBUS;"13974";EST2024;F;06:10;00:36;"65";"7";"7";"6"
"88";BUS;"8655";EST2024;F;05:46;21:25;"29";"3";"4";"0"
"56";BUS;"3464";EST2024;S;06:07;01:31;"59";"7";"7";"5"
"729";BUS;"5843";EST2024;S;06:30;20:16;"24";"6";"0";"0"
"322";BUS;"12273";EST2024;S;05:50;23:57;"40";"7";"4";"2"
"31";TRAM;"6782";EST2024;S;05:53;00:25;"87";"12";"10";"5"
"64";BUS;"10303";EST2024;L;08:47;21:31;"17";"1";"4";"0"
"57";BUS;"7543";EST2024;S;01:44;01:40;"20";"0";"0";"6"
"27";TRAM;"11713";EST2024;F;00:08;02:28;"3";"0";"0";"0"
"528";BUS;"9320";EST2024;S;06:56;22:24;"36";"3";"5";"1"
"542";BUS;"7436";EST2024;L;06:45;20:33;"28";"4";"4";"0"
"19";TRAM;"9366";EST2024;L;05:43;00:55;"102";"14";"12";"6"
"76";BUS;"12245";EST2024;S;06:06;21:52;"65";"9";"9";"0"
"88";BUS;"13809";EST2024;F;06:20;21:59;"29";"3";"4";"0"
"56";BUS;"654";EST2024;S;06:00;02:08;"60";"7";"7";"4"
"220";BUS;"10544";EST2024;F;06:15;21:03;"15";"2";"2";"0"
"74";BUS;"14025";EST2024;S;05:29;02:21;"85";"11";"9";"5"
"79";BUS;"9923";EST2024;L;07:08;09:26;"6";"5";"0";"0"
"57";BUS;"13609";EST2024;S;04:50;21:24;"81";"14";"10";"0"
"94";BUS;"13759";EST2024;L;06:00;00:57;"133";"21";"14";"6"
"561";BUS;"13010";EST2024;L;08:15;20:46;"13";"1";"2";"0"
"33";TRAM;"8260";EST2024;L;05:45;01:40;"85";"13";"8";"6"
"45";BUS;"13453";EST2024;F;05:47;21:57;"52";"7";"7";"0"
"165";BUS;"9750";EST2024;S;06:00;01:07;"31";"5";"2";"2"
"352";BUS;"10063";EST2024;S;06:13;21:02;"37";"7";"4";"0"
"65";BUS;"9746";EST2024;L;06:22;20:54;"55";"8";"8";"0"
"94";BUS;"13759";EST2024;S;01:05;00:57;"104";"11";"11";"6"
"56";BUS;"480";EST2024;L;05:26;01:44;"94";"15";"10";"4"
"58";BUS;"11299";EST2024;F;06:26;01:42;"64";"7";"7";"6"
"924";BUS;"13159";EST2024;S;06:20;13:04;"6";"2";"0";"0"
"53";BUS;"10077";EST2024;F;05:45;01:14;"66";"6";"6";"6"
"321";BUS;"12292";EST2024;F;20:25;21:55;"2";"0";"0";"0"
"74";BUS;"14024";EST2024;F;05:50;01:48;"71";"8";"8";"6"
"34";BUS;"12112";EST2024;L;06:19;21:55;"62";"10";"7";"0"
"154";BUS;"13870";EST2024;F;00:30;05:57;"11";"0";"0";"0"
"16";TRAM;"13283";EST2024;S;04:45;00:36;"97";"11";"10";"7"
"431";BUS;"11301";EST2024;L;06:55;19:50;"18";"1";"4";"0"
"126";BUS;"9971";EST2024;F;00:43;05:40;"11";"0";"0";"0"
"728";BUS;"7608";EST2024;L;06:25;01:42;"52";"6";"5";"4"
"24";TRAM;"11628";EST2024;F;05:44;02:30;"84";"7";"7";"8"
"40";BUS;"11322";EST2024;S;05:50;01:43;"91";"10";"10";"7"
"65";BUS;"8402";EST2024;L;06:15;22:02;"61";"8";"8";"0"
"925";BUS;"10147";EST2024;L;07:26;18:26;"35";"12";"0";"0"
"60";BUS;"13771";EST2024;L;06:07;02:01;"101";"14";"11";"6"
"77";BUS;"13978";EST2024;F;06:15;21:45;"43";"5";"6";"0"
"561";BUS;"13007";EST2024;L;07:00;22:38;"20";"4";"2";"1"
"49";BUS;"8093";EST2024;L;06:00;01:21;"116";"19";"12";"7"
"321";BUS;"12290";EST2024;F;06:55;00:44;"30";"4";"4";"1"
"965";BUS;"13084";EST2024;S;17:20;20:05;"6";"0";"0";"0"
"31";TRAM;"6778";EST2024;F;21:30;02:54;"4";"0";"0";"0"
"353";BUS;"8839";EST2024;S;07:03;00:37;"25";"3";"2";"3"
"92";FILOBUS;"12759";EST2024;L;06:06;01:44;"124";"24";"12";"6"
"174";BUS;"8862";EST2024;F;13:30;17:55;"9";"0";"0";"0"
"708";BUS;"9825";EST2024;L;07:11;20:21;"17";"6";"0";"0"
"924";BUS;"13156";EST2024;L;06:33;19:39;"26";"9";"0";"0"
"16";TRAM;"7796";EST2024;S;19:54;02:06;"11";"0";"0";"2"
"35";BUS;"13963";EST2024;F;06:00;01:14;"46";"5";"5";"5"
"3";TRAM;"3533";EST2024;F;05:57;02:07;"84";"8";"8";"8"
"176";BUS;"2982";EST2024;S;08:02;17:52;"40";"4";"8";"0"
"126";BUS;"9970";EST2024;F;01:01;05:36;"9";"0";"0";"0"
"7";TRAM;"8223";EST2024;F;05:49;02:12;"71";"6";"6";"6"
"41";BUS;"12712";EST2024;S;06:03;00:43;"50";"5";"5";"6"
"166";BUS;"6142";EST2024;S;20:30;00:31;"4";"0";"0";"2"
"702";BUS;"9982";EST2024;F;06:00;00:56;"19";"2";"2";"2"
"328";BUS;"10539";EST2024;L;06:15;21:31;"34";"5";"4";"0"
"33";TRAM;"7693";EST2024;F;05:28;02:16;"70";"6";"7";"6"
"70";BUS;"10096";EST2024;L;05:00;01:29;"40";"5";"0";"6"
"729";BUS;"10109";EST2024;L;05:50;00:43;"66";"8";"6";"6"
"82";BUS;"9212";EST2024;F;06:00;01:03;"56";"6";"5";"6"
"965";BUS;"13084";EST2024;F;07:00;19:30;"12";"4";"0";"0"
"433";BUS;"13436";EST2024;S;07:30;20:14;"20";"3";"4";"0"
"7";TRAM;"8223";EST2024;L;07:03;02:12;"47";"9";"0";"6"
"351";BUS;"12021";EST2024;F;15:05;20:32;"5";"0";"0";"0"
"151";BUS;"13791";EST2024;L;01:30;02:04;"12";"0";"0";"0"
"2";TRAM;"9829";EST2024;L;06:04;01:56;"106";"14";"13";"6"
"55";BUS;"478";EST2024;F;06:10;21:46;"11";"0";"0";"0"
"924";BUS;"13159";EST2024;L;06:10;19:21;"18";"4";"0";"0"
"16";TRAM;"7793";EST2024;L;04:32;17:13;"8";"0";"0";"0"
"124";BUS;"13787";EST2024;F;02:35;05:47;"7";"0";"0";"0"
"220";BUS;"10548";EST2024;S;06:15;00:03;"34";"4";"4";"2"
"1";TRAM;"9457";EST2024;L;05:32;02:10;"92";"8";"12";"6"
"40";BUS;"11322";EST2024;L;05:50;01:43;"102";"12";"12";"7"
"323";BUS;"12283";EST2024;S;05:55;21:40;"32";"4";"4";"0"
"115";BUS;"13786";EST2024;S;02:03;05:26;"7";"0";"0";"0"
"220";BUS;"10547";EST2024;F;07:20;21:10;"14";"2";"2";"0"
"727";BUS;"12198";EST2024;S;05:40;22:11;"39";"3";"4";"0"
"171";BUS;"7893";EST2024;L;08:05;17:45;"41";"4";"9";"0"
"38";BUS;"13704";EST2024;L;06:15;00:27;"51";"6";"6";"4"
"54";BUS;"13387";EST2024;S;01:50;02:00;"82";"8";"8";"7"
"87";BUS;"8758";EST2024;F;06:00;00:56;"61";"6";"6";"6"
"201";BUS;"12174";EST2024;F;06:15;20:39;"25";"3";"3";"0"
"561";BUS;"13008";EST2024;S;09:00;20:34;"12";"0";"2";"0"
"10";TRAM;"14034";EST2024;F;05:14;00:32;"72";"7";"7";"6"
"51";BUS;"12976";EST2024;S;05:50;01:40;"70";"9";"7";"6"
"12";TRAM;"12574";EST2024;L;05:25;00:31;"96";"12";"10";"6"
"83";BUS;"6736";EST2024;L;06:31;20:57;"48";"5";"8";"0"
"433";BUS;"13440";EST2024;L;06:35;19:36;"7";"2";"0";"0"
"94";BUS;"13759";EST2024;F;01:05;00:57;"79";"7";"7";"6"
"19";TRAM;"9367";EST2024;S;04:48;06:11;"2";"0";"0";"0"
"67";BUS;"583";EST2024;F;06:29;00:59;"70";"8";"8";"7"
"19";TRAM;"9398";EST2024;F;05:53;01:58;"77";"7";"7";"6"
"328";BUS;"10536";EST2024;L;08:40;21:08;"19";"1";"4";"0"
"55";BUS;"478";EST2024;S;06:10;21:46;"13";"0";"0";"0"
"57";BUS;"7543";EST2024;L;20:23;01:40;"15";"0";"0";"6"
"423";BUS;"8056";EST2024;L;06:55;20:51;"42";"5";"4";"0"
"54";BUS;"13388";EST2024;F;06:27;21:49;"30";"4";"4";"0"
"70";BUS;"9217";EST2024;F;07:26;18:08;"38";"7";"7";"0"
"705";BUS;"13372";EST2024;S;06:05;20:42;"27";"3";"4";"0"
"79";BUS;"8413";EST2024;S;06:20;22:16;"28";"4";"3";"0"
"171";BUS;"7893";EST2024;S;08:05;17:48;"76";"8";"17";"0"
"924";BUS;"13154";EST2024;F;06:30;00:08;"26";"2";"2";"2"
"727";BUS;"9175";EST2024;S;06:15;22:12;"39";"6";"4";"0"
"69";BUS;"13676";EST2024;F;06:00;21:28;"33";"4";"4";"0"
"16";TRAM;"13283";EST2024;F;05:55;00:36;"72";"7";"7";"7"
"175";BUS;"13133";EST2024;S;08:20;11:51;"4";"1";"2";"0"
"63";BUS;"11213";EST2024;L;06:50;07:42;"3";"1";"0";"0"
"729";BUS;"10109";EST2024;F;05:20;00:42;"49";"4";"4";"6"
"5";TRAM;"6774";EST2024;S;05:25;02:07;"91";"12";"9";"7"
"16";TRAM;"12162";EST2024;L;05:00;01:56;"90";"10";"11";"6"
"4";TRAM;"9160";EST2024;L;05:20;02:11;"104";"13";"11";"8"
"708";BUS;"10386";EST2024;S;06:30;20:36;"33";"4";"5";"0"
"98";BUS;"13915";EST2024;L;05:52;01:17;"111";"16";"11";"8"
"2";TRAM;"9843";EST2024;F;04:51;06:40;"4";"0";"0";"0"
"35";BUS;"13964";EST2024;S;06:00;01:14;"46";"5";"5";"5"
"973";BUS;"13828";EST2024;F;07:00;00:56;"27";"3";"3";"3"
"31";TRAM;"7214";EST2024;F;05:40;23:45;"63";"6";"6";"5"
"65";BUS;"9747";EST2024;S;20:02;22:33;"7";"0";"0";"1"
"166";BUS;"6145";EST2024;S;05:50;20:46;"29";"4";"4";"0"
"16";TRAM;"12163";EST2024;L;01:22;02:24;"2";"0";"0";"0"
"94";BUS;"13760";EST2024;F;01:40;00:38;"76";"8";"7";"6"
"53";BUS;"10077";EST2024;L;05:40;01:14;"102";"16";"10";"6"
"91";FILOBUS;"4084";EST2024;L;01:50;01:53;"200";"36";"18";"8"
"66";BUS;"13803";EST2024;S;05:58;00:34;"37";"4";"4";"3"
"93";FILOBUS;"13974";EST2024;S;05:55;00:36;"92";"12";"10";"6"
"71";BUS;"11357";EST2024;F;06:08;22:06;"61";"8";"8";"0"
"81";BUS;"10007";EST2024;S;21:55;00:58;"12";"0";"0";"8"
"327";BUS;"12306";EST2024;L;06:38;20:19;"20";"4";"0";"0"
"328";BUS;"10536";EST2024;S;10:05;16:32;"7";"0";"2";"0"
"61";BUS;"14039";EST2024;S;06:15;01:29;"74";"9";"8";"6"
"77";BUS;"13983";EST2024;F;06:05;21:08;"42";"5";"6";"0"
"323";BUS;"12283";EST2024;L;05:50;21:35;"36";"7";"4";"0"
"927";BUS;"12819";EST2024;L;09:25;17:03;"16";"0";"4";"0"
"327";BUS;"12310";EST2024;L;06:36;19:20;"15";"4";"0";"0"
"56";BUS;"3464";EST2024;L;05:28;01:31;"91";"15";"10";"5"
"87";BUS;"8758";EST2024;S;06:00;00:56;"82";"10";"10";"6"
"50";BUS;"12913";EST2024;S;01:25;01:24;"105";"14";"10";"7"
"433";BUS;"13435";EST2024;L;06:45;14:58;"5";"1";"0";"0"
"712";BUS;"13199";EST2024;S;06:35;00:21;"35";"6";"4";"2"
"42";BUS;"8173";EST2024;F;00:20;00:26;"63";"6";"5";"5"
"201";BUS;"12133";EST2024;S;20:52;00:55;"18";"0";"0";"9"
"424";BUS;"4506";EST2024;L;06:05;19:05;"12";"4";"0";"0"
"27";TRAM;"11713";EST2024;S;21:08;02:28;"4";"0";"0";"0"
"220";BUS;"10548";EST2024;L;06:10;00:03;"35";"5";"4";"2"
"925";BUS;"10149";EST2024;F;07:15;19:12;"15";"3";"2";"0"
"44";BUS;"6496";EST2024;L;06:14;21:37;"73";"11";"8";"0"
"71";BUS;"11350";EST2024;F;21:46;02:12;"11";"0";"0";"5"
"4";TRAM;"9158";EST2024;S;04:45;01:36;"101";"12";"11";"8"
"175";BUS;"13133";EST2024;F;08:20;13:38;"6";"1";"2";"0"
"925";BUS;"7691";EST2024;S;07:15;19:35;"25";"4";"4";"0"
"973";BUS;"13864";EST2024;F;07:00;00:11;"26";"3";"3";"3"
"88";BUS;"13809";EST2024;S;06:03;21:49;"37";"4";"4";"0"
"64";BUS;"10300";EST2024;F;06:00;01:35;"62";"6";"6";"5"
"322";BUS;"12273";EST2024;L;05:50;23:57;"62";"14";"4";"2"
"433";BUS;"13438";EST2024;S;08:25;14:24;"2";"1";"0";"0"
"352";BUS;"5748";EST2024;L;05:50;21:10;"61";"11";"5";"0"
"24";TRAM;"11684";EST2024;L;05:07;16:59;"17";"2";"0";"0"
"31";TRAM;"6782";EST2024;L;05:53;00:25;"106";"18";"10";"5"
"125";BUS;"10294";EST2024;S;00:53;05:30;"9";"0";"0";"0"
"702";BUS;"9984";EST2024;L;05:40;23:48;"55";"8";"6";"3"
"926";BUS;"10151";EST2024;L;06:40;20:27;"13";"3";"0";"0"
"151";BUS;"13791";EST2024;F;01:30;02:04;"13";"0";"0";"0"
"12";TRAM;"12574";EST2024;F;05:25;00:33;"66";"7";"6";"6"
"130";BUS;"12178";EST2024;S;17:10;20:22;"5";"0";"0";"0"
"45";BUS;"13455";EST2024;L;05:24;22:23;"26";"8";"0";"1"
"201";BUS;"12132";EST2024;F;06:10;20:32;"25";"3";"3";"0"
"708";BUS;"10386";EST2024;F;06:30;20:55;"25";"4";"4";"0"
"66";BUS;"13803";EST2024;F;05:58;00:33;"37";"4";"4";"3"
"700";BUS;"10401";EST2024;S;05:55;23:55;"51";"6";"6";"3"
"728";BUS;"6252";EST2024;L;05:30;06:39;"2";"0";"0";"0"
"54";BUS;"13385";EST2024;F;01:20;01:45;"52";"4";"4";"6"
"3";TRAM;"3533";EST2024;L;05:59;02:07;"118";"15";"13";"8"
"40";BUS;"11322";EST2024;F;05:50;01:43;"68";"7";"7";"7"
"46";BUS;"11405";EST2024;L;06:15;21:23;"57";"9";"6";"0"
"51";BUS;"12972";EST2024;L;06:10;01:01;"82";"11";"10";"6"
"423";BUS;"8057";EST2024;S;06:40;08:04;"3";"2";"0";"0"
"62";BUS;"7123";EST2024;S;06:05;01:02;"69";"9";"8";"6"
"925";BUS;"10148";EST2024;F;07:40;19:43;"15";"2";"3";"0"
"49";BUS;"8090";EST2024;L;06:03;00:48;"112";"20";"12";"7"
"65";BUS;"8402";EST2024;F;06:15;22:02;"46";"6";"6";"0"
"68";BUS;"7565";EST2024;S;06:10;22:20;"48";"7";"5";"0"
"353";BUS;"8839";EST2024;L;06:45;00:37;"33";"6";"3";"4"
"70";BUS;"9216";EST2024;F;06:19;02:03;"32";"1";"0";"6"
"901";BUS;"13996";EST2024;S;06:00;20:56;"24";"4";"3";"0"
"973";BUS;"13865";EST2024;L;12:20;20:23;"20";"0";"0";"0"
"56";BUS;"654";EST2024;F;06:00;02:08;"58";"6";"5";"4"
"86";BUS;"14015";EST2024;S;05:30;21:58;"64";"9";"8";"0"
"127";BUS;"13790";EST2024;S;02:02;05:28;"7";"0";"0";"0"
"152";BUS;"14042";EST2024;S;01:10;02:01;"11";"0";"0";"0"
"59";BUS;"11344";EST2024;S;19:55;21:59;"8";"0";"0";"0"
"566";BUS;"12394";EST2024;S;05:30;19:05;"16";"4";"1";"0"
"84";BUS;"9693";EST2024;S;05:35;01:24;"99";"13";"12";"6"
"423";BUS;"8231";EST2024;S;13:35;14:06;"1";"0";"0";"0"
"83";BUS;"5812";EST2024;F;21:35;01:40;"13";"0";"0";"8"
"153";BUS;"14000";EST2024;S;00:37;06:25;"11";"0";"0";"0"
"701";BUS;"13661";EST2024;F;06:30;00:32;"36";"4";"4";"4"
"121";BUS;"13985";EST2024;S;05:25;22:52;"43";"5";"4";"1"
"83";BUS;"5804";EST2024;L;23:30;02:09;"4";"0";"0";"1"
"121";BUS;"13985";EST2024;L;05:25;22:53;"70";"11";"6";"1"
"130";BUS;"12177";EST2024;S;17:15;19:42;"4";"0";"0";"0"
"327";BUS;"12304";EST2024;L;06:13;00:32;"73";"14";"9";"2"
"433";BUS;"13439";EST2024;S;06:25;19:28;"21";"2";"4";"0"
"702";BUS;"9982";EST2024;S;17:04;00:56;"14";"0";"0";"2"
"48";BUS;"8989";EST2024;L;07:05;21:35;"29";"4";"4";"0"
"39";BUS;"11333";EST2024;F;06:25;21:57;"49";"5";"5";"0"
"973";BUS;"13828";EST2024;L;06:20;00:56;"30";"0";"0";"3"
"220";BUS;"10544";EST2024;L;06:10;21:00;"29";"4";"4";"0"
"71";BUS;"11357";EST2024;L;06:00;22:06;"85";"13";"10";"0"
"80";BUS;"8119";EST2024;F;01:25;05:15;"8";"0";"0";"0"
"925";BUS;"7691";EST2024;F;07:40;19:49;"15";"2";"3";"0"
"45";BUS;"13455";EST2024;S;05:24;22:27;"24";"7";"0";"1"
"81";BUS;"6201";EST2024;S;06:05;22:20;"65";"11";"7";"0"
"67";BUS;"583";EST2024;L;06:29;00:59;"99";"13";"11";"7"
"71";BUS;"11348";EST2024;S;06:05;21:42;"69";"10";"9";"0"
"76";BUS;"12245";EST2024;L;06:06;21:52;"67";"10";"8";"0"
"222";BUS;"11657";EST2024;F;06:00;00:47;"29";"2";"2";"2"
"152";BUS;"14044";EST2024;L;01:10;02:05;"10";"0";"0";"0"
"60";BUS;"13769";EST2024;F;05:55;01:26;"68";"8";"8";"6"
"58";BUS;"13526";EST2024;S;06:05;01:30;"88";"13";"9";"6"
"321";BUS;"12292";EST2024;S;19:51;21:55;"3";"0";"0";"0"
"701";BUS;"10097";EST2024;S;05:45;19:15;"13";"4";"0";"0"
"729";BUS;"5843";EST2024;L;05:20;19:56;"22";"9";"0";"0"
"70";BUS;"9216";EST2024;S;05:27;02:03;"35";"2";"0";"6"
"62";BUS;"5099";EST2024;F;06:05;00:32;"50";"6";"5";"5"
"171";BUS;"7894";EST2024;F;08:10;17:53;"76";"7";"17";"0"
"728";BUS;"6252";EST2024;S;05:30;06:38;"2";"0";"0";"0"
"3";TRAM;"5065";EST2024;F;05:27;14:08;"5";"0";"0";"0"
"176";BUS;"2983";EST2024;S;08:07;17:57;"40";"4";"8";"0"
"85";BUS;"13665";EST2024;S;05:50;01:32;"74";"10";"8";"6"
"560";BUS;"13586";EST2024;F;15:05;20:05;"3";"0";"0";"0"
"433";BUS;"13437";EST2024;S;13:00;19:46;"2";"0";"0";"0"
"1";TRAM;"12560";EST2024;L;05:36;01:51;"92";"10";"12";"6"
"15";TRAM;"9902";EST2024;L;00:14;18:03;"25";"2";"0";"0"
"542";BUS;"7435";EST2024;S;06:50;19:40;"14";"2";"2";"0"
"14";TRAM;"12603";EST2024;F;06:10;00:47;"83";"9";"10";"8"
"166";BUS;"6142";EST2024;F;06:00;00:30;"21";"2";"2";"2"
"52";BUS;"12894";EST2024;F;06:00;22:40;"53";"6";"6";"1"
"88";BUS;"13142";EST2024;F;06:03;21:41;"29";"4";"3";"0"
"728";BUS;"7607";EST2024;L;05:40;01:19;"53";"7";"5";"4"
"35";BUS;"13966";EST2024;L;06:15;01:04;"65";"10";"7";"5"
"19";TRAM;"9398";EST2024;L;04:45;01:58;"117";"15";"12";"6"
"24";TRAM;"11628";EST2024;S;05:20;02:30;"116";"12";"12";"8"
"154";BUS;"13871";EST2024;L;01:00;05:57;"10";"0";"0";"0"
"700";BUS;"10401";EST2024;F;05:50;23:54;"36";"4";"4";"3"
"31";TRAM;"6777";EST2024;S;23:43;01:54;"5";"0";"0";"1"
"57";BUS;"7542";EST2024;F;04:44;20:40;"58";"8";"7";"0"
"328";BUS;"10537";EST2024;S;06:30;21:42;"34";"6";"4";"0"
"63";BUS;"10769";EST2024;L;06:58;20:39;"65";"12";"8";"0"
"542";BUS;"7435";EST2024;L;06:20;20:10;"28";"4";"4";"0"
"707";BUS;"13722";EST2024;L;12:35;15:21;"3";"0";"0";"0"
"99";BUS;"11653";EST2024;L;06:18;22:05;"55";"8";"7";"0"
"965";BUS;"13084";EST2024;L;05:45;23:00;"61";"11";"5";"1"
"561";BUS;"13009";EST2024;S;07:15;23:15;"17";"3";"2";"1"
"130";BUS;"12179";EST2024;S;06:50;17:02;"17";"4";"3";"0"
"172";BUS;"3976";EST2024;F;14:00;18:02;"5";"0";"0";"0"
"925";BUS;"10146";EST2024;L;06:05;01:06;"15";"0";"0";"4"
"57";BUS;"13611";EST2024;S;00:50;01:01;"18";"0";"0";"6"
"327";BUS;"12304";EST2024;S;06:42;00:32;"47";"8";"6";"2"
"700";BUS;"8599";EST2024;F;06:05;23:40;"35";"4";"4";"3"
"78";BUS;"10491";EST2024;S;06:00;22:27;"55";"8";"7";"0"
"80";BUS;"8119";EST2024;L;06:43;21:11;"59";"11";"7";"0"
"164";BUS;"14023";EST2024;L;05:40;01:52;"95";"14";"10";"6"
"71";BUS;"11358";EST2024;F;21:46;02:40;"12";"0";"0";"5"
"77";BUS;"13981";EST2024;S;06:15;17:16;"36";"8";"6";"0"
"201";BUS;"10050";EST2024;F;20:43;00:46;"18";"0";"0";"9"
"86";BUS;"14015";EST2024;F;05:30;21:58;"60";"8";"6";"0"
"70";BUS;"9217";EST2024;L;07:18;18:04;"44";"9";"8";"0"
"93";FILOBUS;"13972";EST2024;F;06:40;01:06;"65";"7";"7";"6"
"46";BUS;"11343";EST2024;L;06:23;21:32;"57";"10";"5";"0"
"321";BUS;"12293";EST2024;S;05:52;01:24;"41";"6";"4";"1"
"31";TRAM;"7214";EST2024;L;05:40;23:45;"102";"17";"10";"5"
"98";BUS;"9899";EST2024;F;05:55;01:47;"79";"8";"8";"8"
"121";BUS;"13985";EST2024;F;07:35;22:52;"21";"2";"2";"1"
"542";BUS;"7436";EST2024;S;07:40;20:33;"14";"2";"2";"0"
"783";BUS;"8332";EST2024;S;06:05;21:14;"45";"6";"6";"0"
"15";TRAM;"9903";EST2024;S;00:56;01:29;"129";"15";"14";"8"
"39";BUS;"11333";EST2024;L;05:35;21:57;"40";"1";"9";"0"
"220";BUS;"10547";EST2024;L;06:25;21:16;"29";"4";"4";"0"
"92";FILOBUS;"12761";EST2024;F;16:27;00:52;"27";"0";"0";"6"
"528";BUS;"9320";EST2024;L;08:36;22:24;"26";"1";"4";"1"
"5";TRAM;"6774";EST2024;L;05:25;02:07;"104";"14";"9";"7"
"528";BUS;"13136";EST2024;L;06:00;20:36;"25";"6";"2";"0"
"77";BUS;"13978";EST2024;L;06:15;21:46;"60";"9";"7";"0"
"48";BUS;"8988";EST2024;L;06:41;20:55;"29";"4";"4";"0"
"81";BUS;"10006";EST2024;L;05:45;21:47;"76";"12";"9";"0"
"560";BUS;"9303";EST2024;F;14:00;19:11;"3";"0";"0";"0"
"965";BUS;"13021";EST2024;S;06:20;17:15;"28";"8";"4";"0"
"91";FILOBUS;"3578";EST2024;F;00:55;01:23;"96";"8";"9";"9"
"54";BUS;"13386";EST2024;L;05:58;22:46;"42";"6";"4";"1"
"4";TRAM;"9160";EST2024;S;05:20;02:11;"101";"11";"11";"8"
"60";BUS;"13771";EST2024;F;06:10;02:01;"69";"8";"8";"6"
"323";BUS;"12402";EST2024;S;05:53;21:16;"31";"4";"4";"0"
"5";TRAM;"6708";EST2024;L;04:52;01:27;"102";"14";"10";"7"
"16";TRAM;"12163";EST2024;F;01:22;02:24;"2";"0";"0";"0"
"82";BUS;"12963";EST2024;S;06:25;01:34;"67";"8";"8";"6"
"83";BUS;"5795";EST2024;F;22:15;01:10;"8";"0";"0";"6"
"924";BUS;"13155";EST2024;L;06:20;21:39;"23";"1";"5";"0"
"712";BUS;"13200";EST2024;L;06:10;00:50;"39";"6";"4";"2"
"24";TRAM;"11684";EST2024;S;05:07;17:23;"8";"1";"0";"0"
"27";TRAM;"11709";EST2024;F;05:28;02:08;"91";"10";"9";"8"
"729";BUS;"322";EST2024;L;05:50;01:23;"70";"10";"6";"6"
"69";BUS;"4405";EST2024;S;06:20;22:13;"48";"6";"6";"0"
"165";BUS;"10013";EST2024;F;06:15;00:32;"21";"2";"1";"1"
"433";BUS;"13435";EST2024;S;07:05;13:24;"2";"1";"0";"0"
"3";TRAM;"5190";EST2024;F;21:03;01:47;"5";"0";"0";"1"
"55";BUS;"9941";EST2024;L;06:14;21:46;"16";"0";"0";"0"
"59";BUS;"11344";EST2024;F;06:05;21:59;"63";"8";"8";"0"
"69";BUS;"3732";EST2024;F;06:17;21:45;"33";"5";"4";"0"
"70";BUS;"9217";EST2024;S;07:26;18:11;"40";"8";"7";"0"
"71";BUS;"11350";EST2024;L;21:46;02:12;"11";"0";"0";"5"
"79";BUS;"8413";EST2024;F;06:38;22:16;"26";"3";"3";"0"
"712";BUS;"13199";EST2024;L;06:35;00:21;"38";"6";"4";"2"
"55";BUS;"479";EST2024;F;06:55;19:25;"62";"9";"10";"0"
"9";TRAM;"9964";EST2024;L;05:35;02:18;"135";"16";"15";"9"
"48";BUS;"8989";EST2024;F;07:05;21:34;"29";"4";"4";"0"
"121";BUS;"13986";EST2024;S;06:25;14:39;"9";"5";"0";"0"
"705";BUS;"5785";EST2024;S;08:55;21:25;"4";"1";"0";"0"
"93";FILOBUS;"13972";EST2024;L;05:45;01:06;"127";"22";"14";"6"
"528";BUS;"13139";EST2024;L;06:36;20:55;"22";"5";"2";"0"
"83";BUS;"6737";EST2024;F;20:40;22:27;"6";"0";"0";"0"
"64";BUS;"10300";EST2024;L;06:00;01:35;"81";"15";"6";"5"
"39";BUS;"11333";EST2024;S;05:35;21:57;"42";"2";"6";"0"
"95";BUS;"12491";EST2024;S;05:09;01:42;"105";"13";"11";"8"
"70";BUS;"10096";EST2024;S;05:00;01:29;"36";"5";"0";"6"
"327";BUS;"12306";EST2024;S;06:50;19:46;"15";"4";"0";"0"
"14";TRAM;"12625";EST2024;L;04:51;02:01;"126";"20";"14";"8"
"925";BUS;"10148";EST2024;S;07:00;19:51;"26";"4";"4";"0"
"924";BUS;"13155";EST2024;S;06:25;21:39;"25";"3";"3";"0"
"230";BUS;"10567";EST2024;F;08:10;20:38;"10";"1";"1";"0"
"561";BUS;"13008";EST2024;F;10:00;17:33;"4";"0";"2";"0"
"19";TRAM;"9366";EST2024;S;05:47;00:56;"81";"10";"10";"5"
"423";BUS;"8057";EST2024;L;06:35;09:05;"6";"5";"0";"0"
"39";BUS;"13125";EST2024;L;05:57;22:01;"35";"0";"9";"0"
"325";BUS;"13617";EST2024;L;05:12;19:52;"40";"9";"0";"0"
"327";BUS;"12309";EST2024;L;05:43;23:57;"69";"9";"9";"2"
"709";BUS;"6567";EST2024;L;06:45;19:02;"10";"3";"0";"0"
"220";BUS;"10544";EST2024;S;06:10;20:59;"29";"4";"4";"0"
"92";FILOBUS;"13384";EST2024;F;06:10;16:56;"38";"8";"7";"0"
"3";TRAM;"5190";EST2024;S;20:25;01:55;"5";"0";"0";"0"
"62";BUS;"5099";EST2024;L;06:05;00:32;"92";"13";"10";"5"
"701";BUS;"13659";EST2024;F;06:15;00:06;"36";"4";"4";"4"
"151";BUS;"13540";EST2024;L;01:27;02:07;"12";"0";"0";"0"
"59";BUS;"11344";EST2024;L;06:05;21:59;"69";"9";"9";"0"
"2";TRAM;"9826";EST2024;L;05:08;00:41;"104";"14";"13";"6"
"222";BUS;"7891";EST2024;L;06:10;06:52;"2";"0";"0";"0"
"230";BUS;"8451";EST2024;F;08:55;21:18;"10";"1";"2";"0"
"325";BUS;"13642";EST2024;L;04:40;20:26;"53";"14";"0";"0"
"566";BUS;"12841";EST2024;S;06:10;19:54;"9";"0";"2";"0"
"74";BUS;"14024";EST2024;L;05:08;01:48;"96";"15";"9";"6"
"566";BUS;"7654";EST2024;S;06:10;20:30;"10";"1";"2";"0"
"15";TRAM;"9904";EST2024;F;20:44;02:36;"7";"0";"0";"0"
"95";BUS;"12490";EST2024;L;05:36;02:02;"121";"15";"13";"8"
"321";BUS;"12296";EST2024;L;05:48;20:19;"39";"8";"4";"0"
"92";FILOBUS;"12761";EST2024;L;06:05;00:52;"114";"20";"12";"6"
"1";TRAM;"12560";EST2024;F;05:45;01:50;"69";"7";"6";"6"
"53";BUS;"10077";EST2024;S;05:40;01:14;"93";"12";"10";"6"
"7";TRAM;"6791";EST2024;L;05:33;20:10;"59";"8";"8";"0"
"705";BUS;"13372";EST2024;L;06:05;20:37;"30";"3";"4";"0"
"60";BUS;"13769";EST2024;L;05:55;01:26;"98";"13";"11";"6"
"708";BUS;"10389";EST2024;L;06:42;19:51;"14";"4";"0";"0"
"323";BUS;"12402";EST2024;L;05:53;21:10;"34";"4";"4";"0"
"728";BUS;"7608";EST2024;F;06:35;01:42;"38";"4";"4";"4"
"99";BUS;"11653";EST2024;F;06:18;22:05;"32";"4";"4";"0"
"126";BUS;"9970";EST2024;L;01:01;05:36;"9";"0";"0";"0"
"54";BUS;"13388";EST2024;L;06:19;21:55;"39";"6";"5";"0"
"201";BUS;"12174";EST2024;S;06:05;20:39;"37";"6";"4";"0"
"57";BUS;"13609";EST2024;F;04:50;21:24;"59";"8";"7";"0"
"55";BUS;"475";EST2024;S;06:29;19:10;"53";"8";"8";"0"
"70";BUS;"10095";EST2024;S;07:54;18:44;"40";"6";"7";"0"
"728";BUS;"7607";EST2024;S;05:40;01:19;"48";"6";"5";"4"
"560";BUS;"9303";EST2024;S;05:30;20:22;"29";"4";"4";"0"
"7";TRAM;"8223";EST2024;S;20:18;02:11;"17";"0";"0";"6"
"707";BUS;"13719";EST2024;L;06:30;21:31;"27";"4";"4";"0"
"729";BUS;"5844";EST2024;S;04:42;19:42;"24";"5";"0";"0"
"4";TRAM;"3851";EST2024;L;07:07;19:44;"29";"12";"0";"0"
"166";BUS;"8843";EST2024;S;19:20;23:16;"5";"0";"0";"1"
"528";BUS;"9320";EST2024;F;06:36;22:24;"48";"6";"6";"1"
"34";BUS;"13768";EST2024;S;06:00;21:39;"40";"5";"5";"0"
"924";BUS;"13154";EST2024;L;07:08;00:10;"37";"5";"5";"2"
"42";BUS;"8174";EST2024;L;06:27;00:54;"71";"9";"8";"6"
"132";BUS;"11825";EST2024;S;06:21;01:06;"39";"8";"4";"2"
"38";BUS;"13704";EST2024;S;06:15;00:27;"40";"3";"3";"4"
"91";FILOBUS;"4084";EST2024;S;01:50;01:53;"147";"16";"15";"8"
"130";BUS;"12176";EST2024;S;06:20;17:02;"18";"4";"3";"0"
"41";BUS;"12712";EST2024;L;05:58;00:43;"66";"8";"7";"6"
"58";BUS;"13526";EST2024;F;06:05;01:30;"62";"6";"6";"6"
"7";TRAM;"6791";EST2024;S;05:33;20:12;"65";"10";"8";"0"
"903";BUS;"13512";EST2024;F;07:00;21:54;"15";"2";"2";"0"
"31";TRAM;"6778";EST2024;S;08:49;02:54;"6";"1";"0";"0"
"80";BUS;"9309";EST2024;L;05:20;01:47;"77";"11";"8";"6"
"528";BUS;"9319";EST2024;L;09:48;22:16;"23";"0";"4";"1"
"566";BUS;"7657";EST2024;L;07:10;19:50;"15";"3";"3";"0"
"70";BUS;"10095";EST2024;L;07:55;18:44;"45";"6";"8";"0"
"323";BUS;"12402";EST2024;F;06:35;21:00;"15";"2";"2";"0"
"115";BUS;"13785";EST2024;F;01:28;05:51;"9";"0";"0";"0"
"700";BUS;"8599";EST2024;S;06:00;23:40;"50";"6";"6";"3"
"67";BUS;"4540";EST2024;F;05:54;00:24;"70";"9";"7";"7"
"125";BUS;"10011";EST2024;S;00:25;05:19;"11";"0";"0";"0"
"15";TRAM;"9901";EST2024;L;01:45;02:01;"128";"17";"14";"8"
"79";BUS;"8414";EST2024;S;06:35;21:59;"27";"5";"4";"0"
"5";TRAM;"6774";EST2024;F;05:25;02:07;"77";"7";"6";"7"
"54";BUS;"13386";EST2024;S;06:24;22:41;"33";"4";"4";"1"
"54";BUS;"13387";EST2024;F;01:50;02:00;"52";"4";"4";"6"
"88";BUS;"8655";EST2024;L;05:47;21:56;"43";"6";"4";"0"
"126";BUS;"9971";EST2024;L;00:43;05:40;"11";"0";"0";"0"
"121";BUS;"13988";EST2024;L;05:50;20:19;"30";"9";"0";"0"
"220";BUS;"10545";EST2024;F;05:45;20:25;"15";"2";"2";"0"
"71";BUS;"11357";EST2024;S;06:00;22:06;"70";"10";"9";"0"
"81";BUS;"6203";EST2024;S;22:17;01:20;"12";"0";"0";"7"
"154";BUS;"13870";EST2024;L;00:30;05:57;"11";"0";"0";"0"
"566";BUS;"7653";EST2024;L;05:30;21:03;"18";"2";"1";"0"
"729";BUS;"5844";EST2024;L;04:42;19:59;"28";"8";"0";"0"
"54";BUS;"13385";EST2024;L;05:52;01:45;"88";"12";"10";"6"
"15";TRAM;"9901";EST2024;F;05:30;02:01;"77";"8";"7";"8"
"566";BUS;"7653";EST2024;S;06:30;19:42;"16";"3";"1";"0"
"57";BUS;"13611";EST2024;L;21:06;01:01;"10";"0";"0";"6"
"433";BUS;"13437";EST2024;L;06:10;19:58;"7";"0";"0";"0"
"727";BUS;"9177";EST2024;F;06:15;22:12;"26";"3";"3";"0"
"901";BUS;"13999";EST2024;L;06:45;21:41;"28";"5";"3";"0"
"80";BUS;"10304";EST2024;L;05:28;20:19;"59";"12";"7";"0"
"924";BUS;"13161";EST2024;L;06:54;21:23;"29";"2";"5";"0"
"323";BUS;"12283";EST2024;F;06:00;21:24;"16";"2";"2";"0"
"89";BUS;"13954";EST2024;L;10:05;15:58;"4";"0";"2";"0"
"90";FILOBUS;"3575";EST2024;F;01:30;01:56;"96";"9";"9";"7"
"222";BUS;"11656";EST2024;F;06:45;22:36;"26";"2";"2";"1"
"352";BUS;"5748";EST2024;S;05:55;21:06;"38";"7";"4";"0"
"39";BUS;"13125";EST2024;F;06:23;22:01;"48";"5";"5";"0"
"99";BUS;"11652";EST2024;S;06:35;22:15;"32";"4";"4";"1"
"88";BUS;"13809";EST2024;L;06:20;21:49;"41";"6";"4";"0"
"127";BUS;"13789";EST2024;F;01:28;05:53;"9";"0";"0";"0"
"31";TRAM;"7212";EST2024;S;00:17;02:27;"5";"0";"0";"0"
"151";BUS;"13540";EST2024;F;01:27;02:07;"13";"0";"0";"0"
"55";BUS;"12442";EST2024;L;07:15;19:43;"24";"6";"3";"0"
"54";BUS;"13385";EST2024;S;01:20;01:45;"80";"7";"8";"6"
"61";BUS;"13774";EST2024;L;06:10;01:41;"84";"11";"8";"6"
"69";BUS;"13676";EST2024;S;06:00;21:33;"47";"6";"6";"0"
"71";BUS;"11358";EST2024;L;21:46;02:40;"12";"0";"0";"5"
"201";BUS;"10050";EST2024;L;20:43;00:46;"18";"0";"0";"9"
"542";BUS;"7384";EST2024;F;07:45;19:52;"25";"3";"4";"0"
"561";BUS;"13010";EST2024;S;08:10;20:46;"13";"1";"2";"0"
"927";BUS;"12820";EST2024;L;09:33;17:18;"16";"0";"4";"0"
"79";BUS;"8414";EST2024;L;06:35;21:59;"34";"5";"4";"0"
"89";BUS;"13953";EST2024;S;10:00;15:45;"4";"0";"2";"0"
"165";BUS;"10013";EST2024;S;05:13;00:32;"29";"3";"2";"1"
"121";BUS;"13987";EST2024;L;05:05;22:31;"70";"11";"6";"1"
"77";BUS;"13983";EST2024;L;05:35;21:48;"62";"9";"8";"0"
"121";BUS;"13986";EST2024;L;06:11;20:39;"30";"11";"0";"0"
"712";BUS;"13200";EST2024;S;06:10;00:50;"35";"6";"4";"2"
"51";BUS;"12972";EST2024;F;06:10;01:01;"60";"7";"6";"6"
"52";BUS;"12893";EST2024;L;06:00;22:27;"76";"12";"9";"1"
"4";TRAM;"3848";EST2024;L;06:44;19:25;"28";"12";"0";"0"
"701";BUS;"13661";EST2024;L;06:22;00:32;"48";"8";"4";"4"
"16";TRAM;"7793";EST2024;F;05:42;14:31;"6";"0";"0";"0"
"48";BUS;"8988";EST2024;F;06:41;20:55;"29";"4";"4";"0"
"59";BUS;"11347";EST2024;S;06:30;19:56;"63";"9";"9";"0"
"39";BUS;"11334";EST2024;S;06:00;15:30;"23";"8";"0";"0"
"61";BUS;"14039";EST2024;L;06:15;01:29;"83";"11";"9";"6"
"325";BUS;"13615";EST2024;L;06:10;01:35;"133";"25";"10";"4"
"433";BUS;"13438";EST2024;L;08:05;15:59;"5";"2";"0";"0"
"58";BUS;"11299";EST2024;S;06:26;01:42;"91";"14";"9";"6"
"82";BUS;"12963";EST2024;L;06:25;01:34;"81";"10";"8";"6"
"542";BUS;"7383";EST2024;L;07:07;20:00;"27";"5";"4";"0"
"713";BUS;"13092";EST2024;S;06:05;17:10;"35";"7";"6";"0"
"81";BUS;"6201";EST2024;L;06:05;22:20;"74";"11";"9";"0"
"82";BUS;"12963";EST2024;F;06:25;01:34;"56";"7";"6";"6"
"83";BUS;"5812";EST2024;L;06:34;01:40;"33";"5";"0";"8"
"49";BUS;"8090";EST2024;F;06:15;00:48;"72";"8";"7";"7"
"63";BUS;"10770";EST2024;F;06:17;01:37;"21";"1";"0";"8"
"63";BUS;"10770";EST2024;S;06:13;01:37;"35";"10";"0";"8"
"63";BUS;"11198";EST2024;S;06:35;19:56;"60";"10";"9";"0"
"70";BUS;"10096";EST2024;F;05:50;01:29;"32";"4";"0";"6"
"84";BUS;"9693";EST2024;F;06:20;01:24;"68";"8";"8";"6"
"84";BUS;"10124";EST2024;S;05:15;01:01;"99";"13";"11";"6"
"70";BUS;"9216";EST2024;L;05:27;02:03;"39";"1";"0";"6"
"924";BUS;"13158";EST2024;L;05:50;23:40;"32";"3";"5";"2"
"151";BUS;"12453";EST2024;L;01:24;01:22;"10";"0";"0";"0"
"973";BUS;"13864";EST2024;L;06:20;00:09;"20";"5";"4";"3"
"15";TRAM;"9902";EST2024;F;04:06;14:12;"8";"0";"0";"0"
"965";BUS;"13019";EST2024;S;17:10;20:40;"8";"0";"0";"0"
"38";BUS;"13706";EST2024;S;06:35;00:11;"38";"4";"4";"4"
"39";BUS;"13126";EST2024;L;06:28;20:00;"46";"13";"0";"0"
"166";BUS;"8843";EST2024;L;19:25;23:16;"5";"0";"0";"1"
"64";BUS;"10089";EST2024;F;06:06;01:10;"61";"6";"6";"6"
"328";BUS;"12130";EST2024;L;09:44;17:45;"15";"0";"4";"0"
"560";BUS;"9303";EST2024;L;05:30;20:52;"35";"5";"4";"0"
"64";BUS;"10089";EST2024;L;05:59;01:10;"94";"15";"10";"6"
"47";BUS;"12254";EST2024;F;06:00;01:11;"55";"6";"6";"5"
"154";BUS;"13871";EST2024;F;01:00;05:57;"10";"0";"0";"0"
"54";BUS;"13388";EST2024;S;06:28;21:52;"31";"4";"4";"0"
"2";TRAM;"9843";EST2024;S;04:53;06:40;"4";"0";"0";"0"
"924";BUS;"13158";EST2024;F;06:00;23:39;"25";"2";"2";"2"
"16";TRAM;"12162";EST2024;F;06:00;01:56;"76";"8";"7";"7"
"175";BUS;"11678";EST2024;S;09:10;12:48;"4";"0";"3";"0"
"95";BUS;"12491";EST2024;F;05:23;01:42;"80";"8";"7";"8"
"973";BUS;"13696";EST2024;L;06:33;09:46;"8";"5";"0";"0"
"15";TRAM;"9901";EST2024;S;01:45;02:33;"129";"13";"15";"8"
"65";BUS;"9746";EST2024;F;06:22;20:23;"40";"7";"5";"0"
"67";BUS;"583";EST2024;S;06:29;00:59;"94";"13";"10";"7"
"222";BUS;"11657";EST2024;S;04:50;00:47;"60";"10";"6";"2"
"925";BUS;"10149";EST2024;S;07:15;19:33;"25";"4";"4";"0"
"79";BUS;"9922";EST2024;L;06:05;22:17;"67";"9";"8";"0"
"83";BUS;"6736";EST2024;F;06:00;20:53;"52";"6";"6";"0"
"65";BUS;"9746";EST2024;S;06:22;20:25;"40";"7";"5";"0"
"705";BUS;"5785";EST2024;L;08:57;21:25;"6";"1";"0";"0"
"707";BUS;"13719";EST2024;S;06:30;21:31;"30";"4";"4";"0"
"24";TRAM;"11683";EST2024;F;06:07;02:01;"79";"6";"8";"8"
"53";BUS;"9629";EST2024;L;06:00;01:07;"99";"15";"11";"6"
"433";BUS;"13442";EST2024;L;09:41;20:11;"9";"0";"2";"0"
"925";BUS;"4703";EST2024;L;07:04;20:19;"40";"9";"4";"0"
"57";BUS;"13609";EST2024;L;04:50;21:24;"117";"19";"15";"0"
"83";BUS;"5804";EST2024;F;23:30;02:09;"4";"0";"0";"1"
"85";BUS;"13664";EST2024;L;06:27;00:55;"61";"8";"8";"6"
"88";BUS;"13142";EST2024;S;06:16;22:01;"37";"5";"5";"0"
"124";BUS;"13788";EST2024;F;02:05;06:07;"9";"0";"0";"0"
"19";TRAM;"9366";EST2024;F;05:54;00:55;"68";"7";"7";"6"
"43";BUS;"4705";EST2024;F;06:10;01:25;"71";"8";"8";"7"
"4";TRAM;"9160";EST2024;F;05:18;02:10;"84";"7";"7";"8"
"83";BUS;"6737";EST2024;L;20:54;22:25;"3";"0";"0";"0"
"63";BUS;"11197";EST2024;L;05:50;00:53;"54";"13";"0";"8"
"80";BUS;"10304";EST2024;S;01:45;20:06;"61";"7";"7";"0"
"27";TRAM;"11716";EST2024;F;05:56;02:09;"88";"9";"9";"8"
"79";BUS;"9922";EST2024;F;06:05;22:17;"53";"7";"7";"0"
"220";BUS;"10545";EST2024;S;05:20;00:51;"36";"4";"4";"1"
"66";BUS;"13807";EST2024;S;06:00;01:11;"38";"4";"4";"4"
"140";BUS;"12074";EST2024;L;06:30;20:14;"21";"6";"2";"0"
"85";BUS;"13665";EST2024;L;05:50;01:33;"75";"10";"8";"6"
"99";BUS;"11652";EST2024;L;06:35;22:15;"55";"8";"8";"1"
"34";BUS;"12112";EST2024;S;06:19;21:54;"40";"5";"5";"0"
"965";BUS;"13019";EST2024;L;06:20;23:30;"61";"12";"4";"2"
"16";TRAM;"7793";EST2024;S;04:32;16:44;"11";"0";"0";"0"
"5";TRAM;"6708";EST2024;F;04:52;01:27;"77";"7";"7";"7"
"61";BUS;"13774";EST2024;F;06:20;01:41;"58";"6";"6";"6"
"76";BUS;"12248";EST2024;S;06:10;21:51;"65";"9";"8";"0"
"63";BUS;"11198";EST2024;F;06:34;20:02;"47";"7";"7";"0"
"713";BUS;"7621";EST2024;L;06:05;00:27;"74";"12";"8";"4"
"925";BUS;"10146";EST2024;F;06:15;01:03;"13";"0";"0";"4"
"43";BUS;"11524";EST2024;F;06:10;00:51;"69";"8";"7";"6"
"3";TRAM;"3275";EST2024;F;06:00;01:32;"82";"8";"8";"7"
"151";BUS;"11202";EST2024;S;02:07;02:05;"10";"0";"0";"0"
"71";BUS;"11348";EST2024;F;06:05;21:42;"61";"8";"8";"0"
"31";TRAM;"4842";EST2024;L;05:20;07:15;"9";"0";"0";"0"
"68";BUS;"3001";EST2024;S;06:10;22:15;"48";"7";"5";"0"
"431";BUS;"11304";EST2024;S;06:30;19:24;"14";"1";"2";"0"
"95";BUS;"12490";EST2024;F;05:36;02:02;"81";"8";"7";"8"
"31";TRAM;"4842";EST2024;S;05:20;06:34;"5";"0";"0";"0"
"93";FILOBUS;"13972";EST2024;S;05:45;01:06;"92";"11";"10";"6"
"153";BUS;"13991";EST2024;S;00:25;05:43;"10";"0";"0";"0"
"7";TRAM;"8222";EST2024;S;20:02;01:55;"17";"0";"0";"6"
"230";BUS;"10567";EST2024;L;06:15;22:26;"47";"11";"4";"0"
"88";BUS;"13142";EST2024;L;06:10;22:01;"42";"6";"5";"0"
"69";BUS;"3732";EST2024;S;06:12;21:48;"47";"7";"7";"0"
"80";BUS;"10306";EST2024;S;05:54;01:47;"67";"5";"7";"6"
"727";BUS;"9175";EST2024;L;06:15;22:12;"49";"9";"4";"0"
"10";TRAM;"14035";EST2024;L;05:24;01:01;"105";"12";"12";"7"
"91";FILOBUS;"3578";EST2024;L;00:55;01:23;"186";"26";"17";"10"
"327";BUS;"12311";EST2024;S;06:33;19:52;"16";"6";"0";"0"
"51";BUS;"12972";EST2024;S;06:10;01:01;"68";"9";"7";"6"
"3";TRAM;"5065";EST2024;L;05:26;17:04;"9";"0";"0";"0"
"56";BUS;"3465";EST2024;L;05:53;01:54;"92";"14";"9";"5"
"27";TRAM;"11716";EST2024;L;04:58;02:09;"121";"16";"12";"8"
"325";BUS;"13615";EST2024;S;06:10;01:35;"78";"11";"10";"4"
"925";BUS;"4701";EST2024;L;06:15;01:20;"15";"1";"0";"4"
"77";BUS;"13983";EST2024;S;05:35;21:48;"52";"8";"6";"0"
"220";BUS;"10545";EST2024;L;05:20;00:51;"36";"4";"4";"1"
"50";BUS;"12913";EST2024;L;05:55;01:24;"120";"18";"11";"7"
"59";BUS;"11346";EST2024;S;19:50;21:49;"8";"0";"0";"0"
"702";BUS;"9982";EST2024;L;05:45;00:57;"56";"8";"7";"3"
"49";BUS;"8090";EST2024;S;06:03;00:49;"99";"16";"11";"7"
"65";BUS;"9747";EST2024;L;20:19;22:33;"8";"0";"0";"1"
"79";BUS;"9922";EST2024;S;06:05;22:17;"57";"9";"7";"0"
"83";BUS;"6736";EST2024;S;06:33;20:51;"55";"8";"8";"0"
"33";TRAM;"8260";EST2024;S;05:45;01:40;"72";"8";"7";"6"
"153";BUS;"13991";EST2024;L;00:25;06:13;"11";"0";"0";"0"
"174";BUS;"12521";EST2024;F;13:35;18:00;"9";"0";"0";"0"
"431";BUS;"11301";EST2024;S;06:55;19:50;"14";"1";"2";"0"
"98";BUS;"9899";EST2024;L;05:55;01:47;"112";"17";"12";"8"
"424";BUS;"4508";EST2024;L;06:30;19:32;"12";"5";"0";"0"
"63";BUS;"10769";EST2024;F;07:00;20:44;"48";"8";"7";"0"
"165";BUS;"9750";EST2024;F;06:45;01:07;"22";"1";"2";"2"
"528";BUS;"13136";EST2024;S;07:00;19:16;"11";"3";"0";"0"
"56";BUS;"3464";EST2024;F;06:09;01:31;"56";"6";"5";"5"
"69";BUS;"4405";EST2024;F;06:20;22:13;"34";"5";"4";"0"
"729";BUS;"5844";EST2024;F;04:42;06:02;"3";"0";"0";"0"
"45";BUS;"13453";EST2024;L;05:49;21:57;"71";"11";"8";"0"
"152";BUS;"14042";EST2024;F;01:10;02:01;"11";"0";"0";"0"
"80";BUS;"10306";EST2024;F;05:56;01:47;"70";"8";"7";"6"
"83";BUS;"5812";EST2024;S;21:35;01:40;"13";"0";"0";"8"
"85";BUS;"13664";EST2024;F;06:46;00:53;"53";"6";"6";"6"
"16";TRAM;"12162";EST2024;S;05:00;01:56;"100";"11";"10";"8"
"59";BUS;"11346";EST2024;F;06:30;21:49;"61";"8";"8";"0"
"328";BUS;"10537";EST2024;L;06:43;21:57;"33";"6";"4";"0"
"566";BUS;"7655";EST2024;L;06:50;19:10;"12";"1";"2";"0"
"783";BUS;"9778";EST2024;L;05:40;21:30;"54";"7";"6";"0"
"65";BUS;"8402";EST2024;S;06:15;22:02;"46";"6";"6";"0"
"68";BUS;"7565";EST2024;F;06:10;22:20;"48";"7";"5";"0"
"172";BUS;"10590";EST2024;F;13:35;17:38;"5";"0";"0";"0"
"127";BUS;"13790";EST2024;F;02:02;05:28;"7";"0";"0";"0"
"121";BUS;"13987";EST2024;F;07:15;22:31;"21";"3";"3";"1"
"325";BUS;"13615";EST2024;F;06:20;01:35;"70";"8";"9";"4"
"925";BUS;"4701";EST2024;F;06:30;01:18;"13";"1";"0";"4"
"46";BUS;"11343";EST2024;F;06:23;21:32;"34";"4";"4";"0"
"328";BUS;"12130";EST2024;S;10:40;17:11;"7";"0";"2";"0"
"90";FILOBUS;"4086";EST2024;S;00:55;01:02;"147";"16";"16";"9"
"38";BUS;"13706";EST2024;L;06:35;00:11;"49";"6";"6";"4"
"201";BUS;"12132";EST2024;S;06:10;20:37;"37";"5";"4";"0"
"86";BUS;"14016";EST2024;F;06:00;22:15;"59";"8";"6";"0"
"95";BUS;"12490";EST2024;S;05:36;02:02;"107";"13";"11";"8"
"42";BUS;"8174";EST2024;F;00:50;00:54;"63";"5";"6";"6"
"423";BUS;"8056";EST2024;S;08:00;20:29;"22";"2";"3";"0"
"47";BUS;"10072";EST2024;S;06:24;01:19;"64";"8";"7";"4"
"16";TRAM;"13283";EST2024;L;04:45;00:36;"85";"7";"11";"6"
"14";TRAM;"12603";EST2024;S;05:50;00:47;"107";"14";"12";"8"
"151";BUS;"11202";EST2024;L;02:07;02:05;"10";"0";"0";"0"
"327";BUS;"12309";EST2024;S;05:50;23:57;"47";"7";"6";"2"
"69";BUS;"13676";EST2024;L;06:00;21:33;"54";"8";"7";"0"
"92";FILOBUS;"12761";EST2024;S;06:10;00:52;"84";"11";"10";"6"
"47";BUS;"12254";EST2024;L;06:00;01:11;"72";"10";"7";"5"
"33";TRAM;"7693";EST2024;S;05:28;02:16;"74";"8";"7";"6"
"700";BUS;"8599";EST2024;L;05:30;23:40;"74";"11";"8";"3"
"125";BUS;"10294";EST2024;F;00:53;05:30;"9";"0";"0";"0"
"2";TRAM;"4664";EST2024;F;20:59;02:08;"5";"0";"0";"1"
"701";BUS;"7181";EST2024;S;06:15;19:33;"11";"2";"0";"0"
"15";TRAM;"9903";EST2024;L;00:56;01:29;"135";"20";"13";"8"
"50";BUS;"12962";EST2024;S;01:55;01:56;"104";"13";"10";"7"
"39";BUS;"13125";EST2024;S;05:57;22:01;"39";"0";"7";"0"
"91";FILOBUS;"3578";EST2024;S;00:55;01:23;"147";"16";"15";"10"
"542";BUS;"7383";EST2024;S;07:17;20:00;"27";"5";"4";"0"
"925";BUS;"10149";EST2024;L;07:13;19:32;"28";"4";"5";"0"
"433";BUS;"13441";EST2024;S;09:00;19:13;"2";"0";"0";"0"
"701";BUS;"10097";EST2024;L;05:45;19:17;"13";"4";"0";"0"
"164";BUS;"14022";EST2024;S;05:00;02:22;"88";"11";"9";"5"
"79";BUS;"8414";EST2024;F;06:20;21:59;"26";"3";"4";"0"
"61";BUS;"14039";EST2024;F;06:30;01:29;"57";"6";"6";"6"
"56";BUS;"480";EST2024;S;05:26;01:44;"61";"7";"7";"4"
"2";TRAM;"4664";EST2024;L;10:55;02:09;"9";"0";"1";"1"
"39";BUS;"13126";EST2024;S;06:27;15:52;"23";"10";"0";"0"
"55";BUS;"479";EST2024;L;06:55;19:38;"60";"11";"9";"0"
"64";BUS;"10300";EST2024;S;06:00;01:35;"67";"9";"7";"5"
"151";BUS;"11202";EST2024;F;02:07;02:05;"12";"0";"0";"0"
"71";BUS;"11358";EST2024;S;21:46;02:40;"12";"0";"0";"5"
"201";BUS;"10050";EST2024;S;20:43;00:46;"18";"0";"0";"9"
"7";TRAM;"7210";EST2024;S;06:01;20:39;"65";"10";"8";"0"
"76";BUS;"12248";EST2024;L;06:10;21:51;"68";"9";"8";"0"
"92";FILOBUS;"12759";EST2024;S;06:06;01:44;"89";"11";"10";"6"
"31";TRAM;"7212";EST2024;L;00:17;02:27;"5";"0";"0";"0"
"140";BUS;"12073";EST2024;S;05:50;18:33;"13";"3";"2";"0"
"325";BUS;"13639";EST2024;L;05:47;01:05;"132";"26";"10";"4"
"45";BUS;"13457";EST2024;S;06:11;22:12;"51";"7";"6";"0"
"433";BUS;"13439";EST2024;L;05:30;18:25;"14";"2";"2";"0"
"925";BUS;"4703";EST2024;F;07:16;19:23;"15";"3";"2";"0"
"55";BUS;"9941";EST2024;S;06:14;21:46;"13";"0";"0";"0"
"57";BUS;"13611";EST2024;F;00:50;01:01;"18";"0";"0";"6"
"566";BUS;"12842";EST2024;L;06:45;19:34;"15";"3";"2";"0"
"24";TRAM;"11684";EST2024;F;05:31;14:30;"5";"0";"0";"0"
"140";BUS;"12073";EST2024;L;05:50;20:58;"23";"3";"2";"0"
"31";TRAM;"6777";EST2024;F;23:43;01:54;"5";"0";"0";"1"
"40";BUS;"12968";EST2024;L;06:24;19:36;"30";"12";"0";"0"
"79";BUS;"8413";EST2024;L;06:20;22:16;"35";"4";"4";"0"
"327";BUS;"12305";EST2024;S;06:23;18:16;"9";"3";"0";"0"
"528";BUS;"9319";EST2024;S;06:28;22:16;"37";"3";"6";"1"
"561";BUS;"13007";EST2024;S;06:40;22:38;"18";"4";"2";"1"
"164";BUS;"14023";EST2024;F;05:40;01:52;"72";"7";"8";"6"
"44";BUS;"14010";EST2024;S;05:46;22:15;"72";"9";"8";"0"
"89";BUS;"13952";EST2024;L;06:20;21:01;"36";"9";"2";"0"
"62";BUS;"5099";EST2024;S;06:05;00:32;"68";"9";"7";"5"
"71";BUS;"11348";EST2024;L;06:05;21:42;"85";"14";"11";"0"
"81";BUS;"10006";EST2024;S;05:45;21:47;"65";"11";"7";"0"
"176";BUS;"2983";EST2024;F;08:07;17:57;"40";"4";"8";"0"
"353";BUS;"8839";EST2024;F;06:47;00:36;"38";"2";"3";"4"
"86";BUS;"14015";EST2024;L;05:30;21:58;"71";"11";"8";"0"
"433";BUS;"13441";EST2024;L;09:00;19:20;"8";"0";"2";"0"
"9";TRAM;"9964";EST2024;S;05:35;02:19;"130";"14";"14";"12"
"90";FILOBUS;"3575";EST2024;L;01:30;01:57;"190";"26";"17";"9"
"93";FILOBUS;"13974";EST2024;L;05:55;00:36;"135";"25";"13";"6"
"151";BUS;"12453";EST2024;S;01:24;01:22;"10";"0";"0";"0"
"327";BUS;"12309";EST2024;F;05:50;23:57;"38";"2";"4";"2"
"74";BUS;"14025";EST2024;F;06:14;02:21;"71";"8";"8";"5"
"82";BUS;"9212";EST2024;S;06:00;01:03;"68";"8";"7";"6"
"171";BUS;"7894";EST2024;S;08:10;17:53;"76";"7";"17";"0"
"45";BUS;"13457";EST2024;F;06:10;22:12;"51";"7";"6";"0"
"47";BUS;"10072";EST2024;L;06:24;01:19;"70";"10";"7";"4"
"153";BUS;"14000";EST2024;F;00:37;06:40;"12";"0";"0";"0"
"713";BUS;"7616";EST2024;L;06:00;00:27;"74";"12";"8";"4"
"924";BUS;"13156";EST2024;S;07:51;08:27;"1";"1";"0";"0"
"55";BUS;"12442";EST2024;S;07:04;19:37;"19";"4";"3";"0"
"124";BUS;"13787";EST2024;S;02:35;05:47;"7";"0";"0";"0"
"713";BUS;"7621";EST2024;S;17:00;00:27;"19";"0";"0";"4"
"79";BUS;"4243";EST2024;L;07:34;08:47;"2";"2";"0";"0"
"85";BUS;"13664";EST2024;S;06:28;00:53;"61";"8";"7";"6"
"42";BUS;"8174";EST2024;S;00:50;00:54;"80";"9";"8";"6"
"90";FILOBUS;"3575";EST2024;S;01:30;01:57;"147";"16";"16";"9"
"965";BUS;"13494";EST2024;S;05:45;17:30;"30";"8";"4";"0"
"164";BUS;"14022";EST2024;L;05:00;02:23;"97";"14";"9";"5"
"14";TRAM;"12603";EST2024;L;05:50;00:47;"117";"17";"13";"8"
"35";BUS;"13966";EST2024;F;06:15;01:04;"45";"5";"4";"5"
"5";TRAM;"6708";EST2024;S;04:52;01:27;"93";"12";"9";"7"
"15";TRAM;"9902";EST2024;S;00:14;08:32;"15";"3";"0";"0"
"27";TRAM;"11709";EST2024;S;05:27;02:08;"105";"12";"11";"8"
"24";TRAM;"11683";EST2024;L;05:53;02:01;"143";"22";"15";"8"
"924";BUS;"13158";EST2024;S;05:50;23:39;"7";"0";"0";"2"
"57";BUS;"7542";EST2024;L;05:39;20:48;"115";"20";"15";"0"
"9";TRAM;"9964";EST2024;F;05:35;02:17;"113";"10";"13";"12"
"166";BUS;"8842";EST2024;S;05:35;19:33;"27";"4";"4";"0"
"43";BUS;"4705";EST2024;S;06:08;01:25;"80";"11";"9";"7"
"176";BUS;"2982";EST2024;F;08:02;17:52;"40";"4";"8";"0"
"52";BUS;"12894";EST2024;L;06:00;22:40;"77";"12";"9";"1"
"126";BUS;"9970";EST2024;S;01:01;05:36;"9";"0";"0";"0"
"705";BUS;"13373";EST2024;S;07:22;14:51;"9";"3";"0";"0"
"41";BUS;"12712";EST2024;F;06:03;00:43;"50";"5";"5";"6"
"59";BUS;"11345";EST2024;S;06:05;20:01;"65";"9";"9";"0"
"62";BUS;"7123";EST2024;L;06:05;01:02;"94";"14";"10";"6"
"53";BUS;"9629";EST2024;F;06:25;01:07;"63";"6";"6";"6"
"89";BUS;"13957";EST2024;L;06:40;20:42;"32";"7";"3";"0"
"44";BUS;"14010";EST2024;L;05:46;22:15;"83";"13";"8";"0"
"321";BUS;"12293";EST2024;F;07:10;01:24;"31";"4";"4";"1"
"77";BUS;"13982";EST2024;S;06:05;06:34;"1";"0";"0";"0"
"52";BUS;"12894";EST2024;S;06:00;22:40;"68";"9";"8";"1"
"328";BUS;"10539";EST2024;S;06:25;21:21;"33";"6";"4";"0"
"973";BUS;"13842";EST2024;L;06:42;12:23;"13";"5";"4";"0"
"84";BUS;"9693";EST2024;L;05:35;01:24;"103";"16";"13";"6"
"66";BUS;"13807";EST2024;L;06:00;01:11;"60";"9";"6";"4"
"424";BUS;"4508";EST2024;S;06:40;14:42;"6";"4";"0";"0"
"50";BUS;"12962";EST2024;L;06:25;01:56;"121";"17";"11";"7"
"66";BUS;"13803";EST2024;L;05:58;00:34;"58";"10";"6";"3"
"165";BUS;"10013";EST2024;L;05:13;00:32;"51";"4";"4";"1"
"902";BUS;"13840";EST2024;S;06:45;20:54;"18";"4";"2";"0"
"15";TRAM;"9903";EST2024;F;04:42;01:29;"78";"7";"7";"8"
"81";BUS;"6203";EST2024;L;22:17;01:20;"12";"0";"0";"7"
"154";BUS;"13870";EST2024;S;00:30;05:57;"11";"0";"0";"0"
"166";BUS;"8842";EST2024;L;05:35;19:50;"35";"6";"4";"0"
"49";BUS;"8093";EST2024;F;06:10;01:21;"75";"7";"8";"7"
"68";BUS;"7565";EST2024;L;06:10;22:20;"56";"7";"7";"0"
"126";BUS;"9971";EST2024;S;00:43;05:40;"11";"0";"0";"0"
"125";BUS;"10011";EST2024;L;00:25;05:19;"11";"0";"0";"0"
"7";TRAM;"7210";EST2024;L;06:01;20:39;"59";"8";"8";"0"
"43";BUS;"11524";EST2024;S;06:10;00:51;"77";"11";"9";"6"
"16";TRAM;"7796";EST2024;F;21:02;02:06;"7";"0";"0";"2"
"33";TRAM;"7693";EST2024;L;05:28;02:16;"91";"12";"8";"6"
"925";BUS;"4702";EST2024;L;07:33;18:36;"29";"9";"0";"0"
"57";BUS;"7543";EST2024;F;01:44;01:40;"21";"0";"0";"6"
"64";BUS;"10303";EST2024;S;08:19;21:38;"15";"2";"2";"0"
"33";TRAM;"8260";EST2024;F;05:45;01:40;"67";"6";"7";"6"
"41";BUS;"12916";EST2024;F;06:00;00:18;"49";"6";"5";"6"
"87";BUS;"8806";EST2024;F;06:02;01:25;"61";"6";"6";"5"
"322";BUS;"12273";EST2024;F;06:35;23:56;"18";"2";"2";"2"
"201";BUS;"12133";EST2024;F;20:52;00:55;"18";"0";"0";"9"
"44";BUS;"14010";EST2024;F;05:46;22:15;"53";"7";"6";"0"
"62";BUS;"7123";EST2024;F;06:15;01:02;"51";"6";"6";"6"
"71";BUS;"11350";EST2024;S;21:46;02:12;"11";"0";"0";"5"
"222";BUS;"11657";EST2024;L;04:50;00:47;"79";"10";"8";"2"
"351";BUS;"12021";EST2024;L;07:01;23:01;"40";"7";"3";"1"
"973";BUS;"13830";EST2024;L;06:42;09:27;"7";"5";"0";"0"
"2";TRAM;"4664";EST2024;S;19:42;02:10;"7";"0";"0";"0"
"151";BUS;"12453";EST2024;F;01:24;01:22;"11";"0";"0";"0"
"45";BUS;"13914";EST2024;S;05:12;22:17;"20";"7";"0";"1"
"51";BUS;"12976";EST2024;F;05:50;01:40;"64";"7";"7";"6"
"80";BUS;"8119";EST2024;S;01:25;21:11;"61";"7";"8";"0"
"201";BUS;"12132";EST2024;L;06:10;20:42;"44";"8";"4";"0"
"41";BUS;"12916";EST2024;L;06:00;00:18;"64";"8";"6";"6"
"94";BUS;"13760";EST2024;S;01:40;01:31;"102";"11";"11";"6"
"433";BUS;"13439";EST2024;F;09:29;19:25;"8";"0";"1";"0"
"328";BUS;"10539";EST2024;F;06:50;21:26;"31";"4";"4";"0"
"69";BUS;"3732";EST2024;L;06:11;21:48;"55";"10";"6";"0"
"83";BUS;"6737";EST2024;S;20:38;22:25;"6";"0";"0";"0"
"165";BUS;"9750";EST2024;L;05:45;01:07;"62";"8";"4";"2"
"709";BUS;"7285";EST2024;L;07:05;19:22;"10";"3";"0";"0"
"708";BUS;"9779";EST2024;S;06:20;20:29;"32";"7";"4";"0"
"925";BUS;"10148";EST2024;L;06:58;20:12;"41";"9";"4";"0"
"708";BUS;"9779";EST2024;L;06:20;20:30;"36";"6";"6";"0"
"708";BUS;"10386";EST2024;L;06:30;20:51;"39";"3";"6";"0"
"12";TRAM;"12574";EST2024;S;05:25;00:33;"90";"11";"11";"6"
"81";BUS;"10007";EST2024;F;21:55;00:58;"12";"0";"0";"8"
"98";BUS;"9899";EST2024;S;05:55;01:47;"91";"10";"9";"8"
"57";BUS;"7542";EST2024;S;04:44;21:00;"80";"14";"10";"0"
"98";BUS;"13915";EST2024;F;05:52;01:17;"76";"8";"8";"8"
"55";BUS;"475";EST2024;L;06:30;19:07;"60";"10";"9";"0"
"325";BUS;"13639";EST2024;F;05:55;01:05;"70";"9";"10";"4"
"965";BUS;"13019";EST2024;F;07:30;20:00;"12";"3";"1";"0"
"1";TRAM;"10737";EST2024;L;07:55;20:49;"17";"4";"0";"0"
"353";BUS;"8838";EST2024;S;06:50;00:23;"25";"3";"2";"3"
"901";BUS;"13996";EST2024;L;06:00;20:56;"28";"5";"3";"0"
"973";BUS;"13864";EST2024;S;06:20;00:11;"36";"6";"4";"3"
"65";BUS;"9747";EST2024;F;20:02;22:33;"7";"0";"0";"1"
"41";BUS;"12917";EST2024;S;06:00;00:18;"49";"6";"5";"6"
"433";BUS;"13436";EST2024;F;10:10;20:03;"8";"0";"2";"0"
"327";BUS;"12310";EST2024;S;06:58;19:10;"9";"3";"0";"0"
"46";BUS;"11405";EST2024;S;06:15;21:23;"36";"5";"5";"0"
"153";BUS;"13991";EST2024;F;00:25;06:43;"12";"0";"0";"0"
"729";BUS;"322";EST2024;F;06:00;01:23;"50";"4";"4";"6"
"94";BUS;"13760";EST2024;L;06:18;00:38;"123";"21";"14";"6"
"151";BUS;"13540";EST2024;S;01:27;02:07;"12";"0";"0";"0"
"166";BUS;"8843";EST2024;F;06:00;23:16;"21";"2";"2";"1"
"713";BUS;"7621";EST2024;F;06:00;00:27;"37";"4";"4";"4"
"10";TRAM;"14034";EST2024;L;05:14;00:32;"104";"14";"11";"6"
"40";BUS;"6692";EST2024;L;06:05;01:46;"101";"12";"12";"6"
"88";BUS;"13399";EST2024;L;06:00;21:43;"42";"6";"5";"0"
"702";BUS;"9984";EST2024;S;05:40;23:48;"34";"5";"4";"2"
"925";BUS;"4701";EST2024;S;06:30;01:18;"14";"1";"0";"4"
"31";TRAM;"7214";EST2024;S;05:40;23:45;"86";"11";"10";"5"
"171";BUS;"7893";EST2024;F;08:05;17:48;"76";"8";"17";"0"
"171";BUS;"7894";EST2024;L;08:10;17:50;"41";"4";"8";"0"
"701";BUS;"13659";EST2024;L;06:05;00:07;"47";"8";"4";"4"
"24";TRAM;"11628";EST2024;L;05:20;02:30;"160";"24";"16";"8"
"53";BUS;"9629";EST2024;S;06:00;01:07;"90";"12";"11";"6"
"78";BUS;"10492";EST2024;L;05:55;22:29;"73";"12";"9";"0"
"325";BUS;"13617";EST2024;S;05:12;19:50;"29";"7";"0";"0"
"702";BUS;"9984";EST2024;F;06:00;23:48;"18";"2";"2";"2"
"10";TRAM;"14035";EST2024;F;05:27;01:01;"73";"7";"7";"6"
"19";TRAM;"9367";EST2024;F;04:48;06:11;"2";"0";"0";"0"
"90";FILOBUS;"4086";EST2024;F;00:55;01:02;"96";"8";"9";"8"
"728";BUS;"7607";EST2024;F;05:45;01:19;"39";"4";"4";"4"
"34";BUS;"13768";EST2024;L;06:00;21:40;"62";"10";"7";"0"
"705";BUS;"13374";EST2024;L;06:30;21:03;"46";"8";"4";"0"
"705";BUS;"13374";EST2024;S;06:30;21:03;"38";"6";"4";"0"
"115";BUS;"13786";EST2024;F;02:03;05:26;"7";"0";"0";"0"
"54";BUS;"13387";EST2024;L;05:50;02:00;"92";"12";"10";"7"
"707";BUS;"13721";EST2024;L;06:10;21:42;"28";"4";"4";"0"
"4";TRAM;"9158";EST2024;L;04:45;01:36;"104";"11";"11";"8"
"27";TRAM;"11713";EST2024;L;09:46;02:28;"7";"0";"1";"0"
"132";BUS;"12196";EST2024;S;05:55;00:37;"39";"7";"4";"2"
"973";BUS;"13828";EST2024;S;06:20;00:56;"37";"6";"4";"3"
"321";BUS;"12290";EST2024;L;05:40;00:44;"42";"9";"4";"1"
"351";BUS;"12021";EST2024;S;07:05;22:57;"31";"5";"3";"1"
"353";BUS;"8838";EST2024;L;06:50;00:23;"33";"6";"3";"3"
"51";BUS;"12976";EST2024;L;05:50;01:40;"86";"10";"9";"6"
"76";BUS;"12248";EST2024;F;06:10;21:51;"51";"7";"7";"0"
"701";BUS;"7181";EST2024;L;06:15;19:34;"11";"2";"0";"0"
"783";BUS;"8332";EST2024;L;06:05;21:14;"51";"7";"6";"0"
"78";BUS;"10492";EST2024;F;05:52;22:29;"49";"6";"6";"0"
"92";FILOBUS;"10552";EST2024;F;06:08;17:54;"41";"8";"7";"0"
"561";BUS;"13009";EST2024;L;07:15;23:15;"21";"5";"2";"1"
"38";BUS;"13706";EST2024;F;06:35;00:11;"38";"4";"4";"4"
"55";BUS;"9941";EST2024;F;06:14;21:45;"13";"0";"0";"0"
"727";BUS;"12198";EST2024;L;05:40;22:11;"55";"4";"4";"0"
"88";BUS;"8655";EST2024;S;05:45;21:56;"38";"5";"5";"0"
"561";BUS;"13010";EST2024;F;10:40;18:15;"4";"0";"1";"0"
"1";TRAM;"10735";EST2024;L;06:42;19:28;"17";"6";"0";"0"
"55";BUS;"479";EST2024;S;06:55;19:36;"52";"9";"9";"0"
"902";BUS;"13840";EST2024;L;06:32;21:07;"28";"5";"4";"0"
"7";TRAM;"8222";EST2024;L;06:46;01:56;"47";"9";"0";"6"
"48";BUS;"8988";EST2024;S;06:41;20:55;"29";"4";"4";"0"
"58";BUS;"11299";EST2024;L;06:26;01:42;"93";"12";"11";"6"
"322";BUS;"12271";EST2024;L;06:10;00:30;"62";"13";"4";"2"
"220";BUS;"10547";EST2024;S;06:25;21:16;"29";"4";"4";"0"
"729";BUS;"322";EST2024;S;05:50;01:23;"58";"6";"6";"6"
"45";BUS;"13914";EST2024;F;21:40;22:17;"2";"0";"0";"1"
"230";BUS;"8451";EST2024;L;06:25;22:54;"46";"12";"4";"1"
"45";BUS;"13453";EST2024;S;05:49;21:57;"52";"7";"7";"0"
"52";BUS;"12893";EST2024;F;06:00;22:27;"53";"7";"7";"1"
"566";BUS;"7655";EST2024;S;06:50;19:10;"10";"1";"1";"0"
"31";TRAM;"6782";EST2024;F;05:56;00:25;"64";"6";"6";"5"
"87";BUS;"8806";EST2024;L;06:00;01:25;"70";"6";"9";"5"
"423";BUS;"8230";EST2024;S;06:30;19:52;"24";"5";"3";"0"
"901";BUS;"13999";EST2024;S;06:45;21:41;"24";"4";"3";"0"
"542";BUS;"7384";EST2024;S;07:10;19:52;"27";"5";"4";"0"
"566";BUS;"12395";EST2024;L;06:25;18:45;"14";"2";"1";"0"
"99";BUS;"11652";EST2024;F;06:35;22:15;"32";"4";"4";"1"
"74";BUS;"14024";EST2024;S;05:08;01:48;"85";"11";"9";"6"
"81";BUS;"10006";EST2024;F;05:45;21:47;"55";"7";"7";"0"
"127";BUS;"13789";EST2024;S;01:28;05:53;"9";"0";"0";"0"
"31";TRAM;"7212";EST2024;F;00:17;02:27;"5";"0";"0";"0"
"1";TRAM;"9457";EST2024;S;05:32;02:14;"95";"11";"11";"6"
"63";BUS;"10770";EST2024;L;06:13;01:37;"56";"13";"0";"8"
"3";TRAM;"3533";EST2024;S;05:56;02:11;"105";"12";"11";"8"
